k,i,j,cycle
2,1,1,[1, 4, 2]
2,1,2,[3, 12, 6]
2,1,5,[9, 36, 18]
5,1,1,[4, 40, 8, 60, 12, 80, 16, 100, 20]
5,1,2,[9, 90, 18, 135, 27, 180, 36, 225, 45]
5,1,5,[24, 240, 48, 360, 72, 480, 96, 600, 120]
5,1,11,[54, 540, 108, 810, 162, 1080, 216, 1350, 270]
5,1,13,[64, 640, 128, 960, 192, 1280, 256, 1600, 320]
7,1,20,[11, 644, 92, 875, 125, 1834, 262, 2513, 359, 3150, 450, 3878, 554, 4571, 653, 5502, 786, 6566, 938, 134, 1211, 173, 2079, 297, 2793, 399, 57, 595, 85, 819, 117, 1631, 233, 2142, 306, 3143, 449, 3731, 533, 4403, 629, 5866, 838, 7399, 1057, 151, 1764, 252, 36, 427, 61, 1183, 169, 1491, 213, 2121, 303, 2702, 386, 3227, 461, 4522, 646, 5446, 778, 6363, 909, 8106, 1158, 9681, 1383, 11620, 1660, 13419, 1917, 16170, 2310, 330, 2779, 397, 3871, 553, 79, 910, 130, 1596, 228, 2380, 340, 3276, 468, 4578, 654, 5649, 807, 6734, 962, 8113, 1159, 9828, 1404, 11788, 1684, 14028, 2004, 16310, 2330, 19474, 2782, 22673, 3239, 26607, 3801, 543, 4900, 700, 100, 1078, 154, 22, 315, 45, 777, 111, 1722, 246, 2107, 301, 43, 483, 69, 1386, 198, 1862, 266, 38, 721, 103, 1519, 217, 31, 665, 95, 1316, 188, 2338, 334, 3367, 481, 4543, 649, 5887, 841, 6867, 981, 7987, 1141, 163, 1582, 226, 2086, 298, 2940, 420, 60, 1036, 148, 1323, 189, 27, 1050, 150, 1617, 231, 33, 959, 137, 1652, 236, 2583, 369, 3647, 521, 4585, 655, 5796, 828, 6902, 986, 8722, 1246, 178, 1841, 263, 2660, 380, 3318, 474, 4487, 641, 5684, 812, 116, 1484, 212, 1974, 282, 2534, 362, 3591, 513, 4382, 626, 5425, 775, 6895, 985, 8575, 1225, 175, 25, 756, 108, 1281, 183, 1603, 229, 2527, 361, 3444, 492, 4214, 602, 86, 966, 138, 1799, 257, 2751, 393, 3283, 469, 67, 1092, 156, 1526, 218, 1883, 269, 2569, 367, 3353, 479, 4249, 607, 5551, 793, 6622, 946, 7707, 1101, 9086, 1298, 10801, 1543, 12761, 1823, 15001, 2143, 17283, 2469, 20447, 2921, 23646, 3378, 27580, 3940, 32354, 4622, 37254, 5322, 42854, 6122, 49532, 7076, 57442, 8206, 65926, 9418, 75761, 10823, 86723, 12389, 99946, 14278, 114919, 16417, 131614, 18802, 2686, 22183, 3169, 26047, 3721, 30324, 4332, 35490, 5070, 40838, 5834, 47089, 6727, 961, 7966, 1138, 9660, 1380, 11179, 1597, 12915, 1845, 15316, 2188, 18060, 2580, 21196, 3028, 24780, 3540, 29015, 4145, 33299, 4757, 38612, 5516, 788, 6860, 980, 140, 20, 994, 142, 1414, 202, 2450, 350, 50, 539, 77]
11,1,3,[32, 704, 64, 1056, 96, 1408, 128, 1760, 160, 2112, 192, 2464, 224, 2816, 256, 3168, 288, 3520, 320, 3872, 352]
11,1,5,[54, 1188, 108, 1782, 162, 2376, 216, 2970, 270, 3564, 324, 4158, 378, 4752, 432, 5346, 486, 5940, 540, 6534, 594]
11,1,22,[136, 2596, 236, 4037, 367, 5368, 488, 6820, 620, 8404, 764, 10373, 943, 13244, 1204, 15653, 1423, 18040, 1640, 19921, 1811, 23419, 2129, 26994, 2454, 29689, 2699, 33352, 3032, 38071, 3461, 43219, 3929, 47630, 4330, 53647, 4877, 59488, 5408, 66583, 6053, 73359, 6669, 80751, 7341, 89056, 8096, 736, 11242, 1022, 14674, 1334, 16731, 1521, 18975, 1725, 22869, 2079, 189, 2750, 250, 4928, 448, 7304, 664, 8932, 812, 11913, 1083, 14201, 1291, 16456, 1496]
11,1,25,[92, 2200, 200, 2948, 268, 4312, 392, 6622, 602, 9416, 856, 12738, 1158, 14718, 1338, 17974, 1634, 21252, 1932, 25102, 2282, 28754, 2614, 33286, 3026, 36586, 3326, 41008, 3728, 47476, 4316, 52888, 4808, 57970, 5270, 63514, 5774, 72028, 6548, 79398, 7218, 87164, 7924, 96184, 8744, 107668, 9788, 119922, 10902, 131098, 11918, 144386, 13126, 158334, 14394, 174372, 15852, 190498, 17318, 208912, 18992, 229548, 20868, 250690, 22790, 275946, 25086, 302676, 27516, 331562, 30142, 362252, 32932, 397650, 36150, 434896, 39536, 474980, 43180, 519530, 47230, 568678, 51698, 622842, 56622, 680834, 61894, 744920, 67720, 813736, 73976, 887986, 80726, 970904, 88264, 8024, 97658, 8878, 106810, 9710, 118712, 10792, 129778, 11798, 143220, 13020, 158158, 14378, 172810, 15710, 189068, 17188, 207900, 18900, 227348, 20668, 250756, 22796, 274648, 24968, 302082, 27462, 331188, 30108, 361570, 32870, 394988, 35908, 431992, 39272, 471812, 42892, 515526, 46866, 564036, 51276, 616682, 56062, 674388, 61308, 737066, 67006, 805442, 73222, 880308, 80028, 961158, 87378, 1049906, 95446, 1148092, 104372, 1253560, 113960, 10360, 126786, 11526, 140778, 12798, 154946, 14086, 170676, 15516, 187836, 17076, 206008, 18728, 226380, 20580, 249700, 22700, 274318, 24938, 299530, 27230, 328130, 29830, 360426, 32766, 395384, 35944, 433246, 39386, 474276, 43116, 519310, 47210, 568986, 51726, 621808, 56528, 681076, 61916, 745184, 67744, 814572, 74052, 6732, 612, 9262, 842, 11748, 1068, 13090, 1190, 14828, 1348, 17820, 1620, 20262, 1842, 23474, 2134, 194, 4246, 386, 4906, 446, 6996, 636, 10098, 918, 12386, 1126, 14608, 1328, 18128, 1648, 22242, 2022, 26730, 2430, 31900, 2900, 36718, 3338, 41426, 3766, 46288, 4208, 52140, 4740, 59620, 5420, 67232, 6112, 75262, 6842, 622, 9108, 828, 10758, 978, 14476, 1316, 17710, 1610, 20416, 1856, 24464, 2224, 27236, 2476, 29986, 2726, 35178, 3198, 40568, 3688, 45078, 4098, 50820, 4620, 420, 5588, 508, 6644, 604, 9988, 908, 12540, 1140, 15598, 1418, 19756, 1796, 22374, 2034, 27148, 2468, 30712, 2792, 35970, 3270, 40062, 3642, 43978, 3998, 49346, 4486, 56298, 5118, 62238, 5658, 68992, 6272, 75812, 6892, 84348, 7668, 92290, 8390, 102872, 9352, 112772, 10252, 932, 13376, 1216, 16236, 1476, 18260, 1660, 22660, 2060, 25542, 2322, 28138, 2558, 32340, 2940, 36102, 3282, 40480, 3680, 45804, 4164, 51612, 4692, 57948, 5268, 65956, 5996, 72226, 6566, 81532, 7412, 91410, 8310, 101090, 9190, 111650, 10150, 123992, 11272, 137456, 12496, 1136, 14454, 1314, 17138, 1558, 20614, 1874, 23584, 2144, 28468, 2588, 31878, 2898, 36146, 3286, 41624, 3784, 344, 4950, 450, 8140, 740, 9702, 882, 11132, 1012]
13,1,5,[64, 1664, 128, 2496, 192, 3328, 256, 4160, 320, 4992, 384, 5824, 448, 6656, 512, 7488, 576, 8320, 640, 9152, 704, 9984, 768, 10816, 832]
13,1,30,[76, 5343, 411, 8866, 682, 11882, 914, 14352, 1104, 20124, 1548, 22061, 1697, 26481, 2037, 32019, 2463, 36816, 2832, 43927, 3379, 51974, 3998, 58695, 4515, 64766, 4982, 70915, 5455, 79482, 6114, 87152, 6704, 97357, 7489, 105235, 8095, 116831, 8987, 127374, 9798, 140673, 10821, 153439, 11803, 169910, 13070, 184925, 14225, 200317, 15409, 217282, 16714, 237497, 18269, 257322, 19794, 280228, 21556, 302562, 23274, 327392, 25184, 353743, 27211, 381732, 29364, 414986, 31922, 449631, 34587, 486941, 37457, 525954, 40458, 567190, 43630, 611598, 47046, 663312, 51024, 719004, 55308, 776646, 59742, 839111, 64547, 904436, 69572, 977509, 75193, 1053091, 81007, 1135654, 87358, 1227291, 94407, 1322087, 101699, 7823, 113412, 8724, 122525, 9425, 725, 14040, 1080, 15509, 1193, 20592, 1584, 26455, 2035, 31213, 2401, 37115, 2855, 43082, 3314, 51064, 3928, 55770, 4290, 330, 6565, 505, 11349, 873, 13000, 1000, 18668, 1436, 22438, 1726, 28054, 2158, 166, 6214, 478, 10582, 814, 14508, 1116, 19903, 1531, 25324, 1948, 31551, 2427, 37479, 2883, 44252, 3404, 51935, 3995, 57486, 4422, 62686, 4822, 72176, 5552, 78117, 6009, 85293, 6561, 95355, 7335, 103857, 7989, 114569, 8813, 128050, 9850, 141401, 10877, 155779, 11983, 171652, 13204, 188357, 14489, 205569, 15813, 223327, 17179, 242840, 18680, 266188, 20476, 287053, 22081, 311857, 23989, 337402, 25954, 365690, 28130, 398099, 30623, 431834, 33218, 466219, 35863, 505583, 38891, 547586, 42122, 590486, 45422, 3494, 52806, 4062, 59202, 4554, 65312, 5024, 72670, 5590, 430, 6409, 493, 11570, 890, 14794, 1138, 18655, 1435, 22035, 1695, 25675, 1975, 32318, 2486, 35971, 2767, 43017, 3309, 49049, 3773, 53989, 4153, 60476, 4652, 69407, 5339, 78247, 6019, 463, 9594, 738, 14222, 1094, 16094, 1238, 18499, 1423, 22256, 1712, 27469, 2113, 32305, 2485, 35568, 2736, 40638, 3126, 46098, 3546, 53534, 4118, 61542, 4734, 67054, 5158, 76102, 5854, 83512, 6424, 90714, 6978, 101582, 7814, 109785, 8445, 121342, 9334, 718, 11219, 863, 14027, 1079, 83, 3107, 239, 5291, 407, 7254, 558, 12480, 960, 17719, 1363, 23361, 1797, 26325, 2025, 32240, 2480, 38610, 2970, 43914, 3378, 51571, 3967, 56316, 4332, 61815, 4755, 70460, 5420, 80548, 6196, 89856, 6912, 100269, 7713, 109538, 8426, 118742, 9134, 130988, 10076, 141453, 10881, 837, 13663, 1051, 18993, 1461, 22399, 1723, 26845, 2065, 33189, 2553, 37687, 2899, 223, 3900, 300, 4589, 353, 5720, 440, 10439, 803, 15132, 1164, 19019, 1463, 23205, 1785, 26546, 2042, 28977, 2229, 33540, 2580, 38454, 2958, 44135, 3395, 48308, 3716, 56303, 4331, 61412, 4724, 68081, 5237, 77597, 5969, 84344, 6488, 91221, 7017, 102128, 7856, 111540, 8580, 660, 13130, 1010, 17641, 1357, 20943, 1611, 27222, 2094, 29705, 2285, 35880, 2760, 40196, 3092, 47567, 3659, 53560, 4120, 62348, 4796, 71812, 5524, 82004, 6308, 89479, 6883, 98696, 7592, 584, 12844, 988]
17,1,1,[16, 544, 32, 816, 48, 1088, 64, 1360, 80, 1632, 96, 1904, 112, 2176, 128, 2448, 144, 2720, 160, 2992, 176, 3264, 192, 3536, 208, 3808, 224, 4080, 240, 4352, 256, 4624, 272]
17,1,17,[288, 9792, 576, 14688, 864, 19584, 1152, 24480, 1440, 29376, 1728, 34272, 2016, 39168, 2304, 44064, 2592, 48960, 2880, 53856, 3168, 58752, 3456, 63648, 3744, 68544, 4032, 73440, 4320, 78336, 4608, 83232, 4896]
17,1,50,[3, 2601, 153, 9, 7803, 459, 27, 8976, 528, 10353, 609, 22848, 1344, 25041, 1473, 35853, 2109, 38811, 2283, 45339, 2667, 60741, 3573, 66861, 3933, 75888, 4464, 88842, 5226, 100011, 5883, 106743, 6279, 118116, 6948, 135252, 7956, 468, 16065, 945, 25500, 1500, 30396, 1788, 34731, 2043, 39321, 2313, 42483, 2499, 147, 11985, 705, 19482, 1146, 26571, 1563, 41718, 2454, 49266, 2898, 58956, 3468, 204, 12, 10404, 612, 36, 2346, 138, 4182, 246, 11220, 660, 23766, 1398, 28560, 1680, 42126, 2478, 55641, 3273, 66555, 3915, 74715, 4395, 86751, 5103, 94401, 5553, 109293, 6429, 118269, 6957, 128622, 7566, 137037, 8061, 147645, 8685, 169065, 9945, 585, 16473, 969, 57, 6120, 360, 9027, 531, 12954, 762, 25602, 1506, 35598, 2094, 40239, 2367, 46002, 2706, 51255, 3015, 59364, 3492, 68799, 4047, 73695, 4335, 255, 15, 13005, 765, 45, 10149, 597, 12444, 732, 14025, 825, 22491, 1323, 35700, 2100, 45441, 2673, 51510, 3030, 57936, 3408, 68136, 4008, 83181, 4893, 99960, 5880, 118575, 6975, 129795, 7635, 139128, 8184, 153255, 9015, 166515, 9795, 178857, 10521, 202113, 11889, 219096, 12888, 233682, 13746, 255918, 15054, 278613, 16389, 295851, 17403, 323442, 19026, 345015, 20295, 377196, 22188, 401931, 23643, 436611, 25683, 473331, 27843, 513060, 30180, 547485, 32205, 585633, 34449, 626025, 36825, 665397, 39141, 710481, 41793, 758217, 44601, 811308, 47724, 863277, 50781, 915756, 53868, 979812, 57636, 1042542, 61326, 1109811, 65283, 1177641, 69273, 1259649, 74097, 1343085, 79005, 1427184, 83952, 1516230, 89190, 1612212, 94836, 1715538, 100914, 1818150, 106950, 1927647, 113391, 2041887, 120111, 2167092, 127476, 2303058, 135474, 2439381, 143493, 2593911, 152583, 2753286, 161958, 2928828, 172284, 3106206, 182718, 3290622, 193566, 3487584, 205152, 3703773, 217869, 3933528, 231384, 4176798, 245694, 4430982, 260646, 4693326, 276078, 4982139, 293067, 5278602, 310506, 5589957, 328821, 5924721, 348513, 6284271, 369663, 6666669, 392157, 7059675, 415275, 7488534, 440502, 7941771, 467163, 8411481, 494793, 8913066, 524298, 9438213, 555189, 9995949, 587997, 10584795, 622635, 11215920, 659760, 11881623, 698919, 12593277, 740781, 13339152, 784656, 14127204, 831012, 14959065, 879945, 15845802, 932106, 16788945, 987585, 17779926, 1045878, 18829200, 1107600, 19950384, 1173552, 21130728, 1242984, 22383900, 1316700, 23714184, 1394952, 82056, 1488894, 87582, 1589211, 93483, 5499, 105774, 6222, 366, 14229, 837, 18462, 1086, 32283, 1899, 44370, 2610, 54621, 3213, 189, 5100, 300, 14739, 867, 51]
19,1,6,[5, 665, 35, 2508, 132, 4674, 246, 6954, 366, 7885, 415, 10108, 532, 28, 1577, 83, 2451, 129, 4275, 225, 6308, 332, 7657, 403, 8512, 448, 10203, 537, 11305, 595, 12578, 662, 15048, 792, 17309, 911, 20254, 1066, 21546, 1134, 24149, 1271, 27341, 1439, 30362, 1598, 32186, 1694, 34219, 1801, 37715, 1985, 40717, 2143, 44555, 2345, 47804, 2516, 51224, 2696, 55841, 2939, 60249, 3171, 65341, 3439, 181, 4750, 250, 5339, 281, 7315, 385, 8265, 435, 10621, 559, 12084, 636, 13737, 723, 14573, 767, 16131, 849, 18449, 971, 19646, 1034, 21584, 1136, 24415, 1285, 27056, 1424, 30514, 1606, 33250, 1750, 35226, 1854, 38323, 2017, 40679, 2141, 44289, 2331, 48089, 2531, 51072, 2688, 54777, 2883, 59242, 3118, 62586, 3294, 66671, 3509, 71649, 3771, 76437, 4023, 82042, 4318, 86925, 4575, 93195, 4905, 98439, 5181, 105089, 5531, 110846, 5834, 116793, 6147, 124070, 6530, 132069, 6951, 140828, 7412, 148466, 7814, 156845, 8255, 166117, 8743, 175199, 9221, 185098, 9742, 196422, 10338, 206986, 10894, 218671, 11509, 231762, 12198, 642, 14535, 765, 15865, 835, 18734, 986, 21641, 1139, 24814, 1306, 27702, 1458, 30742, 1618, 32699, 1721, 35663, 1877, 39235, 2065, 42769, 2251, 46037, 2423, 49590, 2610, 52991, 2789, 57475, 3025, 60952, 3208, 65968, 3472, 71022, 3738, 76342, 4018, 81377, 4283, 86564, 4556, 92815, 4885, 97926, 5154, 103645, 5455, 109326, 5754, 116888, 6152, 124735, 6565, 132430, 6970, 141208, 7432, 148979, 7841, 158289, 8331, 167637, 8823, 177251, 9329, 491, 11628, 612, 12692, 668, 13699, 721, 16454, 866, 18563, 977, 20444, 1076, 22876, 1204, 24871, 1309, 28101, 1479, 31388, 1652, 35074, 1846, 37259, 1961, 39672, 2088, 43681, 2299, 121, 3211, 169, 5301, 279, 7049, 371, 8550, 450, 10469, 551, 29, 1710, 90, 3382, 178, 4351, 229, 4693, 247, 13, 1729, 91, 3515, 185, 5282, 278, 6916, 364, 7619, 401, 8246, 434, 10488, 552, 11153, 587, 13661, 719, 16188, 852, 18848, 992, 20292, 1068, 21812, 1148, 23864, 1256, 25346, 1334, 27132, 1428, 28899, 1521, 30533, 1607, 33383, 1757, 36157, 1903, 38399, 2021, 41211, 2169, 43719, 2301, 46246, 2434, 48906, 2574, 52497, 2763, 56164, 2956, 60363, 3177, 63992, 3368, 67925, 3575, 71839, 3781, 199, 4997, 263, 7068, 372, 8683, 457, 9253, 487, 11096, 584, 13262, 698, 15542, 818, 16473, 867, 18696, 984, 21375, 1125, 22952, 1208, 25403, 1337, 27531, 1449, 29545, 1555, 32908, 1732, 34979, 1841, 38741, 2039, 41458, 2182, 45448, 2392, 49761, 2619, 54188, 2852, 57266, 3014, 61636, 3244, 66462, 3498, 70186, 3694, 74784, 3936, 79059, 4161, 219, 5510, 290, 6365, 335, 8056, 424, 9158, 482, 10431, 549, 12901, 679, 15162, 798, 42, 1292, 68, 2603, 137, 3192, 168, 5168, 272, 6118, 322, 8474, 446, 9937, 523, 11590, 610, 12426, 654, 13984, 736, 16302, 858, 17499, 921, 19437, 1023, 22268, 1172, 24909, 1311, 69, 2736, 144, 4123, 217, 5244, 276, 6650, 350, 7904, 416, 10241, 539, 11571, 609, 12293, 647, 13053, 687, 14079, 741, 39, 893, 47, 1957, 103, 2964, 156, 3572, 188, 5681, 299, 7562, 398, 9994, 526, 11989, 631, 13072, 688, 14212, 748, 15751, 829, 17936, 944, 20349, 1071, 22211, 1169, 24510, 1290, 27721, 1459, 30875, 1625, 33630, 1770, 35739, 1881, 99, 2432, 128, 4142, 218, 5377, 283, 7581, 399, 21, 646, 34, 2375, 125, 3743, 197, 4731, 249, 5206, 274, 6384, 336, 8189, 431, 10089, 531, 12654, 666, 13433, 707, 14592, 768, 16264, 856, 17233, 907, 19722, 1038, 22116, 1164, 23845, 1255, 25213, 1327, 28348, 1492, 30970, 1630, 34295, 1805, 95]
19,1,27,[512, 19456, 1024, 29184, 1536, 38912, 2048, 48640, 2560, 58368, 3072, 68096, 3584, 77824, 4096, 87552, 4608, 97280, 5120, 107008, 5632, 116736, 6144, 126464, 6656, 136192, 7168, 145920, 7680, 155648, 8192, 165376, 8704, 175104, 9216, 184832, 9728]
19,1,30,[4, 2356, 124, 8170, 430, 15428, 812, 24206, 1274, 26049, 1371, 29127, 1533, 38057, 2003, 44612, 2348, 53219, 2801, 60572, 3188, 72295, 3805, 78945, 4155, 90497, 4763, 102657, 5403, 112043, 5897, 121923, 6417, 136306, 7174, 149739, 7881, 166155, 8745, 177745, 9355, 191083, 10057, 204554, 10766, 222148, 11692, 237823, 12517, 258875, 13625, 273638, 14402, 758, 24833, 1307, 34675, 1825, 37069, 1951, 46417, 2443, 55119, 2901, 65417, 3443, 71136, 3744, 75449, 3971, 209, 11, 6479, 341, 17062, 898, 20805, 1095, 28728, 1512, 36499, 1921, 39558, 2082, 47899, 2521, 57817, 3043, 62567, 3293, 69274, 3646, 82593, 4347, 95475, 5025, 105621, 5559, 117439, 6181, 127034, 6686, 143393, 7547, 153216, 8064, 165832, 8728, 178543, 9397, 194199, 10221, 214662, 11298, 232788, 12252, 254144, 13376, 704, 14649, 771, 21679, 1141, 23389, 1231, 33155, 1745, 44004, 2316, 55993, 2947, 60078, 3162, 67792, 3568, 79895, 4205, 87514, 4606, 96672, 5088, 110295, 5805, 121790, 6410, 132183, 6957, 140847, 7413, 149967, 7893, 162412, 8548, 180633, 9507, 194123, 10217, 212306, 11174, 224618, 11822, 238716, 12564, 254125, 13375, 277742, 14618, 296343, 15597, 321613, 16927, 348213, 18327, 372799, 19621, 399817, 21043, 426550, 22450, 455259, 23961, 480358, 25282, 512468, 26972, 545699, 28721, 581248, 30592, 612978, 32262, 1698, 37943, 1997, 41078, 2162, 51775, 2725, 59052, 3108, 68419, 3601, 77710, 4090, 84645, 4455, 94221, 4959, 261, 13186, 694, 19570, 1030, 22876, 1204, 28063, 1477, 37506, 1974, 49153, 2587, 53447, 2813, 56829, 2991, 64372, 3388, 71174, 3746, 76627, 4033, 83505, 4395, 91314, 4806, 106362, 5598, 118788, 6252, 125609, 6611, 142462, 7498, 156788, 8252, 168454, 8866, 184148, 9692, 194978, 10262, 206378, 10862, 224637, 11823, 239305, 12595, 261573, 13767, 281599, 14821, 296989, 15631, 320017, 16843, 341981, 17999, 363394, 19126, 389348, 20492, 415530, 21870, 437969, 23051, 463296, 24384, 491663, 25877, 527782, 27778, 1462, 39482, 2078, 45543, 2397, 49647, 2613, 57950, 3050, 66690, 3510, 78166, 4114, 87970, 4630, 99997, 5263, 277, 11799, 621, 19817, 1043, 30533, 1607, 38399, 2021, 44403, 2337, 123, 7581, 399, 21, 1558, 82, 5054, 266, 14, 8246, 434, 17784, 936, 21565, 1135, 30666, 1614, 42522, 2238, 53295, 2805, 62928, 3312, 69654, 3666, 83562, 4398, 93081, 4899, 107084, 5636, 119548, 6292, 127547, 6713, 137674, 7246, 148903, 7837, 161861, 8519, 174363, 9177, 483, 14212, 748, 18943, 997, 25061, 1319, 30932, 1628, 39957, 2103, 49457, 2603, 137, 5016, 264, 14953, 787, 20292, 1068, 23636, 1244, 30001, 1579, 32718, 1722, 41268, 2172, 46854, 2466, 57855, 3045, 63745, 3355, 73359, 3861, 79496, 4184, 85956, 4524, 91618, 4822, 104975, 5525, 119035, 6265, 133266, 7014, 141987, 7473, 152874, 8046, 166041, 8739, 185022, 9738, 200450, 10550, 213845, 11255, 229083, 12057, 247399, 13021, 263834, 13886, 286824, 15096, 307610, 16190, 324938, 17102, 343178, 18062, 368068, 19372, 393699, 20721, 420679, 22141, 446234, 23486, 470858, 24782, 499054, 26266, 529872, 27888, 566295, 29805, 603497, 31763, 643226, 33854, 685615, 36085, 723976, 38104, 767201, 40379, 809856, 42624, 856463, 45077, 906661, 47719, 960070, 50530, 1015721, 53459, 1076008, 56632, 1139468, 59972, 1203992, 63368, 1269067, 66793, 1340412, 70548, 1411529, 74291, 1486389, 78231, 1569172, 82588, 1659726, 87354, 1753339, 92281, 1855293, 97647, 1956354, 102966, 2062165, 108535, 2174683, 114457, 2289709, 120511, 2417617, 127243, 6697, 139061, 7319, 148656, 7824, 165015, 8685, 174838, 9202, 187454, 9866, 200165, 10535, 215821, 11359, 236284, 12436, 254410, 13390, 275766, 14514, 299953, 15787, 325413, 17127, 347092, 18268, 370481, 19499, 392825, 20675, 415207, 21853, 438767, 23093, 466412, 24548, 1292, 68, 7619, 401, 9158, 482, 13623, 717, 22306, 1174, 32015, 1685, 41097, 2163, 52364, 2756, 55689, 2931, 61465, 3235, 67545, 3555, 72238, 3802, 77178, 4062, 89775, 4725, 101897, 5363, 110105, 5795, 305, 6669, 351, 12141, 639, 19608, 1032, 24054, 1266, 32148, 1692, 34409, 1811, 39634, 2086, 50255, 2645, 55176, 2904, 67184, 3536, 71858, 3782, 76209, 4011, 81358, 4282, 89623, 4717, 97185, 5115, 104576, 5504, 117477, 6183, 128212, 6748, 136667, 7193, 150119, 7901, 167124, 8796, 186162, 9798, 203357, 10703, 217474, 11446, 233472, 12288, 253726, 13354, 276184, 14536, 291289, 15331, 316293, 16647, 334647, 17613, 927, 27075, 1425, 75, 11742, 618, 18050, 950, 50, 7828, 412, 15637, 823, 19874, 1046, 21489, 1131, 28310, 1490, 34352, 1808, 37867, 1993, 49533, 2607, 54416, 2864, 65246, 3434, 76646, 4034, 84094, 4426, 98762, 5198, 110219, 5801, 119434, 6286, 134824, 7096, 147041, 7739, 158194, 8326, 168796, 8884, 183939, 9681, 199310, 10490, 210938, 11102, 225454, 11866, 243010, 12790, 257507, 13553, 274474, 14446, 292334, 15386, 316255, 16645, 333469, 17551, 358986, 18894, 382432, 20128, 406543, 21397, 429647, 22613, 453967, 23893, 483550, 25450, 514121, 27059, 542887, 28573, 580564, 30556, 613396, 32284, 647387, 34073, 684874, 36046, 722627, 38033, 768626, 40454, 810787, 42673, 863702, 45458, 914850, 48150, 965276, 50804, 1025753, 53987, 1084292, 57068, 1147619, 60401, 3179, 66994, 3526, 76779, 4041, 88217, 4643, 96843, 5097, 104785, 5515, 113145, 5955, 123652, 6508, 135850, 7150, 146414, 7706, 160379, 8441, 171665, 9035, 186390, 9810, 199614, 10506, 220362, 11598, 236512, 12448, 250667, 13193, 267843, 14097, 292182, 15378, 311543, 16397, 863, 21812, 1148, 27512, 1448, 31236, 1644, 38570, 2030, 49704, 2616, 59717, 3143, 67412, 3548, 78926, 4154, 89908, 4732, 95209, 5011, 108186, 5694, 121277, 6383, 137902, 7258, 382, 8778, 462, 12654, 666, 13889, 731, 19741, 1039, 28177, 1483, 30229, 1591, 39786, 2094, 44156, 2324, 49894, 2626, 54796, 2884, 66215, 3485, 74252, 3908, 85557, 4503, 237, 9861, 519, 13794, 726, 16796, 884, 23370, 1230, 32566, 1714, 36556, 1924, 41325, 2175, 48621, 2559, 58577, 3083, 64505, 3395, 75297, 3963, 85519, 4501, 99693, 5247, 106647, 5613, 116812, 6148, 129219, 6801, 146262, 7698, 155667, 8193, 166136, 8744, 177156, 9324, 194446, 10234, 211508, 11132, 232313, 12227, 250230, 13170, 265107, 13953, 283043, 14897, 298509, 15711, 323893, 17047, 343216, 18064, 369246, 19434, 397784, 20936, 428393, 22547, 458337, 24123, 489288, 25752, 519023, 27317, 554306, 29174, 588601, 30979, 624701, 32879, 662701, 34879, 705546, 37134, 747232, 39328, 796233, 41907, 844968, 44472, 896268, 47172, 951406, 50074, 1006601, 52979, 1063563, 55977, 1121247, 59013, 1190502, 62658, 1261695, 66405, 3495, 80142, 4218, 222, 11837, 623, 20995, 1105, 23807, 1253, 35302, 1858, 45695, 2405, 54359, 2861, 63479, 3341, 75924, 3996, 83334, 4386, 96824, 5096, 104196, 5484, 116508, 6132, 130606, 6874, 146015, 7685, 158821, 8359, 177422, 9338, 191881, 10099, 207670, 10930, 221445, 11655, 237652, 12508, 253574, 13346, 271472, 14288, 752, 21299, 1121, 59, 2318, 122, 6992, 368, 11343, 597, 16492, 868, 24757, 1303, 32319, 1701, 39710, 2090, 110, 10735, 565, 19266, 1014, 24263, 1277, 27816, 1464, 29849, 1571, 38817, 2043, 46550, 2450, 59242, 3118, 63498, 3342, 76513, 4027, 90782, 4778, 100681, 5299, 115653, 6087, 125723, 6617, 135185, 7115, 147421, 7759, 159163, 8377, 177213, 9327, 196213, 10327, 212230, 11170, 233073, 12267, 252168, 13272, 271130, 14270, 285969, 15051, 302727, 15933, 324919, 17101, 342589, 18031, 949, 29222, 1538, 41002, 2158, 49419, 2601, 61693, 3247, 74613, 3927, 85937, 4523, 91029, 4791, 97527, 5133, 104367, 5493, 110998, 5842, 121961, 6419, 137484, 7236, 153824, 8096, 163058, 8582, 179037, 9423, 198702, 10458, 213712, 11248, 592, 13547, 713, 19950, 1050, 23845, 1255, 25669, 1351, 28158, 1482, 78, 2698, 142, 7961, 419, 8949, 471, 17955, 945, 26866, 1414, 32832, 1728, 44802, 2358, 48298, 2542, 59375, 3125, 67621, 3559, 74594, 3926, 85348, 4492, 94392, 4968, 104481, 5499, 114532, 6028, 123405, 6495, 139004, 7316, 146889, 7731, 164293, 8647, 174078, 9162, 185516, 9764, 204953, 10787, 223706, 11774, 242877, 12783, 264195, 13905, 287204, 15116, 308579, 16241, 333355, 17545, 355452, 18708, 380988, 20052, 405023, 21317, 436582, 22978, 463543, 24397, 488509, 25711, 516496, 27184, 551646, 29034, 581818, 30622, 619837, 32623, 1717, 38323, 2017, 42047, 2213, 49381, 2599, 60515, 3185, 70528, 3712, 78223, 4117, 89737, 4723, 100719, 5301, 279, 12977, 683, 23902, 1258, 27436, 1444, 76]
19,1,33,[432, 17404, 916, 20824, 1096, 30058, 1582, 34770, 1830, 40356, 2124, 51870, 2730, 62738, 3302, 75430, 3970, 90668, 4772, 97318, 5122, 109326, 5754, 125096, 6584, 137940, 7260, 146452, 7708, 162298, 8542, 177726, 9354, 190836, 10044, 208392, 10968, 222490, 11710, 237956, 12524, 252358, 13282, 266266, 14014, 287166, 15114, 307914, 16206, 335388, 17652, 353666, 18614, 380418, 20022, 409830, 21570, 434530, 22870, 465538, 24502, 496926, 26154, 529340, 27860, 560956, 29524, 601122, 31638, 634638, 33402, 1758, 41420, 2180, 52364, 2756, 55746, 2934, 63688, 3352, 72048, 3792, 82726, 4354, 88958, 4682, 98648, 5192, 106970, 5630, 116356, 6124, 126236, 6644, 141018, 7422, 155952, 8208]
19,1,36,[62, 4655, 245, 16511, 869, 26942, 1418, 36556, 1924, 41895, 2205, 44783, 2357, 47823, 2517, 56487, 2973, 65607, 3453, 78622, 4138, 93005, 4895, 106096, 5584, 123291, 6489, 136610, 7190, 149264, 7856, 163267, 8593, 175275, 9225, 191330, 10070, 530, 22211, 1169, 30210, 1590, 40679, 2141, 51699, 2721, 57152, 3008, 64258, 3382, 178, 8341, 439, 10146, 534, 12046, 634, 17461, 919, 23161, 1219, 26429, 1391, 30552, 1608, 40356, 2124, 52725, 2775, 56183, 2957, 67336, 3544, 77710, 4090, 85215, 4485, 90383, 4757, 99921, 5259, 115425, 6075, 131062, 6898, 138643, 7297, 146623, 7717, 156389, 8231, 167352, 8808, 183673, 9667, 203585, 10715, 226594, 11926, 247399, 13021, 264518, 13922, 288002, 15158, 313405, 16495, 331949, 17471, 356250, 18750, 385928, 20312, 406923, 21417, 431072, 22688, 455126, 23954, 488642, 25718, 521873, 27467, 557536, 29344, 592344, 31176, 634448, 33392, 673987, 35473, 1867, 40755, 2145, 54511, 2869, 151, 15314, 806, 21584, 1136, 32965, 1735, 38798, 2042, 46987, 2473, 51509, 2711, 63099, 3321, 76665, 4035, 85481, 4499, 100225, 5275, 113696, 5984, 131974, 6946, 146433, 7707, 162336, 8544, 179759, 9461, 201514, 10606, 214852, 11308, 228209, 12011, 242269, 12751, 256386, 13494, 272612, 14348, 289009, 15211, 311733, 16407, 334970, 17630, 364211, 19169, 394991, 20789, 417829, 21991, 445284, 23436, 474867, 24993, 505324, 26596, 542165, 28535, 581628, 30612, 614289, 32331, 654816, 34464, 700891, 36889, 744610, 39190, 791996, 41684, 845291, 44489, 896610, 47190, 952679, 50141, 2639, 64391, 3389, 72561, 3819, 201, 11533, 607, 24434, 1286, 34599, 1821, 47348, 2492, 51889, 2731, 64182, 3378, 77805, 4095, 88730, 4670, 103645, 5455, 110466, 5814, 306, 7486, 394, 17442, 918, 22458, 1182, 26372, 1388, 28443, 1497, 40185, 2115, 46398, 2442, 55670, 2930, 61332, 3228, 76171, 4009, 211, 5586, 294, 12027, 633, 16758, 882, 23104, 1216, 64, 6061, 319, 16625, 875, 18183, 957, 23921, 1259, 28595, 1505, 32832, 1728, 46854, 2466, 59565, 3135, 165, 12179, 641, 22382, 1178]
19,1,56,[319, 22325, 1175, 40508, 2132, 46892, 2468, 67431, 3549, 86925, 4575, 107445, 5655, 125856, 6624, 145236, 7644, 159258, 8382, 170829, 8991, 184072, 9688, 211831, 11149, 238925, 12575, 268508, 14132, 298585, 15715, 316426, 16654, 343710, 18090, 363926, 19154, 385206, 20274, 406543, 21397, 431129, 22691, 459135, 24165, 500308, 26332, 544711, 28669, 591451, 31129, 630021, 33159, 667432, 35128, 719568, 37872, 762755, 40145, 820971, 43209, 867369, 45651, 926839, 48781, 984124, 51796, 1038046, 54634, 1102247, 58013, 1166638, 61402, 1241859, 65361, 1308283, 68857, 1378203, 72537, 1465622, 77138, 1560831, 82149, 1655736, 87144, 1753510, 92290, 1853241, 97539, 1963536, 103344, 2070069, 108951, 2184335, 114965, 2315245, 121855, 2445604, 128716, 2584950, 136050, 2731630, 143770, 2892408, 152232, 3048892, 160468, 3223179, 169641, 3402387, 179073, 3599531, 189449, 9971, 215365, 11335, 238393, 12547, 258381, 13599, 286862, 15098, 314716, 16564, 347225, 18275, 382508, 20132, 414333, 21807, 451022, 23738, 482201, 25379, 522462, 27498, 555275, 29225, 587689, 30931, 637754, 33566, 684076, 36004, 739214, 38906, 791939, 41681, 848502, 44658, 901664, 47456, 962939, 50681, 1022124, 53796, 1083361, 57019, 3001, 79154, 4166, 88635, 4665, 103930, 5470, 127471, 6709, 136306, 7174, 155173, 8167, 180348, 9492, 201533, 10607, 217455, 11445, 236341, 12439, 262599, 13821, 284924, 14996, 305235, 16065, 331930, 17470, 358967, 18893, 385301, 20279, 411958, 21682, 436829, 22991, 460883, 24257, 498959, 26261, 528409, 27811, 571102, 30058, 1582, 36955, 1945, 46341, 2439, 56221, 2959, 74062, 3898, 81149, 4271, 101365, 5335, 122645, 6455, 143982, 7578, 168568, 8872, 196574, 10346, 217550, 11450, 241756, 12724, 268299, 14121, 286672, 15088, 303886, 15994, 335825, 17675, 358815, 18885, 396834, 20886, 423035, 22265, 462308, 24332, 499396, 26284, 533121, 28059, 577125, 30375, 621319, 32701, 656146, 34534, 702373, 36967, 752096, 39584, 799121, 42059, 853936, 44944, 908447, 47813, 965827, 50833, 1025164, 53956, 1095065, 57635, 1161204, 61116, 1235076, 65004, 1305395, 68705, 1375163, 72377, 1453918, 76522, 1540007, 81053, 1640194, 86326, 1736087, 91373, 1829586, 96294, 1928006, 101474, 2044362, 107598, 2153023, 113317, 2267403, 119337, 2404811, 126569, 2542010, 133790, 2687493, 141447, 2840633, 149507, 3006085, 158215, 3166426, 166654, 3338395, 175705, 3526856, 185624, 3726299, 196121, 3925609, 206611, 4137535, 217765, 4361678, 229562, 4595492, 241868, 4855431, 255549, 5130114, 270006, 5417128, 285112, 5720311, 301069, 6036262, 317698, 6373094, 335426, 17654, 356269, 18751, 393091, 20689, 431851, 22729, 459895, 24205, 503234, 26486, 1394, 35321, 1859, 54188, 2852, 59166, 3114, 80351, 4229, 96273, 5067, 115159, 6061]
23,1,6,[27, 1196, 52, 2070, 90, 5037, 219, 6900, 300, 7337, 319, 10396, 452, 12903, 561, 14697, 639, 17802, 774, 20631, 897, 39, 3128, 136, 6141, 267, 8326, 362, 11017, 479, 14099, 613, 16767, 729, 19688, 856, 21229, 923, 22563, 981, 25599, 1113, 27945, 1215, 31763, 1381, 33281, 1447, 37605, 1635, 39514, 1718, 43424, 1888, 45586, 1982, 48116, 2092, 53222, 2314, 57454, 2498, 61870, 2690, 67574, 2938, 72841, 3167, 78200, 3400, 84203, 3661, 88412, 3844, 92667, 4029, 97244, 4228, 104075, 4525, 110929, 4823, 117944, 5128, 126086, 5482, 132664, 5768, 140898, 6126, 148120, 6440, 280, 7268, 316, 9913, 431, 12673, 551, 16238, 706, 19136, 832, 20516, 892, 23874, 1038, 25323, 1101, 29164, 1268, 30843, 1341, 33143, 1441, 36639, 1593, 39054, 1698, 43355, 1885, 48254, 2098, 51037, 2219, 54763, 2381, 58788, 2556, 61755, 2685, 66769, 2903, 70357, 3059, 133, 5658, 246, 8096, 352, 9407, 409, 12282, 534, 13501, 587, 15732, 684, 18745, 815, 20930, 910, 23621, 1027, 26703, 1161, 29371, 1277, 32292, 1404, 33833, 1471, 38318, 1666, 41354, 1798, 43700, 1900, 47518, 2066, 52187, 2269, 56511, 2457, 61571, 2677, 65481, 2847, 70794, 3078, 76475, 3325, 81581, 3547, 85813, 3731, 90229, 3923, 95933, 4171, 101200, 4400, 106559, 4633, 112562, 4894, 119922, 5214, 127328, 5536, 135056, 5872, 141887, 6169, 148741, 6467, 155756, 6772, 163898, 7126, 173627, 7549, 181861, 7907, 192234, 8358, 201825, 8775, 212244, 9228, 222157, 9659, 234830, 10210, 247917, 10779, 260751, 11337, 274965, 11955, 289386, 12582, 302105, 13135, 315514, 13718, 330602, 14374, 347990, 15130, 365723, 15901, 382720, 16640, 400867, 17429, 420762, 18294, 440289, 19143, 460391, 20017, 481367, 20929, 505310, 21970, 527965, 22955, 551057, 23959, 577208, 25096, 602715, 26205, 630016, 27392, 660422, 28714, 690506, 30022, 721487, 31369, 755596, 32852, 789544, 34328, 825516, 35892, 863052, 37524, 902083, 39221, 942126, 40962, 986102, 42874, 1029250, 44750, 1076055, 46785, 1123251, 48837, 1173184, 51008, 1226521, 53327, 1281629, 55723, 1339681, 58247, 1399435, 60845, 1461650, 63550, 1525337, 66319, 1593026, 69262, 1663521, 72327, 1737903, 75561, 1814286, 78882, 1895223, 82401, 1979679, 86073, 2066711, 89857, 2159171, 93877, 2254966, 98042, 2355200, 102400, 2458148, 106876, 2567490, 111630, 2680627, 116549, 2798272, 121664, 2922265, 127055, 3049731, 132597, 3182602, 138374, 3321798, 144426, 3467457, 150759, 3620545, 157415, 3778371, 164277, 3944155, 171485, 4118380, 179060, 4298125, 186875, 8125, 195822, 8514, 204884, 8908, 214751, 9337, 227102, 9874, 237935, 10345, 250746, 10902, 474, 13294, 578, 14283, 621]
23,1,21,[12, 6072, 264, 11638, 506, 22, 11132, 484, 12098, 526, 22264, 968, 24196, 1052, 33442, 1454, 37306, 1622, 44712, 1944, 52440, 2280, 56166, 2442, 60536, 2632, 67988, 2956, 76728, 3336, 80546, 3502, 86940, 3780, 94576, 4112, 107364, 4668, 122636, 5332, 137126, 5962, 145498, 6326, 152306, 6622, 169050, 7350, 182666, 7942, 193982, 8434, 210128, 9136, 221674, 9638, 231794, 10078, 243800, 10600, 264040, 11480, 276966, 12042, 295274, 12838, 310040, 13480, 324484, 14108, 342930, 14910, 360732, 15684, 386538, 16806, 411056, 17872, 429410, 18670, 456274, 19838, 481896, 20952, 513452, 22324, 542524, 23588, 572378, 24886, 1082, 26450, 1150, 50, 3128, 136, 13386, 582, 17342, 754, 26772, 1164, 34684, 1508, 42458, 1846, 47196, 2052, 51658, 2246, 61134, 2658, 70058, 3046, 77924, 3388, 84686, 3682, 89332, 3884, 102856, 4472, 112148, 4876, 212, 7498, 326, 9752, 424, 14996, 652, 19504, 848, 29992, 1304, 39008, 1696, 48898, 2126, 55844, 2428, 64538, 2806, 122, 6302, 274, 16698, 726, 23690, 1030, 33396, 1452, 36294, 1578, 44620, 1940, 50416, 2192, 55982, 2434, 67574, 2938, 78706, 3422, 90804, 3948, 101982, 4434, 115092, 5004, 126362, 5494, 141496, 6152, 152950, 6650, 161046, 7002, 172868, 7516, 189060, 8220, 201618, 8766, 211830, 9210, 225860, 9820, 246284, 10708, 263258, 11446, 281934, 12258, 304796, 13252, 319976, 13912, 343528, 14936, 362802, 15774, 387734, 16858, 415196, 18052, 442888, 19256, 464554, 20198, 486680, 21160, 920, 40, 9154, 398, 12926, 562, 18308, 796, 25852, 1124, 36616, 1592, 40618, 1766, 51060, 2220, 59064, 2568, 68862, 2994, 73784, 3208, 82294, 3578, 92138, 4006, 98072, 4264, 106674, 4638, 118542, 5154, 124660, 5420, 137310, 5970, 149546, 6502, 163760, 7120, 177146, 7702, 194488, 8456, 210174, 9138, 222686, 9682, 242972, 10564, 256910, 11170, 275310, 11970, 292100, 12700, 306728, 13336, 329222, 14314, 347392, 15104, 370208, 16096, 395462, 17194, 418922, 18214, 447258, 19446, 472006, 20522, 495420, 21540, 522744, 22728, 547400, 23800, 579876, 25212, 607016, 26392, 638710, 27770, 670818, 29166, 700948, 30476, 731906, 31822, 769994, 33478, 809738, 35206, 852656, 37072, 898886, 39082, 940378, 40886, 988494, 42978, 1038220, 45140, 1090108, 47396, 1145216, 49792, 1204648, 52376, 1259434, 54758, 1322868, 57516, 1388096, 60352, 2624, 63940, 2780, 76360, 3320, 83536, 3632, 97290, 4230, 111642, 4854, 116978, 5086, 123510, 5370, 134182, 5834, 147246, 6402, 157504, 6848, 172546, 7502, 181976, 7912, 344, 18860, 820, 26910, 1170, 37720, 1640, 42734, 1858, 53268, 2316, 63296, 2752, 73278, 3186, 82248, 3576, 91126, 3962, 97980, 4260, 104650, 4550, 118358, 5146, 131698, 5726, 148028, 6436, 163622, 7114, 174110, 7570, 183126, 7962, 193016, 8392, 211048, 9176, 230828, 10036, 244720, 10640, 262108, 11396, 278806, 12122, 291410, 12670, 313720, 13640, 327842, 14254, 350290, 15230, 367448, 15976, 390172, 16964, 413402, 17974, 436678, 18986, 460966, 20042, 485346, 21102, 511750, 22250, 538338, 23406, 568974, 24738, 599978, 26086, 627992, 27304, 656742, 28554, 690598, 30026, 725926, 31562, 760380, 33060, 797778, 34686, 833428, 36236, 874966, 38042, 1654, 49818, 2166, 53912, 2344, 66378, 2886, 74566, 3242, 88412, 3844, 93702, 4074, 99222, 4314, 109802, 4774, 120842, 5254, 130916, 5692, 141910, 6170, 150972, 6564, 161874, 7038, 306, 10718, 466, 14076, 612, 21436, 932, 28152, 1224, 31786, 1382, 34132, 1484, 41400, 1800, 46092, 2004, 49542, 2154, 58926, 2562, 65826, 2862, 73508, 3196, 87308, 3796, 91586, 3982, 97014, 4218, 105570, 4590, 116426, 5062, 122452, 5324, 133078, 5786, 145130, 6310, 155296, 6752, 168314, 7318, 177560, 7720, 192510, 8370, 211002, 9174, 229816, 9992, 244628, 10636, 260084, 11308, 278622, 12114, 298448, 12976, 313352, 13624, 330832, 14384, 349554, 15198, 373428, 16236, 399786, 17382, 425362, 18494, 444820, 19340, 473800, 20600, 501630, 21810, 526332, 22884, 559820, 24340, 587052, 25524, 620770, 26990, 653062, 28394, 687240, 29880, 718566, 31242, 753664, 32768, 794144, 34528, 831082, 36134, 867698, 37726, 908316, 39492, 948290, 41230, 996268, 43316, 1042958, 45346, 1094570, 47590, 1143606, 49722, 1202486, 52282, 1256214, 54618, 1318544, 57328, 1381656, 60072, 1450886, 63082, 1521680, 66160, 1593624, 69288, 1668696, 72552, 1746068, 75916, 1829696, 79552, 1917924, 83388, 2007578, 87286, 2095346, 91102, 2197052, 95524, 2294986, 99782, 2398624, 104288, 2505804, 108948, 2624392, 114104, 2738978, 119086, 2865294, 124578, 2994692, 130204, 3125378, 135886, 3262228, 141836, 3412740, 148380, 3564494, 154978, 3721400, 161800, 3891876, 169212, 4061570, 176590, 4247318, 184666, 4442588, 193156, 4636708, 201596, 4838786, 210382, 5049650, 219550, 5276430, 229410, 5509696, 239552, 5752622, 250114, 6008520, 261240, 6272652, 272724, 6551642, 284854, 6847100, 297700, 7150102, 310874, 7463868, 324516, 7792722, 338814, 8132018, 353566, 8490404, 369148, 8869674, 385638, 9264952, 402824, 9668740, 420380, 10093458, 438846, 10535196, 458052, 10996622, 478114, 11481002, 499174, 11982586, 520982, 12507906, 543822, 13056548, 567676, 13630490, 592630, 14228904, 618648, 14855746, 645902, 15509360, 674320, 16186572, 703764, 16895156, 734572, 17639850, 766950, 18414030, 800610, 19216086, 835482, 20054942, 871954, 20927378, 909886, 21840156, 949572, 22797922, 991214, 23792028, 1034436, 24831766, 1079642, 25922012, 1127044, 27059178, 1176486, 28241930, 1227910, 29474178, 1281486, 30764340, 1337580, 32109150, 1396050, 33514358, 1457146, 34973432, 1520584, 36497872, 1586864, 38085700, 1655900, 39748830, 1728210, 41483306, 1803622, 43290784, 1882208, 45174438, 1964106, 47148666, 2049942, 49208730, 2139510, 51350168, 2232616, 53585676, 2329812, 55917416, 2431192, 105704, 2546054, 110698, 2667356, 115972, 2786220, 121140, 2917964, 126868, 5516, 141542, 6154, 153962, 6694, 161138, 7006, 174892, 7604, 189244, 8228, 205666, 8942, 223284, 9708, 233956, 10172, 247020, 10740, 268364, 11668, 283406, 12322, 303922, 13214, 322920, 14040, 341780, 14860, 357604, 15548, 676, 20562, 894, 31096, 1352, 41124, 1788, 51106, 2222, 60076, 2612, 68954, 2998, 75808, 3296, 82478, 3586, 96186, 4182, 109526, 4762, 114770, 4990, 130364, 5668, 140852, 6124, 149868, 6516, 159758, 6946, 302, 8694, 378, 13892, 604, 17388, 756, 27784, 1208, 34776, 1512, 44482, 1934, 47380, 2060, 55706, 2422, 61502, 2674, 67068, 2916, 78660, 3420, 89792, 3904, 101890, 4430, 113068, 4916, 126178, 5486, 137448, 5976, 152582, 6634, 164036, 7132, 172132, 7484, 183954, 7998, 200146, 8702, 212704, 9248, 222916, 9692, 236946, 10302, 257370, 11190, 274344, 11928, 293020, 12740, 315882, 13734, 331062, 14394, 354614, 15418, 373888, 16256, 398820, 17340, 426282, 18534, 453974, 19738, 475640, 20680, 497766, 21642, 530012, 23044, 563178, 24486, 594412, 25844, 627486, 27282, 656696, 28552, 689586, 29982, 725834, 31558, 758356, 32972, 797594, 34678, 840466, 36542, 885684, 38508, 927084, 40308, 973176, 42312, 1022718, 44466, 1070558, 46546, 1125298, 48926, 1176634, 51158, 1230684, 53508, 1289012, 56044, 1352768, 58816, 1413994, 61478, 1486076, 64612, 1553098, 67526, 1630746, 70902, 1709360, 74320, 1787054, 77698, 1866680, 81160, 1955552, 85024, 2048288, 89056, 3872, 96784, 4208, 111596, 4852, 127052, 5524, 134504, 5848, 143244, 6228, 158148, 6876, 175628, 7636, 332, 12788, 556, 15272, 664, 25576, 1112, 30544, 1328, 40066, 1742, 50002, 2174, 57960, 2520, 66746, 2902, 71576, 3112, 78062, 3394, 87722, 3814, 100694, 4378, 108928, 4736, 123786, 5382, 234, 7544, 328, 10764, 468, 15088, 656, 21528, 936, 30176, 1312, 31970, 1390, 38180, 1660, 41768, 1816, 54188, 2356, 61364, 2668, 116, 3266, 142, 5336, 232, 6532, 284, 10672, 464, 13064, 568, 21344, 928, 26128, 1136, 31602, 1374, 41170, 1790, 52118, 2266, 60168, 2616, 70978, 3086, 75992, 3304, 86526, 3762, 96554, 4198, 106536, 4632, 115506, 5022, 124384, 5408, 131238, 5706, 137908, 5996, 151616, 6592, 164956, 7172, 181286, 7882, 196880, 8560, 207368, 9016, 392, 9890, 430, 18032, 784, 19780, 860, 24978, 1086, 28474, 1238, 38870, 1690, 45862, 1994, 55568, 2416, 58466, 2542, 66792, 2904, 72588, 3156, 78154, 3398, 89746, 3902, 100878, 4386, 112976, 4912, 124154, 5398, 137264, 5968, 148534, 6458, 163668, 7116, 175122, 7614, 183218, 7966, 195040, 8480, 211232, 9184, 223790, 9730, 234002, 10174, 248032, 10784, 268456, 11672, 285430, 12410, 304106, 13222, 326968, 14216, 342148, 14876, 365700, 15900, 384974, 16738, 409906, 17822, 437368, 19016, 465060, 20220, 486726, 21162, 508852, 22124, 541098, 23526, 574264, 24968, 605498, 26326, 638572, 27764, 667782, 29034, 700672, 30464, 736920, 32040, 769442, 33454, 808680, 35160, 851552, 37024, 896770, 38990, 938170, 40790, 984262, 42794, 1033804, 44948, 1081644, 47028, 1136384, 49408, 1187720, 51640, 1241770, 53990, 1300098, 56526, 1363854, 59298, 1425080, 61960, 1497162, 65094, 1564184, 68008, 1641832, 71384, 1720446, 74802, 1798140, 78180, 1877766, 81642, 1966638, 85506, 2059374, 89538, 2159516, 93892, 2256300, 98100, 2356810, 102470, 2461690, 107030, 2574022, 111914, 2695094, 117178, 2819984, 122608, 2951268, 128316, 3090188, 134356, 3230810, 140470, 3375618, 146766, 3523830, 153210, 3680414, 160018, 3843806, 167122, 4012856, 174472, 4195522, 182414, 4378418, 190366, 4577460, 199020, 4776962, 207694, 4986584, 216808, 5208212, 226444, 5438994, 236478, 5682702, 247074, 5933632, 257984, 6199328, 269536, 6479468, 281716, 6766968, 294216, 12792, 308936, 13432, 584, 18354, 798, 26864, 1168, 36708, 1596, 42642, 1854, 51244, 2228, 63112, 2744, 69230, 3010, 81880, 3560, 94116, 4092, 108330, 4710, 121716, 5292, 127972, 5564, 143658, 6246, 156170, 6790, 165370, 7190, 179308, 7796, 197708, 8596, 214498, 9326, 229126, 9962, 240534, 10458, 258704, 11248, 270434, 11758, 284602, 12374, 538, 17250, 750, 24748, 1076, 34500, 1500, 38410, 1670, 46828, 2036, 54648, 2376, 60398, 2626, 64952, 2824, 76452, 3324, 85560, 3720, 97474, 4238, 104604, 4548, 117346, 5102, 131606, 5722, 146004, 6348, 276]
23,1,40,[61, 15249, 663, 33373, 1451, 36662, 1594, 44689, 1943, 56741, 2467, 64722, 2814, 74888, 3256, 90091, 3917, 100441, 4367, 123188, 5356, 146924, 6388, 168935, 7345, 183632, 7984, 194373, 8451, 212014, 9218, 237774, 10338, 258221, 11227, 272205, 11835, 295987, 12869, 319884, 13908, 348496, 15152, 380190, 16530, 411424, 17888, 444935, 19345, 466118, 20266, 489141, 21267, 524193, 22791, 566283, 24621, 601013, 26131, 629901, 27387, 672911, 29257, 703087, 30569, 735494, 31978, 774824, 33688, 823216, 35792, 862684, 37508, 916734, 39858, 976810, 42470, 1030308, 44796, 1088889, 47343, 1144503, 49761, 1205292, 52404, 1266886, 55082, 1340348, 58276, 1414247, 61489, 1484926, 64562, 1550407, 67409, 1635277, 71099, 1711890, 74430, 1788158, 77746, 1871418, 81366, 1966569, 85503, 2063100, 89700, 3900, 105547, 4589, 121164, 5268, 127351, 5537, 148511, 6457, 170591, 7417, 188117, 8179, 209162, 9094, 226527, 9849, 240971, 10477, 262476, 11412, 277564, 12068, 304336, 13232, 324001, 14087, 348197, 15139, 367931, 15997, 394956, 17172, 424994, 18478, 451743, 19641, 491602, 21374, 519409, 22583, 560372, 24364, 591169, 25703, 627900, 27300, 675418, 29366, 721326, 31362, 764635, 33245, 807070, 35090, 855945, 37215, 894079, 38873, 935709, 40683, 993853, 43211, 1052687, 45769, 1118674, 48638, 1182016, 51392, 1242598, 54026, 1316842, 57254, 1380529, 60023, 1455256, 63272, 1538746, 66902, 1622190, 70530, 1703748, 74076, 1792528, 77936, 1881492, 81804, 1978000, 86000, 2066757, 89859, 2175915, 94605, 2276034, 98958, 2386020, 103740, 2498950, 108650, 2626899, 114213, 2757654, 119898, 2897770, 125990, 3041221, 132227, 5749, 158194, 6878, 165991, 7217, 189750, 8250, 212704, 9248, 223790, 9730, 234439, 10193, 248308, 10796, 267375, 11625, 288190, 12530, 317262, 13794, 346679, 15073, 369104, 16048, 400775, 17425, 431066, 18742, 468188, 20356, 489463, 21281, 516258, 22446, 558003, 24261, 599725, 26075, 640504, 27848, 684894, 29778, 729376, 31712, 777630, 33810, 1470, 54579, 2373, 60628, 2636, 76130, 3310, 98739, 4293, 116817, 5079, 139357, 6059, 154606, 6722, 166842, 7254, 182367, 7929, 205919, 8953, 220386, 9582, 242834, 10558, 254311, 11057, 280991, 12217, 296884, 12908, 314387, 13669, 334489, 14543, 355465, 15455, 391138, 17006, 416415, 18105, 438196, 19052, 464600, 20200, 490314, 21318, 530012, 23044, 572355, 24885, 617458, 26846, 648899, 28213, 690897, 30039, 721855, 31385, 765187, 33269, 808565, 35155, 853829, 37123, 891871, 38777, 950866, 41342, 1002317, 43579, 1061519, 46153, 1121457, 48759, 1190434, 51758, 1249544, 54328, 1305710, 56770, 1367994, 59478, 2586, 71254, 3098, 89056, 3872, 100280, 4360, 116587, 5069, 129927, 5649, 148442, 6454, 167762, 7294, 177813, 7731, 188301, 8187, 216706, 9422, 239913, 10431, 261372, 11364, 274574, 11938, 287431, 12497, 307280, 13360, 339020, 14740, 372140, 16180, 398429, 17323, 419428, 18236, 456044, 19828, 477710, 20770, 499399, 21713, 522031, 22697, 562189, 24443, 602255, 26185, 638549, 27763, 668150, 29050, 698119, 30353, 743176, 32312, 793868, 34516, 843088, 36656, 895367, 38929, 946243, 41141, 1003007, 43609, 1047535, 45545, 1097675, 47725, 2075, 54395, 2365, 74221, 3227, 83881, 3647, 99475, 4325, 104719, 4553, 129490, 5630, 151662, 6594, 172960, 7520, 200698, 8726, 217695, 9465, 238188, 10356, 254058, 11046, 270618, 11766, 294331, 12797, 315399, 13713, 333707, 14509, 365677, 15899, 387090, 16830, 419543, 18241, 439622, 19114, 459655, 19985, 498939, 21693, 524308, 22796, 549861, 23907, 582958, 25346, 1102, 45747, 1989, 57845, 2515, 67712, 2944, 128, 15019, 653, 23943, 1041, 30498, 1326, 45609, 1983, 52187, 2269, 68241, 2967, 129, 15962, 694, 20332, 884, 30406, 1322, 41837, 1819, 45494, 1978, 86, 17687, 769, 27646, 1202, 34362, 1494, 56074, 2438, 106, 15410, 670, 18837, 819, 32522, 1414, 44045, 1915, 51474, 2238, 60145, 2615, 77464, 3368, 90022, 3914, 97612, 4244, 112884, 4908, 126063, 5481, 137977, 5999, 161437, 7019, 172132, 7484, 187887, 8169, 199732, 8684, 220363, 9581, 241891, 10517, 257922, 11214, 281083, 12221, 300656, 13072, 321080, 13960, 355258, 15446, 382651, 16637, 406640, 17680, 439024, 19088, 477411, 20757, 508277, 22099, 547837, 23819, 584522, 25414, 630154, 27398, 662147, 28789, 705640, 30680, 755619, 32853, 796743, 34641, 834141, 36267, 887869, 38603, 934743, 40641, 1767, 59869, 2603, 66148, 2876, 69943, 3041, 77579, 3373, 94737, 4119, 100694, 4378, 112424, 4888, 128340, 5580, 146786, 6382, 163277, 7099, 184161, 8007, 194925, 8475, 213509, 9283, 235658, 10246, 256013, 11131, 287362, 12494, 304451, 13237, 328716, 14292, 351279, 15273, 367471, 15977, 397233, 17271, 433803, 18861, 453583, 19721, 482494, 20978, 505310, 21970, 531875, 23125, 564190, 24530, 599748, 26076, 641447, 27889, 681283, 29621, 729284, 31708, 773858, 33646, 825884, 35908, 866387, 37669, 920598, 40026, 966138, 42006, 1015496, 44152, 1073433, 46671, 1123780, 48860, 1179992, 51304, 1244162, 54094, 1317555, 57285, 1388625, 60375, 2625, 65757, 2859, 75049, 3263, 96692, 4204, 117438, 5106, 222, 19113, 831, 22701, 987, 42987, 1869, 50370, 2190, 57155, 2485, 60559, 2633, 73301, 3187, 88435, 3845, 95956, 4172, 108399, 4713, 132411, 5757, 144601, 6287, 158240, 6880, 167877, 7299, 182528, 7936, 191383, 8321, 216246, 9402, 242190, 10530, 270181, 11747, 297551, 12937, 320597, 13939, 335455, 14585, 352797, 15339, 387435, 16845, 412551, 17937, 448868, 19516, 479412, 20844, 505770, 21990, 529598, 23026, 555381, 24147, 597908, 25996, 629418, 27366, 674245, 29315, 715507, 31109, 758563, 32981, 811762, 35294, 858084, 37308, 897230, 39010, 938078, 40786, 985297, 42839, 1040083, 45221, 1088061, 47307, 1152829, 50123, 1208466, 52542, 1270198, 55226, 1328181, 57747, 1401551, 60937, 1471678, 63986, 2782, 86986, 3782, 99958, 4346, 124522, 5414, 138207, 6009, 149730, 6510, 157159, 6833, 165830, 7210, 183149, 7963, 195707, 8509, 224434, 9758, 239706, 10422, 252885, 10995, 264799, 11513, 288259, 12533, 320091, 13917, 335846, 14602, 368828, 16036, 389459, 16933, 410987, 17869, 448155, 19485, 471316, 20492, 512026, 22262, 553587, 24069, 587765, 25555, 615158, 26746, 660284, 28708, 692668, 30116, 731055, 31785, 783058, 34046, 822618, 35766, 859303, 37361, 904935, 39345, 958065, 41655, 1001558, 43546, 1051537, 45719, 1113798, 48426, 1172333, 50971, 1226061, 53307, 1294072, 56264, 1355850, 58950, 1415719, 61553, 1481867, 64429, 1551810, 67470, 1629389, 70843, 1702989, 74043, 1782546, 77502, 1873833, 81471, 1959899, 85213, 2064411, 89757, 2164277, 94099, 2263890, 98430, 2374267, 103229, 2482091, 107917, 2590927, 112649, 2720118, 118266, 5142, 135355, 5885, 159620, 6940, 182183, 7921, 198375, 8625, 375, 15433, 671, 19780, 860, 28911, 1257, 43953, 1911, 47702, 2074, 53452, 2324, 56695, 2465, 62836, 2732, 82110, 3570, 90275, 3925, 107985, 4695, 115437, 5019, 125051, 5437, 138759, 6033, 151225, 6575, 176180, 7660, 184759, 8033, 198306, 8622, 225308, 9796, 254403, 11061, 284763, 12381, 303577, 13199, 335156, 14572, 361675, 15725, 392104, 17048, 413747, 17989, 434493, 18891, 460736, 20032, 500986, 21782, 523687, 22769, 566674, 24638, 595907, 25909, 631925, 27475, 671347, 29189, 702374, 30538, 748535, 32545, 1415, 44988, 1956, 47863, 2081, 60053, 2611, 73692, 3204, 83329, 3623, 97980, 4260, 106835, 4645, 131698, 5726, 157642, 6854, 298, 27370, 1190, 44183, 1921, 57132, 2484, 108, 17296, 752, 32752, 1424, 53475, 2325, 57638, 2506, 80362, 3494, 103155, 4485, 195, 14789, 643, 35650, 1550, 45471, 1977, 67666, 2942, 89907, 3909, 114034, 4958, 130939, 5693, 147660, 6420, 156837, 6819, 173765, 7555, 191429, 8323, 218132, 9484, 234968, 10216, 248860, 10820, 268870, 11690, 286074, 12438, 315054, 13698, 340699, 14813, 356431, 15497, 388470, 16890, 412712, 17944, 434332, 18884, 454135, 19745, 483989, 21043, 524331, 22797, 550804, 23948, 579347, 25189, 608212, 26444, 650279, 28273, 684066, 29742, 716565, 31155, 759667, 33029, 793615, 34505, 832715, 36205, 871677, 37899, 926118, 40266, 981088, 42656, 1036610, 45070, 1093627, 47549, 1148528, 49936, 1201221, 52227, 1269071, 55177, 2399, 64009, 2783, 121, 8418, 366, 28083, 1221, 31142, 1354, 50876, 2212, 56764, 2468, 65665, 2855, 71277, 3099, 89999, 3913, 96669, 4203, 116495, 5065, 126155, 5485, 141749, 6163, 168130, 7310, 192901, 8387, 215073, 9351, 236371, 10277, 264109, 11483, 281106, 12222, 301599, 13113, 317469, 13803, 334029, 14523, 357742, 15554, 378810, 16470, 397118, 17266, 429088, 18656, 450501, 19587, 482954, 20998, 524170, 22790, 565340, 24580, 604624, 26288, 651130, 28310, 697820, 30340, 730917, 31779, 777400, 33800, 823147, 35789, 859855, 37385, 906430, 39410, 955949, 41563, 999350, 43450, 1045557, 45459, 1101125, 47875, 1160028, 50436, 1228844, 53428, 1302490, 56630, 1362796, 59252, 1425724, 61988, 1490469, 64803, 1566300, 68100, 1652780, 71860, 1731992, 75304, 1809134, 78658, 1907091, 82917, 1991846, 86602, 2084881, 90647, 2179204, 94748, 2284061, 99307, 2398072, 104264, 2506931, 108997, 4739, 114655, 4985, 135263, 5881, 155848, 6776, 175490, 7630, 198743, 8641, 222088, 9656, 249205, 10835, 261878, 11386, 274183, 11921, 292537, 12719, 553, 14191, 617, 32269, 1403]
23,1,63,[504, 42504, 1848, 55936, 2432, 82984, 3608, 115552, 5024, 135056, 5872, 151064, 6568, 176456, 7672, 202952, 8824, 233496, 10152, 256680, 11160, 275080, 11960, 520, 32752, 1424, 64584, 2808, 70288, 3056, 102304, 4448, 119784, 5208, 139472, 6064, 167256, 7272, 180320, 7840, 217120, 9440, 241040, 10480, 273240, 11880, 302496, 13152, 343160, 14920, 381248, 16576, 420992, 18304, 466808, 20296, 501584, 21808, 529184, 23008, 563776, 24512, 612904, 26648, 659824, 28688, 698648, 30376, 752192, 32704, 815304, 35448, 857992, 37304, 925704, 40248, 996360, 43320, 1055608, 45896, 1117432, 48584, 1177600, 51200, 1231696, 53552, 1296832, 56384, 1369144, 59528, 1434464, 62368, 1518552, 66024, 1604848, 69776, 1699240, 73880, 1778912, 77344, 1882320, 81840, 1972848, 85776, 2071656, 90072, 2167520, 94240, 2274792, 98904, 2379488, 103456, 2485840, 108080, 2598264, 112968, 2732952, 118824, 2860464, 124368, 2994968, 130216, 3144008, 136696, 3290840, 143080, 3462880, 150560, 3616336, 157232, 3779360, 164320, 3955264, 171968, 4156192, 180704, 4360064, 189568, 4552528, 197936, 4780872, 207864, 5007560, 217720, 5228176, 227312, 5459832, 237384, 5698664, 247768, 5963808, 259296, 6247720, 271640, 6533840, 284080, 6828056, 296872, 7140856, 310472, 7477392, 325104, 7834352, 340624, 8199592, 356504, 8561888, 372256, 8935592, 388504, 9340024, 406088, 17656, 445464, 19368, 467728, 20336, 493856, 21472, 534152, 23224, 581992, 25304, 613088, 26656, 671600, 29200, 719624, 31288, 762496, 33152, 808680, 35160, 867008, 37696, 936560, 40720, 991760, 43120, 1060944, 46128, 1125896, 48952, 1186432, 51584, 1264080, 54960, 1337864, 58168, 1397480, 60760, 1482856, 64472, 1551672, 67464, 1626376, 70712, 1711568, 74416, 1801912, 78344, 1888944, 82128, 1997136, 86832, 2094104, 91048, 2205424, 95888, 2302760, 100120, 2404328, 104536, 2510312, 109144, 2632488, 114456, 2758528, 119936, 2898736, 126032, 3046488, 132456, 3210800, 139600, 3369224, 146488, 3517160, 152920, 3693248, 160576, 3872648, 168376, 4064192, 176704, 4266960, 185520, 4455376, 193712, 4657776, 202512, 4889248, 212576, 5116304, 222448, 5360472, 233064, 5600776, 243512, 5860216, 254792, 6145416, 267192, 6414056, 278872, 6721888, 292256, 7040208, 306096, 7363680, 320160, 13920, 341320, 14840, 363400, 15800, 411056, 17872, 430376, 18712, 467912, 20344, 505632, 21984, 555128, 24136, 592296, 25752, 639768, 27816, 680616, 29592, 730480, 31760, 791200, 34400, 847320, 36840, 908776, 39512, 978696, 42552, 1024144, 44528, 1936, 52256, 2272, 80592, 3504, 95680, 4160, 128800, 5600, 150328, 6536, 162656, 7072, 185656, 8072, 225584, 9808, 249872, 10864, 272320, 11840, 310224, 13488, 338192, 14704, 363032, 15784, 387504, 16848, 421728, 18336, 447304, 19448, 485576, 21112, 537096, 23352, 570584, 24808, 615664, 26768, 669944, 29128, 713552, 31024, 773536, 33632, 815856, 35472, 860016, 37392, 922024, 40088, 993968, 43216, 1069040, 46480, 1144480, 49760, 1210168, 52616, 1284504, 55848, 1346144, 58528, 1427840, 62080, 1494264, 64968, 1582400, 68800, 1661336, 72232, 1750944, 76128, 1857480, 80760, 1948376, 84712, 2037432, 88584, 2141944, 93128, 2236520, 97240, 2361272, 102664, 2485656, 108072, 2619792, 113904, 2745280, 119360, 2883464, 125368, 3034896, 131952, 3168296, 137752, 3313288, 144056, 3467480, 150760, 3644304, 158448, 3804200, 165400, 3979736, 173032, 4157112, 180744, 4352336, 189232, 4557496, 198152, 4765784, 207208, 4974440, 216280, 5206648, 226376, 5447504, 236848, 5708968, 248216, 10792, 266248, 11576, 287960, 12520, 312064, 13568, 356040, 15480, 372968, 16216, 390632, 16984, 422096, 18352, 470856, 20472, 494224, 21488, 524400, 22800, 557336, 24232, 600392, 26104, 658352, 28624, 704352, 30624, 750904, 32648, 799480, 34760, 844376, 36712, 886880, 38560, 942816, 40992, 992496, 43152, 1041440, 45280, 1109888, 48256, 1161040, 50480, 1237584, 53808, 1307320, 56840, 1374296, 59752, 1464456, 63672, 1539712, 66944, 1626928, 70736, 1713592, 74504, 1798232, 78184, 1886552, 82024, 1977264, 85968, 2087848, 90776, 2204688, 95856, 2322264, 100968, 2453640, 106680, 2569008, 111696, 2692288, 117056, 2822376, 122712, 2955224, 128488, 3098192, 134704, 3256064, 141568, 3401976, 147912, 3581744, 155728, 3763536, 163632, 3941648, 171376, 4117368, 179016, 4306520, 187240, 4522720, 196640, 4738184, 206008, 4973152, 216224, 5190824, 225688, 5433888, 236256, 10272, 266800, 11600, 289984, 12608, 308384, 13408, 353648, 15376, 386400, 16800, 417680, 18160, 454664, 19768, 490360, 21320, 543536, 23632, 583096, 25352, 617136, 26832, 664240, 28880, 714840, 31080, 756056, 32872, 796168, 34616, 832232, 36184, 875656, 38072, 923864, 40168, 978512, 42544, 1045672, 45464, 1114304, 48448, 1177232, 51184, 1241448, 53976, 1321488, 57456, 1381840, 60080, 1447712, 62944, 1533824, 66688, 1616440, 70280, 1708440, 74280, 1801544, 78328, 1898696, 82552, 1988488, 86456, 2106800, 91600, 2218672, 96464, 2318032, 100784, 2449224, 106488, 2586120, 112440, 2721728, 118336, 2841512, 123544, 2980984, 129608, 3114936, 135432, 3261952, 141824, 3412464, 148368, 3586896, 155952, 3760224, 163488, 3929504, 170848, 4106144, 178528, 4287568, 186416, 4475432, 194584, 4675808, 203296, 4910960, 213520, 5140408, 223496, 5371144, 233528, 5617704, 244248, 5877880, 255560, 6143576, 267112, 6429512, 279544, 6711952, 291824, 12688, 326232, 14184, 363584, 15808, 389528, 16936, 418048, 18176, 444912, 19344, 465704, 20248, 497536, 21632, 536544, 23328, 568560, 24720, 619344, 26928, 672336, 29232, 733424, 31888, 779792, 33904, 816592, 35504, 873816, 37992, 939320, 40840, 1001880, 43560, 1075848, 46776, 1147240, 49880, 1220288, 53056, 1299408, 56496, 1367488, 59456, 1428392, 62104, 1496288, 65056, 1578720, 68640, 1658944, 72128, 3136, 86848, 3776, 96416, 4192, 109296, 4752, 134320, 5840, 170568, 7416, 192464, 8368, 228344, 9928, 259992, 11304, 287224, 12488, 331568, 14416, 372048, 16176, 398360, 17320, 417128, 18136, 452640, 19680, 494040, 21480, 545928, 23736, 1032, 53728, 2336, 74888, 3256, 96968, 4216, 111320, 4840, 130640, 5680, 168176, 7312, 205896, 8952, 222088, 9656, 259256, 11272, 273424, 11888, 314272, 13664, 330832, 14384, 358248, 15576, 381064, 16568, 409216, 17792, 445832, 19384, 491280, 21360, 535808, 23296, 588064, 25568, 635352, 27624, 664424, 28888, 1256, 50416, 2192, 62744, 2728, 85744, 3728, 92368, 4016, 116656, 5072, 139104, 6048, 177008, 7696, 204976, 8912, 229816, 9992, 254288, 11056, 288512, 12544, 314088, 13656, 352360, 15320, 370576, 16112, 404064, 17568, 449144, 19528, 470120, 20440, 513728, 22336, 540408, 23496, 582728, 25336, 626888, 27256, 655592, 28504, 694232, 30184, 736000, 32000, 778136, 33832, 843824, 36688, 884856, 38472, 946496, 41152, 994888, 43256, 1061312, 46144, 1116144, 48528, 1195080, 51960, 1251384, 54408, 1324616, 57592, 2504, 89056, 3872, 104512, 4544, 127880, 5560, 158056, 6872, 190992, 8304, 200744, 8728, 225400, 9800, 238096, 10352, 251344, 10928, 266616, 11592]
23,1,64,[83, 22586, 982, 47104, 2048, 50623, 2201, 76360, 3320, 91448, 3976, 124844, 5428, 236, 14490, 630, 28359, 1233, 50186, 2182, 81788, 3556, 105938, 4606, 119370, 5190, 146625, 6375, 158884, 6908, 177560, 7720, 207345, 9015, 248722, 10814, 265420, 11540, 301967, 13129, 343045, 14915, 374141, 16267, 399234, 17358, 440128, 19136, 832, 25852, 1124, 56396, 2452, 79442, 3454, 88780, 3860, 120589, 5243, 158194, 6878, 166543, 7241, 201733, 8771, 222272, 9664, 237820, 10340, 267283, 11621, 287730, 12510, 331131, 14397, 377890, 16430, 406088, 17656, 445809, 19383, 490199, 21313, 533577, 23199, 578841, 25167, 611363, 26581, 661480, 28760, 704950, 30650, 756194, 32878, 805253, 35011, 847619, 36853, 894769, 38903, 948382, 41234, 1016094, 44178, 1086750, 47250, 1145768, 49816, 1226475, 53325, 1295981, 56347, 1381748, 60076, 2612, 81811, 3557, 107433, 4671, 115046, 5002, 136229, 5923, 159804, 6948, 169694, 7378, 203550, 8850, 238878, 10386, 268387, 11669, 291824, 12688, 326577, 14199, 352544, 15328, 382582, 16634, 406571, 17677, 443371, 19277, 467061, 20307, 518259, 22533, 564328, 24536, 615342, 26754, 649451, 28237, 701224, 30488, 750835, 32645, 795248, 34576, 840121, 36527, 881061, 38307, 937020, 40740, 988057, 42959, 1057494, 45978, 1104943, 48041, 1177991, 51217, 1257157, 54659, 1327997, 57739, 1398975, 60825, 1478923, 64301, 1566760, 68120, 1659887, 72169, 1758534, 76458, 1843818, 80166, 1940165, 84355, 2045114, 88918, 3866, 95726, 4162, 132250, 5750, 250, 35420, 1540, 69322, 3014, 73807, 3209, 94668, 4116, 131146, 5702, 167739, 7293, 177974, 7738, 200422, 8714, 238556, 10372, 281290, 12230, 318527, 13849, 336789, 14643, 373497, 16239, 391207, 17009, 425868, 18516, 445855, 19385, 493189, 21443, 524929, 22823, 558049, 24263, 613203, 26661, 645748, 28076, 697360, 30320, 736506, 32022, 777354, 33798, 827333, 35971, 895666, 38942, 939021, 40827, 982790, 42730, 1053469, 45803, 1113982, 48434, 1190365, 51755, 1249475, 54325, 1336162, 58094, 1422205, 61835, 1500221, 65227, 1597810, 69470, 1681990, 73130, 1774243, 77141, 1883746, 81902, 1998010, 86870, 2117242, 92054, 2221064, 96568, 2338226, 101662, 2442830, 106210, 2576989, 112043, 2703742, 117554, 2822767, 122729, 2946967, 128129, 3103045, 134915, 3267380, 142060, 3427092, 149004, 3590806, 156122, 3777819, 164253, 3956782, 172034, 4153823, 180601, 4341779, 188773, 4548204, 197748, 4770959, 207433, 5006341, 217667, 5250486, 228282, 5489065, 238655, 5738017, 249479, 6018387, 261669, 6310947, 274389, 6617698, 287726, 6933373, 301451, 7253947, 315389, 7588459, 329933, 7949283, 345621, 15027, 372416, 16192, 704, 37490, 1630, 68540, 2980, 90643, 3941, 106352, 4624, 112447, 4889, 136459, 5933, 174754, 7598, 194120, 8440, 234922, 10214, 248078, 10786, 291226, 12662, 321540, 13980, 363469, 15803, 382214, 16618, 416484, 18108, 444889, 19343, 841, 39307, 1709, 51313, 2231, 97, 9683, 421, 20401, 887, 40411, 1757, 55407, 2409, 82823, 3601, 105547, 4589, 127788, 5556, 152467, 6629, 166451, 7237, 195753, 8511, 205735, 8945, 245571, 10677, 263603, 11461, 285361, 12407, 312478, 13586, 349600, 15200, 394220, 17140, 418715, 18205, 454572, 19764, 484633, 21071, 510117, 22179, 542593, 23591, 589720, 25640, 641838, 27906, 680041, 29567, 727260, 31620, 785358, 34146, 840098, 36526, 879566, 38242, 941344, 40928, 998453, 43411, 1056574, 45938, 1112809, 48383, 1181786, 51382, 2234, 58029, 2523, 84088, 3656, 120106, 5222, 126799, 5513, 155848, 6776, 183218, 7966, 202952, 8824, 233841, 10167, 245479, 10673, 257623, 11201, 487, 17572, 764, 25691, 1117, 45931, 1997, 75877, 3299, 93886, 4082, 114149, 4963, 145590, 6330, 159275, 6925, 169142, 7354, 201503, 8761, 241155, 10485, 281060, 12220, 303577, 13199, 346196, 15052, 375958, 16346, 415840, 18080, 436862, 18994, 483805, 21035, 523963, 22781, 562925, 24475, 591813, 25731, 642551, 27937, 692553, 30111, 728548, 31676, 767579, 33373, 1451, 37766, 1642, 52647, 2289, 72588, 3156, 83099, 3613, 89654, 3898, 109733, 4771, 129214, 5618, 143658, 6246, 169027, 7349, 194028, 8436, 228942, 9954, 265374, 11538, 298977, 12999, 317860, 13820, 361100, 15700, 397394, 17278, 422027, 18349, 466854, 20298, 504804, 21948, 535578, 23286, 573574, 24938, 607338, 26406, 636686, 27682, 683491, 29717, 714679, 31073, 1351, 57431, 2497, 79051, 3437, 97198, 4226, 126431, 5497, 239, 18975, 825, 49220, 2140, 52831, 2297, 84548, 3676, 116173, 5051, 141818, 6166, 150926, 6562, 167785, 7295, 180964, 7868, 191774, 8338, 217764, 9468, 249297, 10839, 268962, 11694, 295366, 12842, 319976, 13912, 363308, 15796, 405582, 17634, 446752, 19424, 483828, 21036, 525458, 22846, 558601, 24287, 615250, 26750, 643471, 27977, 684687, 29769, 724753, 31511, 757735, 32945, 803919, 34953, 862408, 37496, 908730, 39510, 976189, 42443, 1030400, 44800, 1103149, 47963, 1162880, 50560, 1222266, 53142, 1293060, 56220, 1361048, 59176, 1449644, 63028, 1524440, 66280, 1615727, 70249, 1696273, 73751, 1789147, 77789, 1871349, 81363, 1970364, 85668, 2079568, 90416, 2174397, 94539, 2282175, 99225, 2385813, 103731, 2491015, 108305, 2630211, 114357, 2746039, 119393, 5191, 148120, 6440, 280, 12604, 548, 41101, 1787, 66424, 2888, 88435, 3845, 98164, 4268, 121555, 5285, 153318, 6666, 187933, 8171, 204930, 8910, 227079, 9873, 245778, 10686, 277058, 12046, 314111, 13657, 354246, 15402, 391713, 17031, 424925, 18475, 452226, 19662, 501308, 21796, 545169, 23703, 587995, 25565, 631212, 27444, 666011, 28957, 1259, 55223, 2401, 70863, 3081, 106306, 4622, 143290, 6230, 178940, 7780, 195546, 8502, 226113, 9831, 250654, 10898, 289501, 12587, 310914, 13518, 349439, 15193, 383755, 16685, 415150, 18050, 459678, 19986, 512026, 22262, 565179, 24573, 602991, 26217, 658628, 28636, 688735, 29945, 751042, 32654, 808703, 35161, 868871, 37777, 922829, 40123, 979133, 42571, 1052595, 45765, 1124838, 48906, 1185512, 51544, 1238527, 53849, 1301202, 56574, 1382783, 60121, 1475266, 64142, 1565886, 68082, 1636910, 71170, 1719848, 74776, 1799037, 78219, 1905205, 82835, 2005692, 87204, 2109077, 91699, 2231667, 97029, 2350761, 102207, 2479446, 107802, 2588719, 112553, 2721866, 118342, 2850505, 123935, 2990621, 130027, 3132416, 136192, 3281847, 142689, 3453956, 150172, 3611483, 157021, 6827, 191797, 8339, 219259, 9533, 244973, 10651, 258566, 11242, 296286, 12882, 312110, 13570, 590, 36225, 1575, 53981, 2347, 57799, 2513, 69138, 3006, 95680, 4160, 129260, 5620, 146648, 6376, 160379, 6973, 173236, 7532, 196949, 8563, 215809, 9383, 257554, 11198, 298172, 12964, 333201, 14487, 377108, 16396, 422924, 18388, 457493, 19891, 505333, 21971, 536130, 23310, 575621, 25027, 605061, 26307, 657846, 28602, 705571, 30677, 762726, 33162, 823837, 35819, 871424, 37888, 919609, 39983, 972831, 42297, 1839, 76498, 3326, 100418, 4366, 132733, 5771, 169395, 7365, 184115, 8005, 193591, 8417, 234370, 10190, 246031, 10697, 259670, 11290, 300380, 13060, 341389, 14843, 368000, 16000, 406065, 17655, 444314, 19318, 494523, 21501, 543973, 23651, 577921, 25127, 619229, 26923, 665275, 28925, 714794, 31078, 753227, 32749, 815396, 35452, 864087, 37569, 916366, 39842, 965034, 41958, 1015818, 44166, 1068810, 46470, 1129990, 49130, 1182062, 51394, 1251108, 54396, 1306975, 56825, 1385865, 60255, 1472598, 64026, 1561631, 67897, 1630999, 70913, 1707796, 74252, 1793816, 77992, 1904170, 82790, 2006083, 87221, 2100659, 91333, 3971, 117369, 5103, 151892, 6604, 162909, 7083, 202354, 8798, 228804, 9948, 256404, 11148, 291088, 12656, 312570, 13590, 355580, 15460, 376924, 16388, 410964, 17868, 458252, 19924, 487002, 21174, 528770, 22990, 570883, 24821, 601588, 26156, 635099, 27613, 681835, 29645, 742371, 32277, 786416, 34192, 841202, 36574, 883660, 38420, 936790, 40730, 1006940, 43780, 1066901, 46387, 1141237, 49619, 1202624, 52288, 1268151, 55137, 1332114, 57918, 1395916, 60692, 1483086, 64482, 1566691, 68117, 1655402, 71974, 1737673, 75551, 1841173, 80051, 1937405, 84235, 2034879, 88473, 2145417, 93279, 2259290, 98230, 2386940, 103780, 2496604, 108548, 2621333, 113971, 2744130, 119310, 2876679, 125073, 3034114, 131918, 3185155, 138485, 3326582, 144634, 3485926, 151562, 3659553, 159111, 3848084, 167308, 4024218, 174966, 4206539, 182893, 4418852, 192124, 4618331, 200797, 4829425, 209975, 5051168, 219616, 5288436, 229932, 5519839, 239993, 5776013, 251131, 6052151, 263137, 6340295, 275665, 6630670, 288290, 6930728, 301336, 7251187, 315269, 7578224, 329488, 7926835, 344645, 8290603, 360461, 8658419, 376453, 9052524, 393588, 9463764, 411468, 9906123, 430701, 10341237, 449619, 10812921, 470127, 11293345, 491015, 11800541, 513067, 12322434, 535758, 12886141, 560267, 13461118, 585266, 14058152, 611224, 14701738, 639206, 15360067, 667829, 16029367, 696929, 16735122, 727614, 17475975, 759825, 18265220, 794140, 19087309, 829883, 19946612, 867244, 20822682, 905334, 21739784, 945208, 41096, 1012782, 44034, 1074468, 46716, 1125597, 48939, 1201014, 52218, 1265000, 55000, 1330297, 57839, 1413143, 61441, 1486352, 64624, 1575983, 68521, 1650388, 71756, 1750093, 76091, 1836481, 79847, 1936922, 84214, 2037317, 88579, 2134722, 92814, 2240775, 97425, 2367620, 102940, 2492625, 108375, 2633362, 114494, 4978, 134182, 5834, 162081, 7047, 182367, 7929, 215303, 9361, 407, 33304, 1448, 67114, 2918, 99452, 4324, 188, 10396, 452, 32913, 1431, 41699, 1813, 71461, 3107, 77510, 3370, 98532, 4284, 111642, 4854, 117967, 5129, 223, 28888, 1256, 50738, 2206, 83835, 3645, 103661, 4507, 140530, 6110, 168705, 7335, 206931, 8997, 221812, 9644, 241753, 10511, 457, 40388, 1756, 53912, 2344, 87147, 3789, 115943, 5041, 126868, 5516, 160333, 6971, 170246, 7402, 205597, 8939, 236601, 10287, 255714, 11118, 280071, 12177, 306958, 13346, 329130, 14310, 349324, 15188, 376280, 16360, 402937, 17519, 443992, 19304, 473593, 20591, 503010, 21870, 554300, 24100, 606349, 26363, 640067, 27829, 700258, 30446, 755711, 32857, 807691, 35117, 870757, 37859, 910087, 39569, 962895, 41865, 1012115, 44005, 1064946, 46302, 1115661, 48507, 2109, 74152, 3224, 83260, 3620, 100119, 4353, 113298, 4926, 124108, 5396, 150098, 6526, 181631, 7897, 201296, 8752, 227700, 9900, 252310, 10970, 295642, 12854, 337916, 14692, 379086, 16482, 416162, 18094, 457792, 19904, 490935, 21345, 513751, 22337, 541972, 23564, 583188, 25356, 623254, 27098, 656236, 28532, 702420, 30540, 760909, 33083, 807231, 35097, 874690, 38030, 928901, 40387, 1001650, 43550, 1061381, 46147, 1120767, 48729, 1191561, 51807, 1259549, 54763, 2381, 74796, 3252, 91287, 3969, 114379, 4973, 126707, 5509, 149868, 6516, 166681, 7247, 176870, 7690, 196328, 8536, 209277, 9099, 238970, 10390, 274367, 11929, 308361, 13407, 352659, 15333, 390057, 16959, 418784, 18208, 459057, 19959, 505494, 21978, 546595, 23765, 579186, 25182, 633788, 27556, 664286, 28882, 718175, 31225, 769994, 33478, 822595, 35765, 1555, 57914, 2518, 76613, 3331, 107893, 4691, 144946, 6302, 274, 37467, 1629, 67045, 2915, 94967, 4129, 116748, 5076, 145360, 6320, 178158, 7746, 212382, 9234, 237797, 10339, 265788, 11556, 292054, 12698, 307694, 13378, 343137, 14919, 380121, 16527, 415771, 18077, 466210, 20270, 496777, 21599, 521318, 22666, 560165, 24355, 615411, 26757, 653936, 28432, 688252, 29924, 719647, 31289, 764175, 33225, 816523, 35501, 869676, 37812, 1644, 55637, 2419, 63940, 2780, 96140, 4180, 125327, 5449, 161667, 7029, 189290, 8230, 225469, 9803, 242627, 10549, 275241, 11967, 297505, 12935, 323679, 14073, 367172, 15964, 386078, 16786, 430813, 18731, 462783, 20121, 510853, 22211, 556600, 24200, 586684, 25508, 613663, 26681, 641815, 27905, 678546, 29502, 731584, 31808, 795754, 34598, 839178, 36486, 887432, 38584, 945139, 41093, 1008297, 43839, 1053607, 45809, 1122952, 48824, 1198254, 52098, 1254765, 54555, 1341682, 58334, 1408842, 61254, 1477451, 64237, 1572579, 68373, 1665959, 72433, 1747218, 75966, 1852604, 80548, 1936094, 84178, 2051163, 89181, 2155054, 93698, 2276701, 98987, 2402166, 104442, 2538970, 110390, 2668483, 116021, 2797743, 121641, 2944391, 128017, 3104770, 134990, 3244173, 141051, 3407289, 148143, 6441, 156055, 6785, 295, 35029, 1523, 43907, 1909]
29,1,5,[144, 8352, 288, 12528, 432, 16704, 576, 20880, 720, 25056, 864, 29232, 1008, 33408, 1152, 37584, 1296, 41760, 1440, 45936, 1584, 50112, 1728, 54288, 1872, 58464, 2016, 62640, 2160, 66816, 2304, 70992, 2448, 75168, 2592, 79344, 2736, 83520, 2880, 87696, 3024, 91872, 3168, 96048, 3312, 100224, 3456, 104400, 3600, 108576, 3744, 112752, 3888, 116928, 4032, 121104, 4176]
29,1,7,[16, 3712, 128, 6264, 216, 9106, 314, 14268, 492, 20416, 704, 22736, 784, 23722, 818, 25752, 888, 30276, 1044, 36, 2494, 86, 8236, 284, 13166, 454, 17458, 602, 22504, 776, 27724, 956, 34336, 1184, 40368, 1392, 48, 5278, 182, 7076, 244, 9744, 336, 13514, 466, 14384, 496, 15486, 534, 18444, 636, 24534, 846, 26390, 910, 29522, 1018, 31146, 1074, 32422, 1118, 36772, 1268, 42282, 1458, 45356, 1564, 52374, 1806, 55796, 1924, 59740, 2060, 62002, 2138, 68382, 2358, 72558, 2502, 76676, 2644, 80330, 2770, 86130, 2970, 91524, 3156, 99528, 3432, 104980, 3620, 113448, 3912, 122612, 4228, 131486, 4534, 138040, 4760, 143608, 4952, 153004, 5276, 163734, 5646, 173420, 5980, 180612, 6228, 191284, 6596, 200506, 6914, 209844, 7236, 220110, 7590, 231942, 7998, 244586, 8434, 257868, 8892, 270396, 9324, 282750, 9750, 293712, 10128, 305254, 10526, 321436, 11084, 333732, 11508, 350088, 12072, 363776, 12544, 379552, 13088, 394458, 13602, 408262, 14078, 424966, 14654, 441438, 15222, 461912, 15928, 479254, 16526, 500830, 17270, 521130, 17970, 542938, 18722, 565094, 19486, 590034, 20346, 613814, 21166, 640030, 22070, 662302, 22838, 688170, 23730, 713516, 24604, 740544, 25536, 769312, 26528, 800284, 27596, 831314, 28666, 862808, 29752, 898014, 30966, 933626, 32194, 966628, 33332, 1002182, 34558, 1040578, 35882, 1078278, 37182, 1116268, 38492, 1156578, 39882, 1197874, 41306, 1241200, 42800, 1289050, 44450, 1337944, 46136, 1389332, 47908, 1652, 55216, 1904, 60958, 2102, 65888, 2272, 70180, 2420, 75226, 2594, 80446, 2774, 87058, 3002, 93090, 3210, 100340, 3460, 105618, 3642, 112694, 3886, 134, 7656, 264, 8526, 294, 9628, 332, 12586, 434, 18676, 644, 20532, 708, 23664, 816, 25288, 872, 26564, 916, 30914, 1066, 36424, 1256, 39498, 1362, 46516, 1604, 49938, 1722, 53882, 1858, 56144, 1936, 62524, 2156, 66700, 2300, 70818, 2442, 74472, 2568, 80272, 2768, 85666, 2954, 93670, 3230, 99122, 3418, 107590, 3710, 116754, 4026, 125628, 4332, 132182, 4558, 137750, 4750, 147146, 5074, 157876, 5444, 167562, 5778, 174754, 6026, 185426, 6394, 194648, 6712, 203986, 7034, 214252, 7388, 226084, 7796, 238728, 8232, 252010, 8690, 264538, 9122, 276892, 9548, 287854, 9926, 299396, 10324, 356, 12296, 424, 16356, 564, 19546, 674, 21634, 746, 26622, 918, 31378, 1082, 34278, 1182, 39904, 1376, 43906, 1514, 46632, 1608, 50866, 1754, 55448, 1912, 62814, 2166, 69020, 2380, 71804, 2476, 76502, 2638, 84796, 2924, 92568, 3192, 96164, 3316, 101500, 3500, 109040, 3760, 116638, 4022, 124700, 4300, 130616, 4504, 136938, 4722, 146508, 5052, 152772, 5268, 161878, 5582, 170288, 5872, 178988, 6172, 190008, 6552, 202014, 6966, 210192, 7248, 222894, 7686, 230782, 7958, 241164, 8316, 253924, 8756, 268134, 9246, 282228, 9732, 295394, 10186, 306994, 10586, 317782, 10958, 333790, 11510, 350552, 12088, 367488, 12672, 385816, 13304, 403564, 13916, 422530, 14570, 439524, 15156, 458316, 15804, 479776, 16544, 499148, 17212, 519390, 17910, 540734, 18646, 565036, 19484, 589570, 20330, 610102, 21038, 633766, 21854, 659054, 22726, 685618, 23642, 710674, 24506, 735382, 25358, 763164, 26316, 792106, 27314, 824470, 28430, 854920, 29480, 887632, 30608, 920866, 31754, 958276, 33044, 993946, 34274, 1033270, 35630, 1072536, 36984, 1111338, 38322, 1152286, 39734, 1192828, 41132, 1235980, 42620, 1282438, 44222, 1331912, 45928, 1382082, 47658, 1431962, 49378, 1485380, 51220, 1537812, 53028, 1594072, 54968, 1651666, 56954, 1714074, 59106, 1773988, 61172, 1837382, 63358, 1905184, 65696, 1973102, 68038, 2041948, 70412, 2428, 77082, 2658, 83578, 2882, 88682, 3058, 94366, 3254, 98832, 3408, 105270, 3630, 109910, 3790, 117740, 4060, 140, 9048, 312, 13804, 476, 16704, 576, 22330, 770, 26332, 908, 29058, 1002, 33292, 1148, 37874, 1306, 39382, 1358, 45588, 1572, 48372, 1668, 53070, 1830, 55506, 1914, 66, 3596, 124, 5336, 184, 7540, 260, 13456, 464]
29,1,14,[405, 23490, 810, 35235, 1215, 46980, 1620, 58725, 2025, 70470, 2430, 82215, 2835, 93960, 3240, 105705, 3645, 117450, 4050, 129195, 4455, 140940, 4860, 152685, 5265, 164430, 5670, 176175, 6075, 187920, 6480, 199665, 6885, 211410, 7290, 223155, 7695, 234900, 8100, 246645, 8505, 258390, 8910, 270135, 9315, 281880, 9720, 293625, 10125, 305370, 10530, 317115, 10935, 328860, 11340, 340605, 11745]
29,1,18,[36, 4727, 163, 14268, 492, 29348, 1012, 43906, 1514, 48546, 1674, 61161, 2109, 74211, 2559, 80417, 2773, 92568, 3192, 96802, 3338, 101703, 3507, 119277, 4113, 135894, 4686, 149437, 5153, 165010, 5690, 173826, 5994, 190240, 6560, 199926, 6894, 217761, 7509, 239337, 8253, 256447, 8843, 279357, 9633, 291595, 10055, 312591, 10779, 333790, 11510, 358846, 12374, 381640, 13160, 406783, 14027, 431230, 14870, 457562, 15778, 474382, 16358, 491782, 16958, 520202, 17938, 546476, 18844, 577303, 19907, 603983, 20827, 627415, 21635, 649571, 22399, 677701, 23369, 713574, 24606, 745474, 25706, 777432, 26808, 810492, 27948, 849381, 29289, 893258, 30802, 926144, 31936, 961727, 33163, 1003226, 34594, 1051366, 36254, 1089704, 37576, 1138221, 39249, 1183722, 40818, 1232355, 42495, 1280060, 44140, 1325242, 45698, 1382923, 47687, 1436341, 49529, 1499416, 51704, 1564666, 53954, 1625914, 56066, 1686669, 58161, 1753166, 60454, 1822998, 62862, 1895759, 65371, 1963735, 67715, 2335, 77865, 2685, 89407, 3083, 97179, 3351, 108866, 3754, 119393, 4117, 138098, 4762, 145986, 5034, 159877, 5513, 166953, 5757, 180525, 6225, 196649, 6781, 215934, 7446, 234842, 8098, 246587, 8503, 258216, 8904, 267641, 9229, 280517, 9673, 298526, 10294, 323408, 11152, 342896, 11824, 365661, 12609, 390253, 13457, 404231, 13939, 428069, 14761, 509, 23606, 814, 25462, 878, 30508, 1052, 35728, 1232, 44254, 1526, 55158, 1902, 65917, 2273, 73921, 2549, 90016, 3104, 93641, 3229, 102080, 3520, 111331, 3839, 120901, 4169, 136532, 4708, 146450, 5050, 153584, 5296, 168258, 5802, 175102, 6038, 184266, 6354, 192183, 6627, 206625, 7125, 224170, 7730, 240236, 8284, 258419, 8911, 271498, 9362, 293364, 10116, 315984, 10896, 337821, 11649, 359890, 12410, 386367, 13323, 405942, 13998, 430360, 14840, 456141, 15729, 477601, 16469, 507616, 17504, 533977, 18413, 566457, 19533, 594326, 20494, 625240, 21560, 653573, 22537, 678194, 23386, 707832, 24408, 742139, 25591, 774503, 26707, 815277, 28113, 849642, 29298, 883108, 30452, 914602, 31538, 953955, 32895, 991539, 34191, 1179, 45269, 1561, 59334, 2046, 69716, 2404, 85666, 2954, 101645, 3505, 118175, 4075, 130065, 4485, 144449, 4981, 160892, 5548, 171129, 5901, 184324, 6356, 193285, 6665, 212454, 7326, 229158, 7902, 244354, 8426, 261116, 9004, 277414, 9566, 300005, 10345, 321291, 11079, 332891, 11479, 356874, 12306, 374390, 12910, 389905, 13445, 412728, 14232, 438422, 15118, 458229, 15801, 487055, 16795, 505934, 17446, 532237, 18353, 563615, 19435, 585655, 20195, 611581, 21089, 635796, 21924, 756, 23722, 818, 27666, 954, 42166, 1454, 45704, 1576, 52490, 1810, 60552, 2088, 72, 9454, 326, 13427, 463, 28478, 982, 42485, 1465, 51765, 1785, 61886, 2134, 72877, 2513, 85289, 2941, 94482, 3258, 102950, 3550, 112752, 3888, 117682, 4058, 135807, 4683, 147784, 5096, 163821, 5649, 181453, 6257, 199172, 6868, 218544, 7536, 239105, 8245, 252039, 8691, 271150, 9350, 286752, 9888, 311228, 10732, 323002, 11138, 335182, 11558, 355076, 12244, 370446, 12774, 390514, 13466, 409190, 14110, 431636, 14884, 450167, 15523, 469858, 16202, 496480, 17120, 518810, 17890, 550246, 18974, 573388, 19772, 605143, 20867, 634346, 21874, 660388, 22772, 686807, 23683, 720389, 24841, 754087, 26003, 789989, 27241, 822440, 28360, 864867, 29823, 900421, 31049, 941369, 32461, 979040, 33760, 1014884, 34996, 1061342, 36598, 1262, 45675, 1575, 51939, 1791, 65192, 2248, 75255, 2595, 85144, 2936, 91727, 3163, 95932, 3308, 100282, 3458, 107387, 3703, 121510, 4190, 132994, 4586, 139664, 4816, 145522, 5018, 151061, 5209, 165648, 5712, 185948, 6412, 193923, 6687, 209467, 7223, 217732, 7508, 238786, 8234, 261087, 9003, 276863, 9547, 289536, 9984, 303688, 10472, 315723, 10887, 332862, 11478, 356323, 12287, 379030, 13070, 402520, 13880, 425778, 14682, 444628, 15332, 470380, 16220, 491289, 16941, 510835, 17615, 534702, 18438, 565123, 19487, 599198, 20662, 627154, 21626, 659721, 22749, 689243, 23767, 721346, 24874, 757161, 26109, 787959, 27171, 829197, 28593, 872378, 30082, 907149, 31281, 948329, 32701, 990408, 34152, 1034459, 35671, 1070651, 36919, 1108612, 38228, 1149966, 39654, 1195351, 41219, 1241780, 42820, 1292936, 44584, 1343251, 46319, 1392696, 48024, 1656, 51243, 1767, 67077, 2313, 80852, 2788, 85724, 2956, 102747, 3543, 108895, 3755, 119944, 4136, 133458, 4602, 148480, 5120, 161936, 5584, 175856, 6064, 183483, 6327, 192415, 6635, 211033, 7277, 232377, 8013, 245079, 8451, 259782, 8958, 282286, 9734, 301919, 10411, 359, 16501, 569, 26448, 912, 34133, 1177, 44167, 1523, 53505, 1845, 64728, 2232, 81548, 2812, 98948, 3412, 112259, 3871, 123424, 4256, 139142, 4798, 150713, 5197, 159036, 5484, 166083, 5727, 179104, 6176, 199868, 6892, 216659, 7471, 233508, 8052, 251459, 8671, 299, 13659, 471, 17777, 613, 20474, 706, 26390, 910, 33031, 1139, 38338, 1322, 48517, 1673, 60610, 2090, 63742, 2198, 77923, 2687, 90509, 3121, 103008, 3552, 113854, 3926, 123511, 4259, 140795, 4855, 151902, 5238, 166518, 5742, 198, 18444, 636, 33147, 1143, 40542, 1398, 45066, 1554, 55477, 1913, 71978, 2482, 83317, 2873, 87232, 3008, 101181, 3489, 109359, 3771, 113651, 3919, 119654, 4126, 127948, 4412, 134444, 4636, 152105, 5245, 170375, 5875, 185107, 6383, 193053, 6657, 208046, 7174, 220951, 7619, 239511, 8259, 259753, 8957, 281735, 9715, 335, 18386, 634, 32045, 1105, 34713, 1197, 40078, 1382, 51359, 1771, 54172, 1868, 62292, 2148, 65482, 2258, 80765, 2785, 84071, 2899, 101558, 3502, 116522, 4018, 128876, 4444, 136967, 4723, 154715, 5335, 174638, 6022, 190559, 6571, 205987, 7103, 227157, 7833, 236553, 8157, 248878, 8582, 271527, 9363, 293915, 10135, 311344, 10736, 325206, 11214, 346840, 11960, 365052, 12588, 378682, 13058, 395908, 13652, 421022, 14518, 444918, 15342, 460781, 15889, 490216, 16904, 520666, 17954, 540183, 18627, 563499, 19431, 583451, 20119, 615032, 21208, 640929, 22101, 664593, 22917, 691157, 23833, 727494, 25086, 753101, 25969, 786364, 27116, 814001, 28069, 855616, 29504, 890851, 30719, 925738, 31922, 969122, 33418, 1007750, 34750, 1046668, 36092, 1091096, 37624, 1134451, 39119, 1187637, 40953, 1231195, 42455, 1288238, 44422, 1344643, 46367, 1404035, 48415, 1459744, 50336, 1521021, 52449, 1582327, 54563, 1644184, 56696, 1701401, 58669, 1761112, 60728, 1822882, 62858, 1893555, 65295, 1967186, 67834, 2036583, 70227, 2116188, 72972, 2193328, 75632, 2608, 92307, 3183, 106952, 3688, 113245, 3905, 127049, 4381, 132472, 4568, 144855, 4995, 153497, 5293, 166605, 5745, 173913, 5997, 191893, 6617, 201115, 6935, 210134, 7246, 230405, 7945, 252938, 8722, 273122, 9418, 294002, 10138, 312997, 10793, 326395, 11255, 339213, 11697, 356120, 12280, 375173, 12937, 389673, 13437, 408320, 14080, 430215, 14835, 453386, 15634, 470583, 16227, 495146, 17074, 523682, 18058, 552160, 19040, 579536, 19984, 601083, 20727, 632751, 21819, 660301, 22769, 685154, 23626, 719200, 24800, 746605, 25745, 783812, 27028, 932, 30044, 1036, 42021, 1449, 58058, 2002, 60581, 2089, 63191, 2179, 67454, 2326, 72906, 2514, 85840, 2960, 89842, 3098, 105444, 3636, 114811, 3959, 126585, 4365, 138765, 4785, 165, 15370, 530, 20068, 692, 33785, 1165, 37555, 1295, 48749, 1681, 65018, 2242, 71949, 2481, 82766, 2854, 91872, 3168, 98687, 3403, 107300, 3700, 119857, 4133, 131805, 4545, 147291, 5079, 154454, 5326, 169679, 5851, 186992, 6448, 198650, 6850, 208626, 7194, 216862, 7478, 237365, 8185, 249197, 8593, 262479, 9051, 273093, 9417, 293451, 10119, 317637, 10953, 339010, 11690, 352263, 12147, 377435, 13015, 402433, 13877, 424125, 14625, 443439, 15291, 462898, 15962, 485112, 16728, 514344, 17736, 540937, 18653, 562716, 19404, 583683, 20127, 604331, 20839, 634027, 21863, 669436, 23084, 796, 30653, 1057, 38483, 1327, 51272, 1768, 67628, 2332, 76212, 2628, 88218, 3042, 104806, 3614, 117798, 4062, 122902, 4238, 129224, 4456, 143579, 4951, 159471, 5499, 174348, 6012, 185049, 6381, 191951, 6619, 202217, 6973, 215963, 7447, 235393, 8117, 257056, 8864, 275819, 9511, 299918, 10342, 319638, 11022, 331702, 11438, 349392, 12048, 368213, 12697, 393414, 13566, 418963, 14447, 436015, 15035, 457823, 15787, 479341, 16529, 510458, 17602, 542648, 18712, 565007, 19483, 596994, 20586, 630605, 21745, 664854, 22926, 696116, 24004, 731061, 25209, 760438, 26222, 789786, 27234, 818583, 28227, 852020, 29380, 882963, 30447, 926956, 31964, 962046, 33174, 1009287, 34803, 1045653, 36057, 1086920, 37480, 1130652, 38988, 1175892, 40548, 1219566, 42054, 1263704, 43576, 1316658, 45402, 1370917, 47273, 1419753, 48957, 1471315, 50735, 1529344, 52736, 1589374, 54806, 1657205, 57145, 1722165, 59385, 1793012, 61828, 2132, 71775, 2475, 79460, 2740, 89494, 3086, 98832, 3408, 110055, 3795, 126875, 4375, 144275, 4975, 157586, 5434, 168751, 5819, 184469, 6361, 196040, 6760, 204363, 7047, 243, 13021, 449, 20764, 716, 31900, 1100, 47067, 1623, 63278, 2182, 69107, 2383, 74095, 2555, 78213, 2697, 93, 5916, 204, 6641, 229, 20416, 704, 25288, 872, 27202, 938, 33350, 1150, 44399, 1531, 57913, 1997, 72935, 2515, 86391, 2979, 100311, 3459, 107938, 3722, 116870, 4030, 135488, 4672, 141723, 4887, 154425, 5325, 169128, 5832, 176523, 6087, 196156, 6764, 206567, 7123, 223068, 7692, 234407, 8083, 253431, 8739, 267380, 9220, 290667, 10023, 310068, 10692, 331180, 11420, 354583, 12227, 376188, 12972, 393849, 13581, 412119, 14211, 426851, 14719, 449906, 15514, 480008, 16552, 508022, 17518, 526582, 18158, 546824, 18856, 568806, 19614, 593630, 20470, 627125, 21625, 659170, 22730, 693883, 23927, 718852, 24788, 755102, 26038, 794165, 27385, 826239, 28491, 861503, 29707, 896941, 30929, 935685, 32265, 976807, 33683, 1017784, 35096, 1056006, 36414, 1102319, 38011, 1151271, 39699, 1205037, 41553, 1259615, 43435, 1314512, 45328, 1360361, 46909, 1415606, 48814, 1468067, 50623, 1528068, 52692, 1595348, 55012, 1664948, 57412, 1733301, 59769, 2061, 62872, 2168, 76502, 2638, 93728, 3232, 103733, 3577, 112520, 3880, 128383, 4427, 142709, 4921, 158050, 5450, 177567, 6123, 185774, 6406, 205726, 7094, 222198, 7662, 232986, 8034, 241541, 8329, 252996, 8724, 274224, 9456, 284722, 9818, 302876, 10444, 315404, 10876, 326801, 11269, 346927, 11963, 366705, 12645, 379871, 13099, 403390, 13910, 427199, 14731, 456518, 15742, 484764, 16716, 507732, 17508, 536181, 18489, 563006, 19414, 589193, 20317, 618367, 21323, 643858, 22202, 674917, 23273, 706005, 24345, 737644, 25436, 764643, 26367, 794136, 27384, 825688, 28472, 866143, 29867, 909556, 31364, 948735, 32715, 983013, 33897, 1029935, 35515, 1075349, 37081, 1122329, 38701, 1168845, 40305, 1221654, 42126, 1273158, 43902, 1330085, 45865, 1384286, 47734, 1646, 60842, 2098, 68150, 2350, 71021, 2449, 80243, 2767, 89262, 3078, 94424, 3256, 101848, 3512, 106923, 3687, 112694, 3886, 134, 13398, 462, 27927, 963, 32016, 1104, 34162, 1178, 44718, 1542, 48865, 1685, 52113, 1797, 68498, 2362, 77633, 2677, 84999, 2931, 88972, 3068, 104023, 3587, 118030, 4070, 127310, 4390, 137431, 4739, 148422, 5118, 160834, 5546, 170027, 5863, 178495, 6155, 188297, 6493, 208336, 7184, 226461, 7809, 238438, 8222, 254475, 8775, 272107, 9383, 289826, 9994, 309198, 10662, 329759, 11371, 342693, 11817, 361804, 12476, 377406, 13014, 401882, 13858, 428765, 14785, 456054, 15726, 475948, 16412, 506427, 17463, 526495, 18155, 545171, 18799, 567617, 19573, 601257, 20733, 636057, 21933, 662679, 22851, 700118, 24142, 731554, 25226, 769805, 26545, 801560, 27640, 830763, 28647, 871914, 30066, 913442, 31498, 947024, 32656, 980722, 33818, 1016624, 35056, 1064184, 36696, 1106611, 38159, 1157274, 39906, 1198222, 41318, 1251002, 43138, 1301955, 44895, 1348413, 46497, 1400120, 48280, 1460904, 50376, 1512843, 52167, 1578035, 54415, 1638181, 56489, 1708216, 58904, 1769725, 61025, 1835439, 63291, 1905503, 65707, 1982672, 68368, 2058855, 70995, 2131413, 73497, 2210641, 76229, 2295727, 79163, 2386352, 82288, 2476455, 85395, 2571749, 88681, 2675018, 92242, 2778722, 95818, 2875582, 99158, 2978387, 102703, 3088384, 106496, 3199048, 110312, 3322385, 114565, 3444765, 118785, 3564071, 122899, 3700516, 127604, 3830204, 132076, 3967490, 136810, 4113157, 141833, 4266973, 147137, 4424530, 152570, 4577621, 157849, 4736512, 163328, 5632, 172086, 5934, 187398, 6462, 206364, 7116, 219211, 7559, 236669, 8161, 251082, 8658, 268076, 9244, 288782, 9958, 304471, 10499, 315491, 10879, 328454, 11326, 348116, 12004, 374187, 12903, 401157, 13833, 477, 21083, 727, 22852, 788, 26245, 905, 30276, 1044]
29,1,26,[108, 19053, 657, 34017, 1173, 44979, 1551, 57072, 1968, 77865, 2685, 93351, 3219, 111, 21402, 738, 31929, 1101, 54114, 1866, 63510, 2190, 76995, 2655, 91698, 3162, 95613, 3297, 113970, 3930, 129195, 4455, 147204, 5076, 153033, 5277, 179394, 6186, 192357, 6633, 214803, 7407, 231246, 7974, 260304, 8976, 280575, 9675, 303804, 10476, 319551, 11019, 351654, 12126, 366792, 12648, 382452, 13188, 412206, 14214, 429432, 14808, 457794, 15786, 481110, 16590, 499206, 17214, 529221, 18249, 553494, 19086, 575592, 19848, 604476, 20844, 641886, 22134, 669291, 23079, 710442, 24498, 751506, 25914, 790221, 27249, 831024, 28656, 862692, 29748, 909759, 31371, 957696, 33024, 1007286, 34734, 1057833, 36477, 1112382, 38358, 1165800, 40200, 1210518, 41742, 1260543, 43467, 1322835, 45615, 1388781, 47889, 1444200, 49800, 1499271, 51699, 1566783, 54027, 1863, 61161, 2109, 79083, 2727, 82563, 2847, 89175, 3075, 93003, 3207, 109011, 3759, 126324, 4356, 135198, 4662, 156426, 5394, 186, 14616, 504, 23403, 807, 42282, 1458, 49764, 1716, 55245, 1905, 72210, 2490, 93525, 3225, 101268, 3492, 113796, 3924, 124497, 4293, 129543, 4467, 134763, 4647, 144681, 4989, 150423, 5187, 174435, 6015, 189486, 6534, 202797, 6993, 212802, 7338, 220893, 7617, 242817, 8373, 267003, 9207, 286752, 9888, 317724, 10956, 345999, 11931, 366966, 12654, 387150, 13350, 408030, 14070, 425865, 14685, 448833, 15477, 479370, 16530, 570, 31407, 1083, 40020, 1380, 54201, 1869, 65859, 2271, 74907, 2583, 78996, 2724, 102051, 3519, 113100, 3900, 127542, 4398, 146247, 5043, 170868, 5892, 180525, 6225, 201057, 6933, 209496, 7224, 218979, 7551, 234813, 8097, 247428, 8532, 260478, 8982, 285273, 9837, 299628, 10332, 315984, 10896, 342693, 11817, 365052, 12588, 379146, 13074, 410292, 14148, 443265, 15285, 460056, 15864, 476673, 16437, 510429, 17601, 548361, 18909, 568023, 19587, 596646, 20574, 627009, 21621, 660678, 22782, 696261, 24009, 739848, 25512, 781173, 26937, 826935, 28515, 861474, 29706, 898710, 30990, 943254, 32526, 988581, 34089, 1033212, 35628, 1080888, 37272, 1123431, 38739, 1180242, 40698, 1229223, 42387, 1285164, 44316, 1332492, 45948, 1387476, 47844, 1452639, 50091, 1508754, 52026, 1794, 72645, 2505, 83433, 2877, 90828, 3132]
29,1,45,[104, 25288, 872, 28768, 992, 37584, 1296, 64960, 2240, 76328, 2632, 107648, 3712, 128, 19488, 672, 26680, 920, 54984, 1896, 71224, 2456, 99760, 3440, 126672, 4368, 154512, 5328, 187224, 6456, 217152, 7488, 232464, 8016, 256128, 8832, 285824, 9856, 328280, 11320, 352640, 12160, 376536, 12984, 416904, 14376, 458664, 15816, 488824, 16856, 514808, 17752, 537776, 18544, 573272, 19768, 617816, 21304, 662592, 22848, 718040, 24760, 772792, 26648, 833344, 28736, 895984, 30896, 941224, 32456, 980200, 33800, 1033560, 35640, 1105712, 38128, 1172528, 40432, 1220784, 42096, 1285048, 44312, 1528, 71920, 2480, 93960, 3240, 124584, 4296, 134096, 4624, 155672, 5368, 164952, 5688, 175856, 6064, 185832, 6408, 228752, 7888, 272, 22504, 776, 51968, 1792, 83752, 2888, 108808, 3752, 126904, 4376, 165184, 5696, 186528, 6432, 222952, 7688, 234552, 8088, 276544, 9536, 317376, 10944, 342664, 11816, 371432, 12808, 409016, 14104, 436160, 15040, 474672, 16368, 506688, 17472, 542416, 18704, 597632, 20608, 641712, 22128, 665144, 22936, 721984, 24896, 765136, 26384, 821512, 28328, 881136, 30384, 938904, 32376, 986928, 34032, 1040520, 35880, 1085528, 37432, 1151648, 39712, 1205704, 41576, 1272056, 43864, 1336784, 46096, 1402440, 48360, 1472968, 50792, 1540712, 53128, 1832, 61480, 2120, 67512, 2328, 80272, 2768, 99992, 3448, 137344, 4736, 153816, 5304, 193024, 6656, 219240, 7560, 252880, 8720, 287680, 9920, 300208, 10352, 347072, 11968, 385120, 13280, 433608, 14952, 470728, 16232, 514344, 17736, 554248, 19112, 574664, 19816, 606216, 20904, 658416, 22704, 715024, 24656, 747504, 25776, 804576, 27744, 858400, 29600, 914080, 31520, 979504, 33776, 1039360, 35840, 1107800, 38200, 1155128, 39832, 1214520, 41880, 1261616, 43504, 1310336, 45184, 1358128, 46832, 1438864, 49616, 1522384, 52496, 1582704, 54576, 1672488, 57672, 1756240, 60560, 1827232, 63008, 1916320, 66080, 2005872, 69168, 2078952, 71688, 2472, 83288, 2872, 87464, 3016]
29,1,51,[90, 7134, 246, 28072, 968, 45298, 1562, 83810, 2890, 114782, 3958, 139432, 4808, 178234, 6146, 224286, 7734, 261580, 9020, 272078, 9382, 303630, 10470, 315578, 10882, 336806, 11614, 369112, 12728, 420268, 14492, 465798, 16062, 518810, 17890, 575128, 19832, 631910, 21790, 669958, 23102, 719664, 24816, 775518, 26742, 808172, 27868, 877424, 30256, 920982, 31758, 957174, 33006, 996092, 34348, 1048176, 36144, 1099100, 37900, 1175428, 40532, 1244042, 42898, 1297286, 44734, 1365668, 47092, 1449710, 49990, 1533694, 52886, 1614662, 55678, 1710246, 58974, 1794346, 61874, 1881346, 64874, 1947698, 67162, 2054766, 70854, 2135966, 73654, 2243614, 77366, 2354974, 81206, 2445048, 84312, 2542662, 87678, 2646598, 91262, 2779244, 95836, 2904640, 100160, 3038794, 104786, 3156882, 108858, 3296778, 113682, 3413416, 117704, 3563636, 122884, 3702778, 127682, 3865932, 133308, 4034712, 139128, 4196010, 144690, 4354002, 150138, 4511530, 155570, 4687792, 161648, 4852396, 167324, 5053714, 174266, 5235370, 180530, 5423290, 187010, 5636904, 194376, 5857884, 201996, 6076138, 209522, 6324088, 218072, 6573198, 226662, 6839766, 235854, 7114048, 245312, 7360838, 253822, 7635352, 263288, 7937068, 273692, 8238842, 284098, 8543632, 294608, 8876668, 306092, 9221188, 317972, 9562808, 329752, 9925076, 342244, 10289490, 354810, 10679772, 368268, 11086468, 382292, 11489452, 396188, 11913722, 410818, 12330452, 425188, 12783722, 440818, 13251144, 456936, 13725816, 473304, 14234592, 490848, 14759434, 508946, 15305330, 527770, 15874484, 547396, 16452918, 567342, 17042430, 587670, 17650792, 608648, 18296390, 630910, 18949470, 653430, 19605856, 676064, 20305568, 700192, 21029408, 725152, 21764906, 750514, 22549414, 777566, 23353584, 805296, 24194352, 834288, 25052288, 863872, 25945720, 894680, 26841878, 925582, 27794064, 958416, 28787952, 992688, 29807244, 1027836, 30861684, 1064196, 31943616, 1101504, 33083548, 1140812, 34239140, 1180660, 35437536, 1221984, 36675778, 1264682, 37971498, 1309362, 39298596, 1355124, 40671456, 1402464, 42109392, 1452048, 43588044, 1503036, 45126552, 1556088, 46691508, 1610052, 48303038, 1665622, 49979006, 1723414, 51705376, 1782944, 53523792, 1845648, 55370918, 1909342, 57296518, 1975742, 59273738, 2043922, 61320616, 2114504, 63475026, 2188794, 65691902, 2265238, 67985222, 2344318, 70353188, 2425972, 72788028, 2509932, 75314218, 2597042, 77918650, 2686850, 92650, 2814972, 97068, 2919430, 100670, 3036358, 104702, 3158796, 108924, 3756, 134850, 4650, 154280, 5320, 178814, 6166, 211584, 7296, 244006, 8414, 258332, 8908, 274630, 9470, 307748, 10612, 358266, 12354, 426, 42340, 1460, 58580, 2020, 88682, 3058, 110954, 3826, 154686, 5334, 199926, 6894, 237858, 8202, 281532, 9708, 323756, 11164, 376304, 12976, 408494, 14086, 453618, 15642, 485518, 16742, 515562, 17778, 534818, 18442, 593166, 20454, 626922, 21618, 667754, 23026, 794, 40078, 1382, 69542, 2398, 101500, 3500, 134560, 4640, 160, 26970, 930, 30856, 1064, 61480, 2120, 68034, 2346, 108808, 3752, 128818, 4442, 140650, 4850, 155846, 5374, 174522, 6018, 202710, 6990, 211178, 7282, 222894, 7686, 232058, 8002, 279966, 9654, 328048, 11312, 342316, 11804, 355598, 12262, 403332, 13908, 442366, 15254, 526, 21692, 748, 56434, 1946, 62814, 2166, 94540, 3260, 115536, 3984, 135778, 4682, 159674, 5506, 202130, 6970, 223880, 7720, 240468, 8292, 288666, 9954, 308966, 10654, 335878, 11582, 363718, 12542, 396952, 13688, 472, 25984, 896, 65308, 2252, 95642, 3298, 129978, 4482, 158108, 5452, 188, 26332, 908, 40542, 1398, 50808, 1752, 70296, 2424, 97846, 3374, 116000, 4000, 159906, 5514, 171332, 5908, 208278, 7182, 243542, 8398, 277066, 9554, 305834, 10546, 344462, 11878, 381466, 13154, 419746, 14474, 438654, 15126, 478906, 16514, 514634, 17746, 572286, 19734, 612712, 21128, 657488, 22672, 714154, 24626, 746170, 25730, 782246, 26974, 815132, 28108, 853586, 29434, 924404, 31876, 963670, 33230, 1033850, 35650, 1082802, 37338, 1142310, 39390, 1193524, 41156, 1242070, 42830, 1323328, 45632, 1391130, 47970, 1445012, 49828, 1503708, 51852, 1788, 81722, 2818, 91930, 3170, 108402, 3738, 150568, 5192, 157238, 5422, 204044, 7036, 237684, 8196, 272484, 9396, 324, 17110, 590, 32480, 1120, 60204, 2076, 87406, 3014, 130326, 4494, 176204, 6076, 204450, 7050, 215934, 7446, 255896, 8824, 276544, 9536, 321552, 11088, 347420, 11980, 363834, 12546, 402984, 13896, 424270, 14630, 459592, 15848, 496132, 17108, 553146, 19074, 603258, 20802, 637362, 21978, 696290, 24010, 760206, 26214, 826326, 28494, 878468, 30292, 932408, 32152, 994120, 34280, 1031356, 35564, 1081700, 37300, 1127868, 38892, 1171194, 40386, 1238184, 42696, 1292704, 44576, 1341714, 46266, 1404238, 48422, 1483698, 51162, 1543728, 53232, 1622086, 55934, 1710536, 58984, 1809426, 62394, 1893990, 65310, 1962256, 67664, 2040266, 70354, 2426, 100862, 3478, 144246, 4974, 171390, 5910, 211294, 7286, 228926, 7894, 245688, 8472, 260072, 8968, 279386, 9634, 297888, 10272, 317028, 10932, 369344, 12736, 389470, 13430, 407334, 14046, 436160, 15040, 477804, 16476, 500192, 17248, 549956, 18964, 608826, 20994, 669726, 23094, 707600, 24400, 748258, 25802, 805098, 27762, 846162, 29178, 881252, 30388, 948590, 32710, 1021206, 35214, 1068244, 36836, 1113948, 38412, 1176008, 40552, 1231340, 42460, 1279712, 44128, 1351922, 46618, 1420710, 48990, 1483002, 51138, 1550398, 53462, 1626030, 56070, 1701314, 58666, 1801364, 62116, 1903386, 65634, 1979366, 68254, 2072746, 71474, 2170824, 74856, 2256026, 77794, 2357468, 81292, 2446150, 84350, 2557104, 88176, 2668928, 92032, 2783130, 95970, 2892402, 99738, 3002486, 103534, 3111932, 107308, 3231064, 111416, 3382386, 116634, 3535970, 121930, 3678592, 126848, 3808396, 131324, 3957456, 136464, 4122002, 142138, 4277442, 147498, 4430852, 152788, 4607288, 158872, 4780940, 164860, 4981272, 171768, 5154518, 177742, 5333738, 183922, 5523572, 190468, 5750990, 198310, 5961124, 205556, 6172592, 212848, 6410566, 221054, 6655268, 229492, 6906930, 238170, 7177616, 247504, 7451724, 256956, 7732328, 266632, 8007828, 276132, 8317954, 286826, 8628428, 297532, 8956998, 308862, 9283596, 320124, 9636236, 332284, 9971476, 343844, 10344880, 356720, 10731160, 370040, 12760, 440, 20590, 710, 41992, 1448, 83346, 2874, 90654, 3126, 127774, 4406, 172086, 5934, 204624, 7056, 224982, 7758, 254910, 8790, 268134, 9246, 312852, 10788, 372, 46632, 1608, 67454, 2326, 78648, 2712, 103530, 3570, 111534, 3846, 141984, 4896, 182352, 6288, 224112, 7728, 252532, 8708, 273064, 9416, 312040, 10760, 324278, 11182, 360586, 12434, 405536, 13984, 428388, 14772, 459418, 15842, 487084, 16796, 511270, 17630, 568806, 19614, 603200, 20800, 634346, 21874, 668044, 23036, 705860, 24340, 743502, 25638, 772096, 26624, 801676, 27644, 839666, 28954, 886356, 30564, 956826, 32994, 1020858, 35202, 1093010, 37690, 1158782, 39958, 1235690, 42610, 1291602, 44538, 1370134, 47246, 1424770, 49130, 1479812, 51028, 1555966, 53654, 1615532, 55708, 1712624, 59056, 1789416, 61704, 1882158, 64902, 2238, 74530, 2570, 103704, 3576, 120582, 4158, 140998, 4862, 173942, 5998, 215412, 7428, 228752, 7888, 272, 24418, 842, 26738, 922, 61654, 2126, 77082, 2658, 107822, 3718, 120408, 4152, 131950, 4550, 174928, 6032, 208, 13630, 470, 22968, 792, 37062, 1278, 41296, 1424, 47154, 1626, 51736, 1784, 75690, 2610]
29,1,53,[1536, 89088, 3072, 133632, 4608, 178176, 6144, 222720, 7680, 267264, 9216, 311808, 10752, 356352, 12288, 400896, 13824, 445440, 15360, 489984, 16896, 534528, 18432, 579072, 19968, 623616, 21504, 668160, 23040, 712704, 24576, 757248, 26112, 801792, 27648, 846336, 29184, 890880, 30720, 935424, 32256, 979968, 33792, 1024512, 35328, 1069056, 36864, 1113600, 38400, 1158144, 39936, 1202688, 41472, 1247232, 43008, 1291776, 44544]
29,1,62,[21, 38367, 1323, 72036, 2484, 108663, 3747, 123192, 4248, 152598, 5262, 181221, 6249, 212628, 7332, 263088, 9072, 315288, 10872, 372882, 12858, 405507, 13983, 428475, 14775, 468408, 16152, 534876, 18444, 636, 67599, 2331, 89697, 3093, 126933, 4377, 179829, 6201, 229158, 7902, 262218, 9042, 312591, 10779, 359310, 12390, 384279, 13251, 446049, 15381, 481197, 16593, 506775, 17475, 554799, 19131, 609870, 21030, 639885, 22065, 706875, 24375, 758205, 26145, 813102, 28038, 884268, 30492, 938121, 32349, 995628, 34332, 1074885, 37065, 1117341, 38529, 1186419, 40911, 1265067, 43623, 1321269, 45561, 1370424, 47256, 1444635, 49815, 1533984, 52896, 1824, 101442, 3498, 137286, 4734, 154599, 5331, 203058, 7002, 233421, 8049, 270222, 9318, 295713, 10197, 338256, 11664, 360702, 12438, 419862, 14478, 446919, 15411, 483894, 16686, 520347, 17943, 576027, 19863, 644409, 22221, 679209, 23421, 734976, 25344, 808839, 27891, 876264, 30216, 954999, 32931, 1016682, 35058, 1098462, 37878, 1143528, 39432, 1220697, 42093, 1287948, 44412, 1355721, 46749, 1404267, 48423, 1492224, 51456, 1561650, 53850, 1662222, 57318, 1744698, 60162, 1833612, 63228, 1911216, 65904, 2005872, 69168, 2080431, 71739, 2191704, 75576, 2270874, 78306, 2359962, 81378, 2448528, 84432, 2556321, 88149, 2676816, 92304, 2815842, 97098, 2923722, 100818, 3049698, 105162, 3169236, 109284, 3300084, 113796, 3924, 133893, 4617, 149292, 5148, 181395, 6255, 223590, 7710, 276225, 9525, 309111, 10659, 348522, 12018, 382104, 13176, 413250, 14250, 447267, 15423, 505818, 17442, 546621, 18849, 615786, 21234, 647802, 22338, 684516, 23604, 756639, 26091, 818670, 28230, 870261, 30009, 941601, 32469, 1006416, 34704, 1077060, 37140, 1150140, 39660, 1220349, 42081, 1266024, 43656, 1329447, 45843, 1416621, 48849, 1488831, 51339, 1556343, 53667, 1640559, 56571, 1734867, 59823, 1839615, 63435, 1924614, 66366, 2016138, 69522, 2101833, 72477, 2185092, 75348, 2271222, 78318, 2381886, 82134, 2474802, 85338, 2596080, 89520, 2732322, 94218, 2873262, 99078, 2997498, 103362, 3111642, 107298, 3267459, 112671, 3390912, 116928, 4032, 122757, 4233, 177306, 6114, 226548, 7812, 254127, 8763, 271875, 9375, 295626, 10194, 332775, 11475, 380190, 13110, 396894, 13686, 459099, 15831, 521652, 17988, 554016, 19104, 612654, 21126, 658938, 22722, 708615, 24435, 763599, 26331, 840246, 28974, 874611, 30159, 955086, 32934, 1022163, 35247, 1078974, 37206, 1166496, 40224, 1208517, 41673, 1437, 71862, 2478, 97701, 3369, 110055, 3795, 158775, 5475, 205581, 7089, 236031, 8139, 278313, 9597, 336429, 11601, 349827, 12063, 412206, 14214, 433608, 14952, 479109, 16521, 531570, 18330, 553494, 19086, 579768, 19992, 619527, 21363, 675033, 23277, 732453, 25257, 806229, 27801, 868173, 29937, 914283, 31527, 952998, 32862, 994845, 34305, 1077669, 37161, 1136394, 39186, 1188159, 40971, 1270461, 43809, 1348413, 46497, 1412880, 48720, 1680, 98919, 3411, 134676, 4644, 146508, 5052, 162342, 5598, 169737, 5853, 218718, 7542, 229854, 7926, 253953, 8757, 313026, 10794, 334602, 11538, 391065, 13485, 465, 15747, 543, 54027, 1863, 68469, 2361, 92394, 3186, 140505, 4845, 148944, 5136, 159471, 5499, 197316, 6804, 236466, 8154, 253605, 8745, 291102, 10038, 308328, 10632, 351306, 12114, 401157, 13833, 477, 37671, 1299, 80301, 2769, 108228, 3732, 147900, 5100, 197925, 6825, 222720, 7680, 273528, 9432, 295539, 10191, 327294, 11286, 347565, 11985, 373926, 12894, 419166, 14454, 455184, 15696, 483459, 16671, 545055, 18795, 569241, 19629, 633795, 21855, 687996, 23724, 715314, 24666, 768732, 26508, 798834, 27546, 871305, 30045, 903147, 31143, 981012, 33828, 1039998, 35862, 1108206, 38214, 1184157, 40833, 1226787, 42303, 1306827, 45063, 1398612, 48228, 1448637, 49953, 1525545, 52605, 1628466, 56154, 1702590, 58710, 1786458, 61602, 1858842, 64098, 1937316, 66804, 2034669, 70161, 2122800, 73200, 2203188, 75972, 2316897, 79893, 2445309, 84321, 2561976, 88344, 2668290, 92010, 2799834, 96546, 2905365, 100185, 3039693, 104817, 3164277, 109113, 3300345, 113805, 3430323, 118287, 3593535, 123915, 3765969, 129861, 3946146, 136074, 4093002, 141138, 4277268, 147492, 4473279, 154251, 5319, 181134, 6246, 207147, 7143, 230463, 7947, 240207, 8283, 280836, 9684, 339039, 11691, 357918, 12342, 400809, 13821, 445179, 15351, 478500, 16500, 545316, 18804, 585684, 20196, 627444, 21636, 652674, 22506, 678774, 23406, 707571, 24399, 749940, 25860, 813537, 28053, 859560, 29640, 892794, 30786, 954129, 32901, 1013985, 34965, 1084890, 37410, 1290, 63858, 2202, 114579, 3951, 131109, 4521, 182352, 6288, 231768, 7992, 270309, 9321, 301194, 10386, 318768, 10992, 331557, 11433, 355569, 12261, 409161, 14109, 450225, 15525, 483720, 16680, 509385, 17565, 562890, 19410, 598473, 20637, 651456, 22464, 706266, 24354, 771951, 26619, 845292, 29148, 879831, 30339, 919155, 31695, 999369, 34461, 1050003, 36207, 1113165, 38385, 1183896, 40824, 1262457, 43533, 1313178, 45282, 1381821, 47649, 1433064, 49416, 1704, 90654, 3126, 135111, 4659, 173913, 5997, 221241, 7629, 232464, 8016, 262044, 9036, 301629, 10401, 346173, 11937, 390456, 13464, 418296, 14424, 452487, 15603, 469887, 16203, 523827, 18063, 586815, 20235, 646584, 22296, 712008, 24552, 768906, 26514, 809796, 27924, 884442, 30498, 949083, 32727, 1008765, 34785, 1068708, 36852, 1145094, 39486, 1215129, 41901, 1301955, 44895, 1352241, 46629, 1445592, 49848, 1542162, 53178, 1633077, 56313, 1732518, 59742, 1795854, 61926, 1877547, 64743, 1969245, 67905, 2065902, 71238, 2162298, 74562, 2242251, 77319, 2328555, 80295, 2450181, 84489, 2556234, 88146, 2671335, 92115, 2783217, 95973, 2900754, 100026, 3009765, 103785, 3154881, 108789, 3281640, 113160, 3398394, 117186, 3562302, 122838, 3726471, 128499, 4431, 174261, 6009, 191052, 6588, 206625, 7125, 249690, 8610, 305022, 10518, 351480, 12120, 412119, 14211, 428127, 14763, 446484, 15396, 508602, 17538, 565674, 19506, 617526, 21294, 653196, 22524, 711660, 24540, 746982, 25758, 783522, 27018, 844683, 29127, 893577, 30813, 951345, 32805, 994932, 34308, 1031037, 35553, 1116906, 38514, 1159014, 39966, 1206168, 41592, 1258542, 43398, 1327098, 45762, 1578, 68904, 2376, 119799, 4131, 147291, 5079, 159558, 5502, 202797, 6993, 216978, 7482, 258, 54462, 1878, 95874, 3306, 114, 51939, 1791, 93264, 3216, 143202, 4938, 162516, 5604, 180699, 6231, 231855, 7995, 275790, 9510, 333819, 11511, 393849, 13581, 423603, 14607, 474150, 16350, 531831, 18339, 569937, 19653, 625530, 21570, 688431, 23739, 742719, 25611, 775518, 26742, 809448, 27912, 862518, 29742, 922809, 31821, 969006, 33414, 1013202, 34938, 1087674, 37506, 1141353, 39357, 1187898, 40962, 1254018, 43242, 1302651, 44919, 1396089, 48141, 1446027, 49863, 1517454, 52326, 1587750, 54750, 1691019, 58311, 1787067, 61623, 1897209, 65421, 2009352, 69288, 2091219, 72111, 2193879, 75651, 2303673, 79437, 2393892, 82548, 2501598, 86262, 2616612, 90228, 2723013, 93897, 2860038, 98622, 2998194, 103386, 3103377, 107013, 3215781, 110889, 3366204, 116076, 3514626, 121194, 3641211, 125559, 3799116, 131004, 3949887, 136203, 4120233, 142077, 4273092, 147348, 4470756, 154164, 5316, 175653, 6057, 226635, 7815, 259608, 8952, 304500, 10500, 318594, 10986, 372708, 12852, 394545, 13605, 415338, 14322, 474585, 16365, 507123, 17487, 603, 59421, 2049, 95613, 3297, 134850, 4650, 157470, 5430, 175479, 6051, 215673, 7437, 246471, 8499, 258564, 8916, 290841, 10029, 343998, 11862, 357657, 12333, 384366, 13254, 399417, 13773, 461709, 15921, 549, 64989, 2241, 81606, 2814, 86217, 2973, 116145, 4005, 125541, 4329, 144246, 4974, 176175, 6075, 207408, 7152, 246906, 8514, 285969, 9861, 297627, 10263, 354612, 12228, 400983, 13827, 456141, 15729, 491637, 16953, 539139, 18591, 561324, 19356, 604041, 20829, 637449, 21981, 709746, 24474, 782739, 26991, 847467, 29223, 912630, 31470, 953085, 32865, 1000326, 34494, 1058181, 36489, 1107249, 38181, 1175979, 40551, 1232703, 42507, 1314744, 45336, 1376253, 47457, 1447071, 49899, 1531113, 52797, 1614459, 55671, 1706070, 58830, 1797246, 61974, 1861017, 64173, 1970115, 67935, 2068599, 71331, 2175870, 75030, 2263479, 78051, 2363094, 81486, 2489505, 85845, 2584335, 89115, 2721969, 93861, 2846379, 98151, 2971485, 102465, 3088326, 106494, 3205602, 110538, 3350283, 115527, 3501750, 120750, 3663831, 126339, 3817125, 131625, 3990081, 137589, 4151031, 143139, 4337298, 149562, 4503033, 155277, 4678077, 161313, 4866345, 167805, 5053917, 174273, 5249754, 181026, 5445156, 187764, 5665266, 195354, 5878590, 202710, 6990, 211497, 7293, 243948, 8412, 255954, 8826, 282750, 9750, 303282, 10458, 346086, 11934, 384975, 13275, 437784, 15096, 481632, 16608, 534180, 18420, 561585, 19365, 620484, 21396, 683211, 23559, 726537, 25053, 798312, 27528, 838419, 28911, 915849, 31581, 1089, 61422, 2118, 65337, 2253, 103530, 3570, 112491, 3879, 155904, 5376, 181047, 6243, 201666, 6954, 249951, 8619, 269352, 9288, 293016, 10104, 324684, 11196, 339474, 11706, 385323, 13287, 407595, 14055, 455793, 15717, 521826, 17994, 564978, 19482, 625791, 21579, 652761, 22509, 684255, 23595, 740196, 25524, 772908, 26652, 801357, 27633, 873915, 30135, 911238, 31422, 969615, 33435, 1051569, 36261, 1107597, 38193, 1317, 61074, 2106, 95526, 3294, 129369, 4461, 176958, 6102, 204624, 7056, 227853, 7857, 284229, 9801, 344346, 11874, 379581, 13089, 410640, 14160, 439176, 15144, 465102, 16038, 482937, 16653, 512169, 17661, 609]
29,1,69,[2000, 116000, 4000, 174000, 6000, 232000, 8000, 290000, 10000, 348000, 12000, 406000, 14000, 464000, 16000, 522000, 18000, 580000, 20000, 638000, 22000, 696000, 24000, 754000, 26000, 812000, 28000, 870000, 30000, 928000, 32000, 986000, 34000, 1044000, 36000, 1102000, 38000, 1160000, 40000, 1218000, 42000, 1276000, 44000, 1334000, 46000, 1392000, 48000, 1450000, 50000, 1508000, 52000, 1566000, 54000, 1624000, 56000, 1682000, 58000]
29,1,70,[8, 16472, 568, 51533, 1777, 69542, 2398, 112520, 3880, 163067, 5623, 221444, 7636, 247341, 8529, 261957, 9033, 299396, 10324, 356, 26912, 928, 32, 7047, 243, 29609, 1021, 42804, 1476, 97034, 3346, 122699, 4231, 179684, 6196, 224431, 7739, 282895, 9755, 314969, 10861, 356265, 12285, 405072, 13968, 457591, 15779, 479457, 16533, 502077, 17313, 597, 52403, 1807, 72471, 2499, 85115, 2935, 100224, 3456, 113825, 3925, 138040, 4760, 150916, 5204, 182497, 6293, 217, 34916, 1204, 66555, 2295, 76966, 2654, 110055, 3795, 164575, 5675, 210830, 7270, 258680, 8920, 302093, 10417, 324684, 11196, 339938, 11722, 363834, 12546, 412902, 14238, 483952, 16688, 527017, 18173, 583741, 20129, 609957, 21033, 647222, 22318, 704033, 24277, 736426, 25394, 800371, 27599, 868550, 29950, 943138, 32522, 1002037, 34553, 1064996, 36724, 1122010, 38690, 1168816, 40304, 1255787, 43303, 1311264, 45216, 1366625, 47125, 1625, 50779, 1751, 74849, 2581, 89, 6728, 232]
29,1,82,[18, 43326, 1494, 80475, 2775, 130790, 4510, 170955, 5895, 195866, 6754, 264422, 9118, 302064, 10416, 324365, 11185, 383090, 13210, 431955, 14895, 489636, 16884, 520782, 17958, 555379, 19151, 600677, 20713, 638029, 22001, 705193, 24317, 765165, 26385, 848598, 29262, 880237, 30353, 955753, 32957, 1019611, 35159, 1080917, 37273, 1137206, 39214, 1190682, 41058, 1286411, 44359, 1373556, 47364, 1437559, 49571, 1510900, 52100, 1601032, 55208, 1706157, 58833, 1814907, 62583, 1879867, 64823, 1963706, 67714, 2097976, 72344, 2213106, 76314, 2325075, 80175, 2450413, 84497, 2582450, 89050, 2719040, 93760, 2819931, 97239, 2921924, 100756, 3046450, 105050, 3180024, 109656, 3306319, 114011, 3448854, 118926, 3629582, 125158, 3809411, 131359, 3983556, 137364, 4168460, 143740, 4350232, 150008, 4547780, 156820, 4745009, 163621, 4915761, 169509, 5094778, 175682, 6058, 243542, 8398, 292349, 10081, 345216, 11904, 390398, 13462, 418122, 14418, 444425, 15325, 490651, 16919, 536094, 18486, 585481, 20189, 617555, 21295, 660243, 22767, 687764, 23716, 766151, 26419, 911, 55854, 1926, 86304, 2976, 132066, 4554, 138997, 4793, 162806, 5614, 208829, 7201, 237423, 8187, 267003, 9207, 309488, 10672, 368, 58580, 2020, 105763, 3647, 161704, 5576, 186296, 6424, 228375, 7875, 274282, 9458, 293248, 10112, 350900, 12100, 379639, 13091, 421254, 14526, 497582, 17158, 559903, 19307, 631504, 21776, 715082, 24658, 758756, 26164, 799182, 27558, 845756, 29164, 920083, 31727, 954187, 32903, 1027499, 35431, 1115224, 38456, 1158434, 39946, 1229281, 42389, 1319210, 45490, 1407486, 48534, 1496429, 51601, 1571800, 54200, 1692556, 58364, 1788952, 61688, 1862525, 64225, 1971913, 67997, 2089827, 72063, 2226069, 76761, 2367009, 81621, 2484285, 85665, 2636506, 90914, 2793976, 96344, 2904582, 100158, 3054657, 105333, 3171875, 109375, 3319282, 114458, 3490788, 120372, 3663454, 126326, 3794534, 130846, 3989559, 137571, 4184178, 144282, 4345099, 149831, 4535339, 156391, 4746401, 163669, 4962364, 171116, 5171512, 178328, 5366479, 185051, 5556284, 191596, 5800174, 200006, 6052474, 208706, 6313474, 217706, 6538311, 225459, 6794671, 234299, 7047986, 243034, 7324298, 252562, 7579237, 261353, 7852475, 270775, 8128004, 280276, 8455820, 291580, 8780678, 302782, 9135754, 315026, 9517336, 328184, 9893060, 341140, 10265101, 353969, 10676118, 368142, 11082292, 382148, 11500095, 396555, 11918043, 410967, 12348026, 425794, 12811852, 441788, 13258394, 457186, 13717957, 473033, 14224268, 490492, 14750415, 508635, 15268558, 526502, 15811699, 545231, 16361684, 564196, 16928257, 583733, 17561907, 605583, 18179375, 626875, 18832397, 649393, 19541215, 673835, 20262590, 698710, 20992201, 723869, 24961, 798747, 27543, 878584, 30296, 956420, 32980, 1006039, 34691, 1057369, 36461, 1112846, 38374, 1167859, 40271, 1253293, 43217, 1313149, 45281, 1386954, 47826, 1446665, 49885, 1508435, 52015, 1603236, 55284, 1682290, 58010, 1764070, 60830, 1865309, 64321, 1996186, 68834, 2105429, 72601, 2211308, 76252, 2313707, 79783, 2402998, 82862, 2507253, 86457, 2612726, 90094, 2750360, 94840, 2868970, 98930, 2994047, 103243, 3104421, 107049, 3235240, 111560, 3408602, 117538, 3528517, 121673, 3692976, 127344, 3832205, 132145, 4014267, 138423, 4166952, 143688, 4362934, 150446, 4568051, 157519, 4773110, 164590, 4973355, 171495, 5187636, 178884, 5395044, 186036, 5583457, 192533, 5780744, 199336, 6025243, 207767, 6259157, 215833, 6510645, 224505, 6773182, 233558, 7056657, 243333, 7354661, 253609, 7617778, 262682, 9058, 295510, 10190, 331847, 11443, 383699, 13231, 413569, 14261, 480124, 16556, 558482, 19258, 582494, 20086, 645366, 22254, 693767, 23923, 781869, 26961, 856370, 29530, 904916, 31204, 1076, 39411, 1359, 100195, 3455, 113158, 3902, 155092, 5348, 188964, 6516, 243020, 8380, 317956, 10964, 333674, 11506, 397474, 13706, 453966, 15654, 524291, 18079, 570894, 19686, 647628, 22332, 674714, 23266, 716996, 24724, 779752, 26888, 818525, 28225, 865766, 29854, 926521, 31949, 1006010, 34690, 1054962, 36378, 1119864, 38616, 1198889, 41341, 1278262, 44078, 1386519, 47811, 1479493, 51017, 1544772, 53268, 1655088, 57072, 1968, 118465, 4085, 181975, 6275, 214397, 7393, 285969, 9861, 298207, 10283, 348899, 12031, 420355, 14495, 491898, 16962, 570662, 19678, 628372, 21668, 661925, 22825, 689504, 23776, 772705, 26645, 854021, 29449, 916748, 31612, 953114, 32866, 1007373, 34737, 1099158, 37902, 1203616, 41504, 1257005, 43345, 1345513, 46397, 1453712, 50128, 1541872, 53168, 1621187, 55903, 1724630, 59470, 1831640, 63160, 1958979, 67551, 2050300, 70700, 2185179, 75351, 2281923, 78687, 2384380, 82220, 2478485, 85465, 2568704, 88576, 2681050, 92450, 2837679, 97851, 2947415, 101635, 3094213, 106697, 3215172, 110868, 3328417, 114773, 3490730, 120370, 3658640, 126160, 3808570, 131330, 3982686, 137334, 4165183, 143627, 4353973, 150137, 4513618, 155642, 4735816, 163304, 4911005, 169345, 5113628, 176332, 5318484, 183396, 6324, 194474, 6706, 217819, 7511, 259, 71949, 2481, 112462, 3878, 166257, 5733, 219530, 7570, 229477, 7913, 296815, 10235, 371229, 12801, 412554, 14226, 464812, 16028, 528380, 18220, 565616, 19504, 623152, 21488, 711196, 24524, 780883, 26927, 843465, 29085, 936729, 32301, 1026078, 35382, 1066214, 36766, 1157651, 39919, 1233225, 42525, 1301897, 44893, 1349167, 46523, 1412329, 48701, 1484800, 51200, 1571655, 54195, 1680521, 57949, 1755109, 60521, 1879809, 64821, 1958892, 67548, 2043079, 70451, 2137300, 73700, 2237147, 77143, 2321421, 80049, 2422863, 83547, 2570589, 88641, 2699639, 93091, 2795107, 96383, 2929522, 101018, 3056687, 105403, 3202499, 110431, 3379486, 116534, 3524544, 121536, 3707882, 127858, 3897542, 134398, 4060464, 140016, 4209988, 145172, 4419339, 152391, 4631155, 159695, 4840767, 166923, 5074246, 174974, 5289629, 182401, 5519570, 190330, 5717031, 197139, 5975972, 206068, 6236711, 215059, 6508818, 224442, 6759407, 233083, 7016260, 241940, 7310494, 252086, 7605366, 262254, 7884259, 271871, 8215555, 283295, 8553521, 294949, 8893633, 306677, 9205064, 317416, 9548627, 329263, 9939692, 342748, 10344242, 356698, 10765119, 371211, 11162477, 384913, 11606815, 400235, 12021312, 414528, 12440594, 428986, 12912366, 445254, 13398029, 462001, 13864784, 478096, 14347634, 494746, 14856642, 512298, 15399841, 531029, 15954640, 550160, 16507177, 569213, 17078767, 588923, 17715230, 610870, 18359378, 633082, 19020984, 655896, 19684011, 678759, 20396048, 703312, 21108868, 727892, 21886677, 754713, 22681799, 782131, 23466307, 809183, 24334915, 839135, 25221590, 869710, 29990, 909208, 31352, 947691, 32679, 1039795, 35855, 1101797, 37993, 1146921, 39549, 1238764, 42716, 1348036, 46484, 1456322, 50218, 1551703, 53507, 1609964, 55516, 1689250, 58250, 1790286, 61734, 1904314, 65666, 1993750, 68750, 2110040, 72760, 2249356, 77564, 2369706, 81714, 2501337, 86253, 2604229, 89801, 2734439, 94291, 2857254, 98526, 2986681, 102989, 3113440, 107360, 3225554, 111226, 3362927, 115963, 3528807, 121683, 3717046, 128174, 3899891, 134479, 4048632, 139608, 4192994, 144586, 4387497, 151293, 5217, 218312, 7528, 266249, 9181, 315839, 10891, 364762, 12578, 427257, 14733, 444367, 15323, 485837, 16753, 550130, 18970, 578608, 19952, 688, 70557, 2433, 134792, 4648, 158456, 5464, 192444, 6636, 256128, 8832, 302992, 10448, 332456, 11464, 365313, 12597, 404057, 13933, 448891, 15479, 516664, 17816, 558250, 19250, 632171, 21799, 701510, 24190, 735208, 25352, 774822, 26718, 822933, 28377, 886965, 30585, 962713, 33197, 1045827, 36063, 1119922, 38618, 1203703, 41507, 1264226, 43594, 1324459, 45671, 1429555, 49295, 1535898, 52962, 1607876, 55444, 1722745, 59405, 1813051, 62519, 1932618, 66642, 2298, 85579, 2951, 140824, 4856, 176581, 6089, 249226, 8594, 281590, 9710, 348348, 12012, 374622, 12918, 418441, 14429, 470902, 16238, 551319, 19011, 608362, 20978, 655487, 22603, 706614, 24366, 745242, 25698, 780448, 26912, 928, 32, 8091, 279, 51156, 1764, 109968, 3792, 166054, 5726, 202681, 6989, 241, 28623, 987, 31987, 1103, 35467, 1223, 48575, 1675, 102544, 3536, 170259, 5871, 207031, 7139, 226055, 7795, 288521, 9949, 303224, 10456, 351712, 12128, 378102, 13038, 431549, 14881, 455938, 15722, 481168, 16592, 507268, 17492, 536645, 18505, 562281, 19389, 622079, 21451, 691070, 23830, 764817, 26373, 819714, 28266, 895520, 30880, 983448, 33912, 1043507, 35983, 1134161, 39109, 1213679, 41851, 1265038, 43622, 1322922, 45618, 1370917, 47273, 1425321, 49149, 1529141, 52729, 1598509, 55121, 1703547, 58743, 1805076, 62244, 1891090, 65210, 1999086, 68934, 2070397, 71393, 2198838, 75822, 2312692, 79748, 2456619, 84711, 2546084, 87796, 2664781, 91889, 2797079, 96451, 2955332, 101908, 3061994, 105586, 3229382, 111358, 3404919, 117411, 3567493, 123017, 3757066, 129554, 3912767, 134923, 4083345, 140805, 4247920, 146480, 4396777, 151613, 4550767, 156923, 4717198, 162662, 4882237, 168353, 5069606, 174814, 5249174, 181006, 5470589, 188641, 5718655, 197195, 5972898, 205962, 6188368, 213392, 6425530, 221570, 6670870, 230030, 6905654, 238126, 7160419, 246911, 7419215, 255835, 7736852, 266788, 8044049, 277381, 8380855, 288995, 8693620, 299780, 9010039, 310691, 9354008, 322552, 9709838, 334822, 10085069, 347761, 10485124, 361556, 10877581, 375089, 11259801, 388269, 11688479, 403051, 12112923, 417687, 14403, 477253, 16457, 526988, 18172, 587946, 20274, 615351, 21219, 684110, 23590, 738601, 25469, 780709, 26921, 829023, 28587, 909904, 31376, 1005459, 34671, 1078162, 37178, 1282, 52722, 1818, 102080, 3520, 131747, 4543, 181453, 6257, 240004, 8276, 274427, 9463, 305283, 10527, 363, 46545, 1605, 71920, 2480, 110055, 3795, 173275, 5975, 181627, 6263, 254446, 8774, 301252, 10388, 325902, 11238, 372795, 12855, 404666, 13954, 430505, 14845, 507152, 17488, 527017, 18173, 590353, 20357, 677266, 23354, 722013, 24897, 782565, 26985, 845205, 29145, 1005, 75313, 2597, 115942, 3998, 179365, 6185, 204566, 7054, 228259, 7871, 264654, 9126, 321320, 11080, 337154, 11626, 410582, 14158, 439002, 15138, 522]
31,1,20,[18, 11718, 378, 15810, 510, 24986, 806, 26, 16926, 546, 29233, 943, 38223, 1233, 54312, 1752, 65968, 2128, 80476, 2596, 97309, 3139, 105400, 3400, 121799, 3929, 139965, 4515, 156860, 5060, 166253, 5363, 173, 16678, 538, 24025, 775, 25, 16275, 525, 34751, 1121, 38967, 1257, 50747, 1637, 67859, 2189, 81809, 2639, 86924, 2804, 98394, 3174, 108996, 3516, 120559, 3889, 133114, 4294, 147312, 4752, 157635, 5085, 163339, 5269, 187178, 6038, 208072, 6712, 224688, 7248, 247411, 7981, 264058, 8518, 287432, 9272, 298561, 9631, 321191, 10361, 335885, 10835, 356624, 11504, 369985, 11935, 385, 20367, 657, 24738, 798, 39773, 1283, 48484, 1564, 58714, 1894, 62465, 2015, 65, 3937, 127, 5921, 191, 9207, 297, 20646, 666, 30597, 987, 47678, 1538, 60977, 1967, 71610, 2310, 83824, 2704, 90861, 2931, 104315, 3365, 118203, 3813, 123, 22506, 726, 31279, 1009, 42811, 1381, 54715, 1765, 74431, 2401, 85498, 2758, 106826, 3446, 113367, 3657, 135594, 4374, 141825, 4575, 157542, 5082, 180575, 5825, 203732, 6572, 212, 22878, 738, 39091, 1261, 53351, 1721, 64976, 2096, 78833, 2543, 81995, 2645, 90830, 2930, 103664, 3344, 123721, 3991, 141949, 4579, 160146, 5166, 177692, 5732, 200756, 6476, 224564, 7244, 244807, 7897, 266941, 8611, 290408, 9368, 303490, 9790, 328755, 10605, 341217, 11007, 353462, 11402, 380339, 12269, 407464, 13144, 424, 26567, 857, 39804, 1284, 49135, 1585, 53196, 1716, 61721, 1991, 68045, 2195, 85715, 2765, 92194, 2974, 113119, 3649, 130386, 4206, 147591, 4761, 163494, 5274, 171244, 5524, 180482, 5822, 201779, 6509, 226858, 7318, 235414, 7594, 261578, 8438, 273730, 8830, 298654, 9634, 323144, 10424, 338520, 10920, 354392, 11432, 380680, 12280, 395436, 12756, 417477, 13467, 438991, 14161, 468627, 15117, 496124, 16004, 517080, 16680, 534998, 17258, 565874, 18254, 600222, 19362, 630726, 20346, 657262, 21202, 696415, 22465, 731879, 23609, 766630, 24730, 805597, 25987, 837155, 27005, 866636, 27956, 910067, 29357, 947, 40827, 1317, 51429, 1659, 62992, 2032, 75547, 2437, 89745, 2895, 100068, 3228, 105772, 3412, 110422, 3562, 131316, 4236, 147932, 4772, 170655, 5505, 187302, 6042, 210676, 6796, 221805, 7155, 244435, 7885, 259129, 8359, 279868, 9028, 293229, 9459, 305164, 9844, 325531, 10501, 350269, 11299, 370853, 11963, 400148, 12908, 420484, 13564, 444571, 14341, 470673, 15183, 500712, 16152, 517483, 16693, 543461, 17531, 570896, 18416, 590550, 19050, 619504, 19984, 651868, 21028, 679086, 21906, 713372, 23012, 742574, 23954, 780146, 25166, 820787, 26477, 849121, 27391, 887654, 28634, 929287, 29977, 967, 34658, 1118, 37014, 1194, 48112, 1552, 50902, 1642, 71114, 2294, 74, 9796, 316, 13826, 446, 21700, 700, 33542, 1082, 51956, 1676, 54870, 1770, 58497, 1887, 77097, 2487, 83917, 2707, 92814, 2994, 106950, 3450, 115971, 3741, 132711, 4281, 138849, 4479, 152613, 4923, 173011, 5581, 179211, 5781, 194277, 6267, 203639, 6569, 227540, 7340, 249736, 8056, 274505, 8855, 295740, 9540, 319517, 10307, 339109, 10939, 366761, 11831, 390972, 12612, 419678, 13538, 446834, 14414, 479818, 15478, 500867, 16157, 520738, 16798, 554249, 17879, 586365, 18915, 608375, 19625, 629238, 20298, 664392, 21432, 692633, 22343, 729213, 23523, 768211, 24781, 800420, 25820, 843572, 27212, 886259, 28589, 919181, 29651, 958117, 30907, 997, 34999, 1129, 44175, 1425, 64170, 2070, 81096, 2616, 91140, 2940, 110174, 3554, 126108, 4068, 134509, 4339, 157418, 5078, 177971, 5741, 187426, 6046, 194091, 6261, 218922, 7062, 241459, 7789, 254200, 8200, 272304, 8784, 287897, 9287, 308326, 9946, 334366, 10786, 363103, 11713, 390910, 12610, 418376, 13496, 438681, 14151, 462117, 14907, 493737, 15927, 524520, 16920, 556915, 17965, 584784, 18864, 613552, 19792, 642010, 20710, 663958, 21418, 702708, 22668, 729709, 23539, 759438, 24498, 788888, 25448, 831668, 26828, 866543, 27953, 908114, 29294, 955978, 30838, 1001672, 32312, 1040174, 33554, 1081156, 34876, 1116651, 36021, 1171242, 37782, 1223880, 39480, 1273883, 41093, 1326118, 42778, 1386847, 44737, 1434060, 46260, 1485272, 47912, 1543707, 49797, 1600313, 51623, 1656888, 53448, 1712812, 55252, 1774254, 57234, 1836440, 59240, 1914250, 61750, 1993951, 64321, 2074985, 66935, 2145634, 69214, 2228466, 71886, 2317684, 74764, 2406685, 77635, 2491129, 80359, 2575821, 83091, 2665721, 85991, 2769044, 89324, 2866415, 92465, 2973117, 95907, 3083880, 99480, 3183979, 102709, 3290402, 106142, 3414495, 110145, 3525878, 113738, 3658186, 118006, 3788572, 122212, 3916974, 126354, 4061279, 131009, 4194145, 135295, 4336249, 139879, 4480461, 144531, 4630563, 149373, 4789221, 154491, 4954854, 159834, 5132639, 165569, 5316159, 171489, 5504980, 177580, 5689988, 183548, 5890868, 190028, 6098847, 196737, 6302393, 203303, 6508791, 209961, 6736703, 217313, 6955873, 224383, 7183351, 231721, 7431785, 239735, 7678948, 247708, 7937798, 256058, 8211807, 264897, 8477942, 273482, 8822, 293446, 9466, 309721, 9991, 325283, 10493, 345061, 11131, 357430, 11530, 386911, 12481, 411153, 13263, 440510, 14210, 462148, 14908, 494388, 15948, 519002, 16742, 536982, 17322, 569160, 18360, 592472, 19112, 621488, 20048, 655154, 21134, 690525, 22275, 723323, 23333, 759655, 24505, 793445, 25595, 831420, 26820, 861335, 27785, 894691, 28861, 931, 30411, 981, 43772, 1412, 55707, 1797, 76074, 2454, 81623, 2633, 102207, 3297, 112313, 3623, 132649, 4279, 137547, 4437, 144460, 4660, 155310, 5010, 172081, 5551, 178870, 5770, 187116, 6036, 206770, 6670, 216535, 6985, 229710, 7410, 237739, 7669, 252836, 8156, 262849, 8479, 281232, 9072, 302684, 9764, 331018, 10678, 350362, 11302, 372806, 12026, 402783, 12993, 418252, 13492, 436077, 14067, 465000, 15000, 496713, 16023, 529449, 17079, 564479, 18209, 590116, 19036, 610390, 19690, 633175, 20425, 670313, 21623, 701840, 22640, 730670, 23570, 760430, 24530, 790531, 25501, 827793, 26703, 861924, 27804, 907060, 29260, 953033, 30743, 997394, 32174, 1046281, 33751, 1094269, 35299, 1142567, 36857, 1197375, 38625, 1254570, 40470, 1304325, 42075, 1351352, 43592, 1398658, 45118, 1451823, 46833, 1512893, 48803, 1567267, 50557, 1634537, 52727, 1703977, 54967, 1761420, 56820, 1835572, 59212, 1896022, 61162, 1975754, 63734, 2057439, 66369, 2141759, 69089, 2223847, 71737, 2297441, 74111, 2384551, 76921, 2467662, 79602, 2562739, 82669, 2659645, 85795, 2756582, 88922, 2854170, 92070, 2970, 110515, 3565, 115, 17298, 558]
31,1,59,[60, 54932, 1772, 65844, 2124, 97216, 3136, 109492, 3532, 166036, 5356, 215264, 6944, 224, 19964, 644, 64480, 2080, 72044, 2324, 129208, 4168, 158968, 5128, 187860, 6060, 221340, 7140, 246760, 7960, 298592, 9632, 348440, 11240, 392584, 12664, 434496, 14016, 455824, 14704, 488808, 15768, 541136, 17456, 564076, 18196, 637112, 20552, 712504, 22984, 759252, 24492, 787400, 25400, 832908, 26868, 899992, 29032, 958272, 30912, 998324, 32204, 1078056, 34776, 1158532, 37372, 1226980, 39580, 1310432, 42272, 1387436, 44756, 1474236, 47556, 1525448, 49208, 1594764, 51444, 1673628, 53988, 1758692, 56732, 1819080, 58680, 1928944, 62224, 2003964, 64644, 2085060, 67260, 2190708, 70668, 2296108, 74068, 2386628, 76988, 2491036, 80356, 2578704, 83184, 2681996, 86516, 2816040, 90840, 2925160, 94360, 3068876, 98996, 3191636, 102956, 3303732, 106572, 3456004, 111484, 3582112, 115552, 3725084, 120164, 3859872, 124512, 4013632, 129472, 4172352, 134592, 4345332, 140172, 4523892, 145932, 4697244, 151524, 4898124, 158004, 5107312, 164752, 5304968, 171128, 5490720, 177120, 5698916, 183836, 5893720, 190120, 6135024, 197904, 6384, 257300, 8300, 307644, 9924, 324880, 10480, 339016, 10936, 393824, 12704, 452228, 14588, 499720, 16120, 520, 60512, 1952, 117304, 3784, 124744, 4024, 174468, 5628, 211172, 6812, 260028, 8388, 301320, 9720, 342116, 11036, 356, 38812, 1252, 62000, 2000, 93248, 3008, 98084, 3164, 104904, 3384, 117428, 3788, 132184, 4264, 167524, 5404, 191208, 6168, 252216, 8136, 285944, 9224, 326244, 10524, 364188, 11748, 430776, 13896, 459296, 14816, 527124, 17004, 573376, 18496, 628432, 20272, 701716, 22636, 735320, 23720, 768180, 24780, 813068, 26228, 842952, 27192, 879284, 28364, 962488, 31048, 1024612, 33052, 1068632, 34472, 1112, 84940, 2740, 109616, 3536, 116808, 3768, 151652, 4892, 202244, 6524, 234360, 7560, 291276, 9396, 306156, 9876, 348936, 11256, 365676, 11796, 406720, 13120, 432636, 13956, 457560, 14760, 479632, 15472, 500588, 16148, 567920, 18320, 641080, 20680, 667244, 21524, 707048, 22808, 771900, 24900, 809596, 26116, 861304, 27784, 903712, 29152, 954800, 30800, 1016676, 32796, 1102484, 35564, 1150844, 37124, 1219044, 39324, 1287616, 41536, 1378508, 44468, 1448568, 46728, 1515404, 48884, 1615472, 52112, 1669412, 53852, 1732404, 55884, 1828504, 58984, 1927704, 62184, 2042900, 65900, 2154500, 69500, 2277012, 73452, 2374228, 76588, 2483720, 80120, 2593088, 83648, 2695016, 86936, 2803888, 90448, 2932724, 94604, 3069372, 99012, 3221396, 103916, 3332624, 107504, 3489484, 112564, 3607532, 116372, 3776916, 121836, 3909720, 126120, 4057776, 130896, 4214264, 135944, 4366660, 140860, 4556876, 146996, 4749572, 153212, 4921064, 158744, 5123680, 165280, 5323692, 171732, 5537468, 178628, 5727064, 184744, 5939228, 191588, 6145440, 198240, 6391208, 206168, 6630280, 213880, 6864268, 221428, 7133224, 230104, 7403544, 238824, 7704, 275776, 8896, 339512, 10952, 366916, 11836, 424452, 13692, 476532, 15372, 541260, 17460, 571516, 18436, 630168, 20328, 692540, 22340, 751440, 24240, 828692, 26732, 873704, 28184, 911028, 29388, 948, 63240, 2040, 110980, 3580, 141980, 4580, 188604, 6084, 209312, 6752, 261764, 8444, 292144, 9424, 304, 55428, 1788, 95604, 3084, 126108, 4068, 142972, 4612, 191456, 6176, 210428, 6788, 272056, 8776, 286316, 9236, 348564, 11244, 400024, 12904, 427552, 13792, 492528, 15888, 537664, 17344, 582428, 18788, 604872, 19512, 648148, 20908, 694648, 22408, 764584, 24664, 823980, 26580, 874324, 28204, 948228, 30588, 1019032, 32872, 1073840, 34640, 1132244, 36524, 1179736, 38056, 1252524, 40404, 1313036, 42356, 1373672, 44312, 1441748, 46508, 1502880, 48480, 1600716, 51636, 1690740, 54540, 1765388, 56948, 1824164, 58844, 1893976, 61096, 2002600, 64600, 2116556, 68276, 2210424, 71304, 2289040, 73840, 2415892, 77932, 2546836, 82156, 2639960, 85160, 2730604, 88084, 2842452, 91692, 2979844, 96124, 3119840, 100640, 3246072, 104712, 3396484, 109564, 3524328, 113688, 3658124, 118004, 3809032, 122872, 3966636, 127956, 4129324, 133204, 4313712, 139152, 4496736, 145056, 4654588, 150148, 4832156, 155876, 5002656, 161376, 5202420, 167820, 5401316, 174236, 5604800, 180800, 5800224, 187104, 6022060, 194260, 6241912, 201352, 6456060, 208260, 6667976, 215096, 6915976, 223096, 7175632, 231472, 7454632, 240472, 7704244, 248524, 8003952, 258192, 8306016, 267936, 8579436, 276756, 8890924, 286804, 9219772, 297412, 9570196, 308716, 9911816, 319736, 10235208, 330168, 10598280, 341880, 10962096, 353616, 11370552, 366792, 11832, 417012, 13452, 483476, 15596, 504556, 16276, 522660, 16860, 588876, 18996, 651744, 21024, 683736, 22056, 733212, 23652, 811704, 26184, 874448, 28208, 955668, 30828, 1012088, 32648, 1053876, 33996, 1124432, 36272, 1164360, 37560, 1236652, 39892, 1324072, 42712, 1412484, 45564, 1503748, 48508, 1596128, 51488, 1698800, 54800, 1795644, 57924, 1882816, 60736, 1956348, 63108, 2061500, 66500, 2137140, 68940, 2255436, 72756, 2383032, 76872, 2501948, 80708, 2610076, 84196, 2716, 121644, 3924, 158472, 5112, 214768, 6928, 249116, 8036, 269948, 8708, 329840, 10640, 353276, 11396, 399404, 12884, 447020, 14420, 470580, 15180, 524148, 16908, 564820, 18220, 625084, 20164, 670840, 21640, 696136, 22456, 740528, 23888, 797320, 25720, 861428, 27788, 911152, 29392, 947856, 30576, 996712, 32152, 1038004, 33484, 1078800, 34800, 1146504, 36984, 1185316, 38236, 1247316, 40236, 1340564, 43244, 1438648, 46408, 1486884, 47964, 1547644, 49924, 1623160, 52360, 1677348, 54108, 1755220, 56620, 1837432, 59272, 1912, 99572, 3212, 137516, 4436, 147436, 4756, 175956, 5676, 187116, 6036, 233368, 7528, 288424, 9304, 305040, 9840, 338644, 10924, 371504, 11984, 416392, 13432, 446276, 14396, 482608, 15568, 509144, 16424, 571268, 18428, 615288, 19848, 649760, 20960, 678032, 21872, 730980, 23580, 791120, 25520, 829436, 26756, 861676, 27796, 926032, 29872, 990636, 31956, 1070120, 34520, 1135716, 36636, 1218052, 39292, 1284764, 41444, 1377392, 44432, 1438276, 46396, 1521232, 49072, 1625144, 52424, 1683052, 54292, 1757452, 56692, 1858016, 59936, 1941716, 62636, 2033600, 65600, 2106512, 67952, 2192, 110360, 3560, 161448, 5208, 168, 29140, 940, 48360, 1560, 68200, 2200, 125240, 4040, 147560, 4760, 183396, 5916, 236840, 7640, 270072, 8712, 280612, 9052, 292, 33108, 1068, 59768, 1928, 72664, 2344, 109740, 3540, 124248, 4008, 144708, 4668, 182280, 5880, 226548, 7308, 275900, 8900, 290284, 9364, 303304, 9784, 347820, 11220, 412052, 13292, 469216, 15136, 498976, 16096, 527868, 17028, 561348, 18108, 586768, 18928, 638600, 20600, 688448, 22208, 732592, 23632, 774504, 24984, 852500, 27500, 885484, 28564, 937812, 30252, 1017420, 32820, 1090456, 35176, 1165848, 37608, 1212596, 39116, 1297412, 41852, 1342920, 43320, 1410004, 45484, 1468284, 47364, 1565004, 50484, 1644736, 53056, 1725212, 55652, 1793660, 57860, 1877112, 60552, 1954116, 63036, 2040916, 65836, 2148796, 69316, 2236, 78864, 2544, 85064, 2744, 117056, 3776, 166532, 5372, 188356, 6076, 196, 24552, 792, 56420, 1820, 98456, 3176, 127224, 4104, 153264, 4944, 185628, 5988, 200756, 6476, 258416, 8336, 317936, 10256, 375720, 12120, 442680, 14280, 493520, 15920, 540516, 17436, 583544, 18824, 615164, 19844, 642320, 20720, 684976, 22096, 750944, 24224, 798932, 25772, 844812, 27252, 877548, 28308, 914996, 29516, 951824, 30704, 1008120, 32520, 1042468, 33628, 1119968, 36128, 1179860, 38060, 1259964, 40644, 1306092, 42132, 1353708, 43668, 1433936, 46256, 1487504, 47984, 1584844, 51124, 1645108, 53068, 1747532, 56372, 1829496, 59016, 1930556, 62276, 2044016, 65936, 2164792, 69832, 2271184, 73264, 2364556, 76276, 2470080, 79680, 2568040, 82840, 2665504, 85984, 2789876, 89996, 2885356, 93076, 3004024, 96904, 3153940, 101740, 3308692, 106732, 3470264, 111944, 3587692, 115732, 3719876, 119996, 3887400, 125400, 4021940, 129740, 4160820, 134220, 4333428, 139788, 4489668, 144828, 4683852, 151092, 4887956, 157676, 5063912, 163352, 5251028, 169388, 5427728, 175088, 5648, 191704, 6184, 225308, 7268, 258168, 8328, 303056, 9776, 332940, 10740, 369272, 11912, 395808, 12768, 457932, 14772, 501952, 16192, 536424, 17304, 564696, 18216, 617644, 19924, 677784, 21864, 716100, 23100, 748340, 24140, 812696, 26216, 877300, 28300, 956784, 30864, 1022380, 32980, 1104716, 35636, 1171428, 37788, 1264056, 40776, 1324940, 42740, 1407896, 45416, 1455140, 46940, 1513048, 48808, 1587448, 51208, 1688012, 54452, 1771712, 57152, 1863596, 60116, 1936508, 62468, 2004460, 64660, 2114820, 68220, 2219600, 71600, 2329588, 75148, 2412048, 77808, 2542868, 82028, 2628552, 84792, 2726140, 87940, 2857952, 92192, 3003156, 96876, 3101860, 100060, 3243964, 104644, 3383340, 109140, 3529040, 113840, 3657504, 117984, 3828500, 123500, 4001356, 129076, 4172476, 134596, 4352772, 140412, 4516948, 145708, 4677280, 150880, 4833644, 155924, 5035268, 162428, 5232428, 168788, 5445088, 175648, 5624392, 181432, 5842384, 188464, 6058268, 195428, 6261008, 201968, 6468460, 208660, 6731960, 217160, 6958260, 224460, 7219280, 232880, 7466784, 240864, 7753348, 250108, 8068, 272800, 8800, 330956, 10676, 363568, 11728, 393576, 12696, 437348, 14108, 456940, 14740, 499100, 16100, 535308, 17268, 554404, 17884, 623472, 20112, 687456, 22176, 729740, 23540, 773388, 24948, 842208, 27168, 891312, 28752, 947484, 30564, 1031060, 33260, 1115504, 35984, 1195360, 38560, 1283276, 41396, 1344780, 43380, 1408268, 45428, 1477460, 47660, 1548884, 49964, 1640892, 52932, 1721244, 55524, 1782252, 57492, 1872648, 60408, 1969616, 63536, 2064228, 66588, 2148, 85188, 2748, 124496, 4016, 159588, 5148, 168392, 5432, 186620, 6020, 203608, 6568, 259532, 8372, 271560, 8760, 313224, 10104, 376340, 12140, 423212, 13652, 458800, 14800, 497364, 16044, 544484, 17564, 594952, 19192, 619628, 19988, 683488, 22048, 718332, 23172, 768924, 24804, 801040, 25840, 857956, 27676, 929504, 29984, 972284, 31364, 1045692, 33732, 1086736, 35056, 1169320, 37720, 1250912, 40352, 1329652, 42892, 1407276, 45396, 1474608, 47568, 1547768, 49928, 1630600, 52600, 1727072, 55712, 1791924, 57804, 1886288, 60848, 1994664, 64344, 2093740, 67540, 2201496, 71016, 2320040, 74840, 2405848, 77608, 2510876, 80996, 2635744, 85024, 2760984, 89064, 2851876, 91996, 2978604, 96084, 3102108, 100068, 3228, 110608, 3568, 119660, 3860, 152768, 4928, 212536, 6856, 228532, 7372, 281604, 9084, 292516, 9436, 323888, 10448, 336164, 10844, 392708, 12668, 441936, 14256, 505548, 16308, 525512, 16952, 589992, 19032, 662036, 21356, 734576, 23696, 780208, 25168, 854732, 27572, 906068, 29228, 982824, 31704, 1054744, 34024, 1119844, 36124, 1172420, 37820, 1220, 59148, 1908, 92132, 2972, 144460, 4660, 167400, 5400, 183768, 5928, 202492, 6532, 249240, 8040, 277388, 8948, 322896, 10416, 336, 58280, 1880, 96720, 3120, 136400, 4400, 193812, 6252, 238452, 7692, 253456, 8176, 303676, 9796, 316, 21080, 680, 74772, 2412, 122884, 3964, 176204, 5684, 201996, 6516, 219480, 7080, 248496, 8016, 289416, 9336, 307892, 9932, 339760, 10960, 381796, 12316, 410564, 13244, 436604, 14084, 468968, 15128, 488, 57660, 1860]
31,1,74,[51, 47492, 1532, 78833, 2543, 83669, 2699, 90954, 2934, 139748, 4508, 174065, 5615, 188852, 6092, 231632, 7472, 241397, 7787, 262942, 8482, 314991, 10161, 380184, 12264, 436015, 14065, 500526, 16146, 576290, 18590, 643033, 20743, 672948, 21708, 713000, 23000, 802497, 25887, 832970, 26870, 914872, 29512, 952, 80910, 2610, 97278, 3138, 116467, 3757, 133982, 4322, 168113, 5423, 240033, 7743, 302808, 9768, 319455, 10305, 359569, 11599, 382633, 12343, 406441, 13111, 486049, 15679, 556760, 17960, 599943, 19353, 639933, 20643, 724780, 23380, 761918, 24578, 846114, 27294, 905510, 29210, 953064, 30744, 1036547, 33437, 1113551, 35921, 1202211, 38781, 1251, 65255, 2105, 131564, 4244, 200012, 6452, 215636, 6956, 250108, 8068, 276520, 8920, 338179, 10909, 413292, 13332, 431210, 13910, 495566, 15986, 559705, 18055, 607569, 19599, 643219, 20749, 686898, 22158, 764088, 24648, 795615, 25665, 885484, 28564, 943857, 30447, 985769, 31799, 1072600, 34600, 1116372, 36012, 1200537, 38727, 1257608, 40568, 1344036, 43356, 1428666, 46086, 1520612, 49052, 1592594, 51374, 1660019, 53549, 1741084, 56164, 1849987, 59677, 1914250, 61750, 2042497, 65887, 2135900, 68900, 2246074, 72454, 2334579, 75309, 2432818, 78478, 2550277, 82267, 2687576, 86696, 2820132, 90972, 2952378, 95238, 3061374, 98754, 3203695, 103345, 3357486, 108306, 3518531, 113501, 3654962, 117902, 3793501, 122371, 3947974, 127354, 4089086, 131906, 4223285, 136235, 4407673, 142183, 4588837, 148027, 4741450, 152950, 4956311, 159881, 5148294, 166074, 5330419, 171949, 5555107, 179197, 5773285, 186235, 6000794, 193574, 6217298, 200558, 6461423, 208433, 6715716, 216636, 6950696, 224216, 7229944, 233224, 7488391, 241561, 7750589, 250019, 8009780, 258380, 8327778, 268638, 8649155, 279005, 8939625, 288375, 9257809, 298639, 9593136, 309456, 9934694, 320474, 10317079, 332809, 10704920, 345320, 11075463, 357273, 11499233, 370943, 11934380, 384980, 12369806, 399026, 12826157, 413747, 13288057, 428647, 13739634, 443214, 14198899, 458029, 14666100, 473100, 15159837, 489027, 15653450, 504950, 16208846, 522866, 16777572, 541212, 17350886, 559706, 17912885, 577835, 18550338, 598398, 19160201, 618071, 19833304, 639784, 20486846, 660866, 21166056, 682776, 21851125, 704875, 22620204, 729684, 23363646, 753666, 24174637, 779827, 25004910, 806610, 25859673, 834183, 26703028, 861388, 27614862, 890802, 28544645, 920795, 29470026, 950646, 30666, 997363, 32173, 1089154, 35134, 1149511, 37081, 1198057, 38647, 1284857, 41447, 1337, 51956, 1676, 58218, 1878, 101370, 3270, 139035, 4485, 191673, 6183, 229958, 7418, 258013, 8323, 300731, 9701, 376929, 12159, 405139, 13069, 459482, 14822, 483476, 15596, 505951, 16321, 556667, 17957, 592968, 19128, 614389, 19819, 657138, 21198, 735661, 23731, 796080, 25680, 849276, 27396, 929411, 29981, 968564, 31244, 1061719, 34249, 1153293, 37203, 1197375, 38625, 1304790, 42090, 1399619, 45149, 1474577, 47567, 1551953, 50063, 1668513, 53823, 1738387, 56077, 1860961, 60031, 1955387, 63077, 2071203, 66813, 2156360, 69560, 2287831, 73801, 2409785, 77735, 2528794, 81574, 2640177, 85167, 2748274, 88654, 2894253, 93363, 3038062, 98002, 3161287, 101977, 3304538, 106598, 3456996, 111516, 3589149, 115779, 3762253, 121363, 3950113, 127423, 4107345, 132495, 4242133, 136843, 4399613, 141923, 4553001, 146871, 4754904, 153384, 4970199, 160329, 5194732, 167572, 5401285, 174235, 5609915, 180965, 5832154, 188134, 6079906, 196126, 6321892, 203932, 6557926, 211546, 6774058, 218518, 7061366, 227786, 7355649, 237279, 7604393, 245303, 7913, 271560, 8760, 321594, 10374, 377828, 12188, 401481, 12951, 469464, 15144, 521296, 16816, 570214, 18394, 613831, 19801, 686371, 22141, 724563, 23373, 816726, 26346, 904983, 29193, 984622, 31762, 1057658, 34118, 1133050, 36550, 1171893, 37803, 1241798, 40058, 1295614, 41794, 1351166, 43586, 1406, 70215, 2265, 77066, 2486, 93310, 3010, 103199, 3329, 134044, 4324, 172763, 5573, 233368, 7528, 300514, 9694, 360654, 11634, 392925, 12675, 467511, 15081, 516987, 16677, 602454, 19434, 686092, 22132, 774721, 24991, 811177, 26167, 844223, 27233, 905851, 29221, 978639, 31569, 1035431, 33401, 1100934, 35514, 1180015, 38065, 1282284, 41364, 1346578, 43438, 1406067, 45357, 1460596, 47116, 1569623, 50633, 1643186, 53006, 1758103, 56713, 1846918, 59578, 1968407, 63497, 2052541, 66211, 2178370, 70270, 2303672, 74312, 2389449, 77079, 2496337, 80527, 2622724, 84604, 2718793, 87703, 2815668, 90828, 2972993, 95903, 3114756, 100476, 3226697, 104087, 3376644, 108924, 3533721, 113991, 3656884, 117964, 3795485, 122435, 3954608, 127568, 4089055, 131905, 4255, 154504, 4984, 214520, 6920, 237491, 7661, 254324, 8204, 308388, 9948, 382540, 12340, 399466, 12886, 460505, 14855, 489118, 15778, 573686, 18506, 660982, 21322, 739629, 23859, 809348, 26108, 849214, 27394, 924761, 29831, 975229, 31459, 1064013, 34323, 1112094, 35874, 1164019, 37549, 1219912, 39352, 1289073, 41583, 1358172, 43812, 1422621, 45891, 1493735, 48185, 1567143, 50553, 1670435, 53885, 1740371, 56141, 1811, 87761, 2831, 113522, 3662, 126356, 4076, 164827, 5317, 206832, 6672, 229555, 7405, 298871, 9641, 311, 12245, 395, 65379, 2109, 69781, 2251, 115599, 3729, 139965, 4515, 190340, 6140, 201066, 6486, 223603, 7213, 278969, 8999, 308605, 9955, 327732, 10572, 340597, 10987, 381393, 12303, 455607, 14697, 477183, 15393, 531557, 17147, 557876, 17996, 612560, 19760, 662129, 21359, 689, 38099, 1229, 85188, 2748, 133796, 4316, 154163, 4973, 188945, 6095, 238607, 7697, 266941, 8611, 330584, 10664, 344, 17887, 577, 62031, 2001, 103013, 3323, 120094, 3874, 192758, 6218, 240250, 7750, 250, 12586, 406, 19871, 641, 68665, 2215, 102982, 3322, 117769, 3799, 160549, 5179, 170314, 5494, 191859, 6189, 243908, 7868, 309101, 9971, 364932, 11772, 429443, 13853, 505207, 16297, 571950, 18450, 601865, 19415, 641917, 20707, 731414, 23594, 761887, 24577, 843789, 27219, 873301, 28171, 954211, 30781, 1051489, 33919, 1096873, 35383, 1159772, 37412, 1256802, 40542, 1354669, 43699, 1444228, 46588, 1550434, 50014, 1625671, 52441, 1723972, 55612, 1846081, 59551, 1921, 130262, 4202, 173445, 5595, 213435, 6885, 227199, 7329, 264337, 8527, 277450, 8950, 336846, 10866, 384400, 12400, 400, 77004, 2484, 88660, 2860, 109864, 3544, 136338, 4398, 202647, 6537, 271095, 8745, 286719, 9249, 321191, 10361, 347603, 11213, 409262, 13202, 484375, 15625, 502293, 16203, 566649, 18279, 630788, 20348, 678652, 21892, 714302, 23042, 757981, 24451, 835171, 26941, 866698, 27958, 956567, 30857, 1014940, 32740, 1056852, 34092, 1143683, 36893, 1187455, 38305, 1271620, 41020, 1328691, 42861, 1415119, 45649, 1499749, 48379, 1591695, 51345, 1663677, 53667, 1731102, 55842, 1812167, 58457, 1921070, 61970, 1985333, 64043, 2113580, 68180, 2206983, 71193, 2317157, 74747, 2405662, 77602, 2503901, 80771, 2621360, 84560, 2758659, 88989, 2891215, 93265, 3023461, 97531, 3132457, 101047, 3274778, 105638, 3428569, 110599, 3589614, 115794, 3726045, 120195, 3864584, 124664, 4019057, 129647, 4160169, 134199, 4329, 184388, 5948, 252247, 8137, 294779, 9509, 357027, 11517, 405232, 13072, 466457, 15047, 509020, 16420, 573593, 18503, 654007, 21097, 714085, 23035, 741706, 23926, 822957, 26547, 874727, 28217, 918995, 29645, 969277, 31267, 1044111, 33681, 1112187, 35877, 1170994, 37774, 1245456, 40176, 1296, 98797, 3187, 159309, 5139, 219480, 7080, 254076, 8196, 289788, 9348, 338117, 10907, 408642, 13182, 437875, 14125, 497860, 16060, 518506, 16726, 574213, 18523, 629424, 20304, 718518, 23178, 789849, 25479, 879532, 28372, 923955, 29805, 985862, 31802, 1079575, 34825, 1141916, 36836, 1197096, 38616, 1283865, 41415, 1394070, 44970, 1484900, 47900, 1544265, 49815, 1660577, 53567, 1782934, 57514, 1861085, 60035, 1964687, 63377, 2057873, 66383, 2151772, 69412, 2228063, 71873, 2334331, 75301, 2414218, 77878, 2505854, 80834, 2625669, 84699, 2726419, 87949, 2818954, 90934, 2935111, 94681, 3045843, 98253, 3176198, 102458, 3285535, 105985, 3453431, 111401, 3606106, 116326, 3754534, 121114, 3939852, 127092, 4119683, 132893, 4314487, 139177, 4494938, 144998, 4665159, 150489, 4850043, 156453, 5068407, 163497, 5238783, 168993, 5435292, 175332, 5672535, 182985, 5908259, 190589, 6101141, 196811, 6350691, 204861, 6585361, 212431, 6841359, 220689, 7119, 273668, 8828, 337528, 10888, 364467, 11757, 394568, 12728, 448570, 14470, 518072, 16712, 541663, 17473, 604996, 19516, 663493, 21403, 714705, 23055, 788206, 25426, 827390, 26690, 922870, 29770, 975570, 31470, 1018505, 32855, 1110978, 35838, 1151402, 37142, 1197716, 38636, 1259282, 40622, 1327420, 42820, 1390877, 44867, 1458674, 47054, 1567639, 50569, 1636552, 52792, 1758134, 56714, 1849243, 59653, 1929533, 62243, 2051394, 66174, 2163428, 69788, 2249267, 72557, 2360805, 76155, 2480527, 80017, 2574302, 83042, 2712376, 87496, 2831974, 91354, 2987532, 96372, 3138936, 101256, 3263122, 105262, 3407365, 109915, 3563140, 114940, 3730819, 120349, 3867219, 124749, 4003433, 129143, 4196780, 135380, 4339039, 139969, 4488180, 144780, 4655890, 150190, 4865698, 156958, 5034121, 162391, 5226321, 168591, 5424721, 174991, 5661623, 182633, 5871772, 189412, 6065770, 195670, 6327937, 204127, 6584803, 212413, 6799509, 219339, 7050950, 227450, 7285279, 235009, 7586785, 244735, 7879673, 254183, 8165958, 263418, 8454599, 272729, 8777774, 283154, 9134, 338148, 10908, 410967, 13257, 470084, 15164, 496713, 16023, 574647, 18537, 661974, 21354, 742946, 23966, 773791, 24961, 812510, 26210, 873115, 28165, 940261, 30331, 1000401, 32271, 1041, 74586, 2406, 120559, 3889, 156550, 5050, 225804, 7284, 301878, 9738, 320788, 10348, 388461, 12531, 417043, 13453, 499286, 16106, 554373, 17883, 634167, 20457, 718828, 23188, 748, 33108, 1068, 66278, 2138, 137206, 4426, 196664, 6344, 248868, 8028, 325686, 10506, 400396, 12916, 459172, 14812, 531309, 17139, 610359, 19689, 639220, 20620, 671305, 21655, 731941, 23611, 801412, 25852, 893761, 28831, 924885, 29835, 984529, 31759, 1050683, 33893, 1107506, 35726, 1175334, 37914, 1215541, 39211, 1316663, 42473, 1366015, 44065, 1442182, 46522, 1539150, 49650, 1632367, 52657, 1728591, 55761, 1837091, 59261, 1942212, 62652, 2007157, 64747, 2115471, 68241, 2206642, 71182, 2291582, 73922, 2406778, 77638, 2516518, 81178, 2643556, 85276, 2788450, 89950, 2921967, 94257, 3055205, 98555, 3167518, 102178, 3274282, 105622, 3391369, 109399, 3529, 172546, 5566, 217093, 7003, 288300, 9300, 300, 57753, 1863, 66495, 2145, 82398, 2658, 137795, 4445, 169756, 5476, 221092, 7132, 232810, 7510, 258664, 8344, 278473, 8983, 342488, 11048, 381052, 12292, 430032, 13872, 478299, 15429, 544174, 17554, 580072, 18712, 642351, 20721, 692881, 22351, 721, 41416, 1336, 49631, 1601, 97092, 3132, 102517, 3307, 153977, 4967, 174995, 5645, 187519, 6049, 202740, 6540, 278070, 8970, 312263, 10073, 388833, 12543, 444943, 14353, 463, 81313, 2623, 127503, 4113, 179769, 5799, 190154, 6134, 258199, 8329, 314681, 10151, 356934, 11514, 398257, 12847, 440913, 14223, 512461, 16531, 547336, 17656, 603973, 19483, 657851, 21221, 718053, 23163, 754974, 24354, 822895, 26545, 870077, 28067, 925660, 29860, 971571, 31341, 1011, 75919, 2449, 79, 41509, 1339, 56606, 1826, 122636, 3956, 170159, 5489, 180234, 5814, 225029, 7259, 243753, 7863, 297476, 9596, 346053, 11163, 364095, 11745, 437751, 14121, 488560, 15760, 531836, 17156, 578801, 18671, 618109, 19939, 651806, 21026, 691176, 22296, 729523, 23533, 762228, 24588, 798281, 25751, 872185, 28135, 941594, 30374, 1029293, 33203, 1067082, 34422, 1129020, 36420, 1225058, 39518, 1319608, 42568, 1373641, 44311, 1445468, 46628, 1501268, 48428, 1563454, 50434, 1678092, 54132, 1745982, 56322, 1861922, 60062, 1956379, 63109, 2074520, 66920, 2191886, 70706, 2322210, 74910, 2429222, 78362, 2564909, 82739, 2669, 92287, 2977, 97557, 3147, 137392, 4432, 210614, 6794, 228873, 7383, 247721, 7991, 310744, 10024, 345991, 11161, 359445, 11595, 373333, 12043, 419771, 13541, 490637, 15827, 545445, 17595, 604314, 19494, 683426, 22046, 716937, 23127, 742357, 23947, 800699, 25829, 840286, 27106, 894908, 28868, 939827, 30317, 1038934, 33514, 1079327, 34817, 1123316, 36236, 1223756, 39476, 1293041, 41711, 1371440, 44240, 1422559, 45889, 1489085, 48035, 1573808, 50768, 1672729, 53959, 1770255, 57105, 1834239, 59169, 1941561, 62631, 2029415, 65465, 2149912, 69352, 2230729, 71959, 2321032, 74872, 2411955, 77805, 2549378, 82238, 2691234, 86814, 2810150, 90650, 2914558, 94018, 3068194, 98974, 3217614, 103794, 3335166, 107586, 3479440, 112240, 3637540, 117340, 3766345, 121495, 3901598, 125858, 4093953, 132063, 4232895, 136545, 4417593, 142503, 4622007, 149097, 4812378, 155238, 5015769, 161799, 5200498, 167758, 5407237, 174427, 5629817, 181607, 5832061, 188131, 6072931, 195901, 6296348, 203108, 6561367, 211657, 6818884, 219964, 7082415, 228465, 7370498, 237758, 7651823, 246833, 7923879, 255609, 8211590, 264890, 8536098, 275358, 8848144, 285424, 9149619, 295149, 9511265, 306815, 9836424, 317304, 10197295, 328945, 10535412, 339852, 10944054, 353034, 11310846, 364866, 11737623, 378633, 12185046, 393066, 12617093, 407003, 13033268, 420428, 13467454, 434434, 14014, 453034, 14614, 497457, 16047, 559364, 18044, 581994, 18774, 644335, 20785, 699515, 22565, 786284, 25364, 825406, 26626, 916236, 29556, 975601, 31471, 1020830, 32930, 1072104, 34584, 1150255, 37105, 1253857, 40447, 1347043, 43453, 1440942, 46482, 1517233, 48943, 1623501, 52371, 1703388, 54948, 1795024, 57904, 1914839, 61769, 2015589, 65019, 2108124, 68004, 2224281, 71751, 2335013, 75323, 2465368, 79528, 2574705, 83055, 2671518, 86178, 2824193, 91103, 2972621, 95891, 3086856, 99576, 3195604, 103084, 3319325, 107075, 3428693, 110603, 3598914, 116094, 3783798, 122058, 3931079, 126809, 4101455, 132305, 4297964, 138644, 4464124, 144004, 4628765, 149315, 4821647, 155537, 5000114, 161294, 5163701, 166571, 5348616, 172536, 5569305, 179655, 5771890, 186190, 5967252, 192492, 6189553, 199663, 6441955, 207805, 6677276, 215396, 6911016, 222936, 7168347, 231237, 7417928, 239288, 7726006, 249226, 8014213, 258523, 8304838, 267898, 8634647, 278537, 8917770, 287670, 9253593, 298503, 9561268, 308428, 9890333, 319043, 10259822, 330962, 10604542, 342082, 11010828, 355188, 11414169, 368199, 11809884, 380964, 12202313, 393623, 12632624, 407504, 13060765, 421315, 13539405, 436755, 14038071, 452841, 14545944, 469224, 15033512, 484952, 15562031, 502001, 16105306, 519526, 16689036, 538356, 17250322, 556462, 17834300, 575300, 18414186, 594006, 19042587, 614277, 19684380, 634980, 20335411, 655981, 21039545, 678695, 21745756, 701476, 22465576, 724696, 23210909, 748739, 24021559, 774889, 24826257, 800847, 25682136, 828456, 26538108, 856068, 27401055, 883905, 28289546, 912566, 29245679, 943409, 30228069, 975099, 31260493, 1008403, 32278068, 1041228, 33588, 1109211, 35781, 1161043, 37453, 1209961, 39031, 1253578, 40438, 1326118, 42778, 1435393, 46303, 1527556, 49276, 1615813, 52123, 1695452, 54692, 1768488, 57048, 1843880, 59480, 1953806, 63026, 2023711, 65281, 2148610, 69310, 2275245, 73395, 2389914, 77094, 2531212, 81652, 2679361, 86431, 2772671, 89441, 2875870, 92770, 3009914, 97094, 3111594, 100374, 3273879, 105609, 3432227, 110717, 3579632, 115472, 3759308, 121268, 3942487, 127177, 4104059, 132389, 4280015, 138065, 4468526, 144146, 4674583, 150793, 4846013, 156323, 5050489, 162919, 5245510, 169210, 5442236, 175556, 5624671, 181441, 5872609, 189439, 6128545, 197695, 6344584, 204664, 6553834, 211414, 6822573, 220083, 7074758, 228218, 7364887, 237577, 7657496, 247016, 7922856, 255576, 8205948, 264708, 8539446, 275466, 8886, 330212, 10652, 384431, 12401, 399125, 12875, 434930, 14030, 490234, 15814, 515220, 16620, 541012, 17452, 627254, 20234, 697934, 22514, 738792, 23832, 817656, 26376, 903650, 29150, 955730, 30830, 1023248, 33008, 1111288, 35848, 1174652, 37892, 1235474, 39854, 1318895, 42545, 1391249, 44879, 1486574, 47954, 1598732, 51572, 1693871, 54641, 1792079, 57809, 1907213, 61523, 2012303, 64913, 2146006, 69226, 2222111, 71681, 2314429, 74659, 2414311, 77881, 2512829, 81059, 2651213, 85523, 2794061, 90131, 2916294, 94074, 3056228, 98588, 3173160, 102360, 3342017, 107807, 3495684, 112764, 3647429, 117659, 3797190, 122490, 3940317, 127107, 4083475, 131725, 4228958, 136418, 4406650, 142150, 4583195, 147845, 4744798, 153058, 4923079, 158809, 5143799, 165929, 5348709, 172539, 5576280, 179880, 5797434, 187014, 6034894, 194674, 6286893, 202803, 6491989, 209419, 6733510, 217210, 7005752, 225992, 7236330, 233430, 7530, 305164, 9844, 353989, 11419, 390631, 12601, 437627, 14117, 479260, 15460, 545166, 17586, 583389, 18819, 606794, 19574, 656177, 21167, 734669, 23699, 792763, 25573, 884833, 28543, 966115, 31165, 1020210, 32910, 1096687, 35377, 1145822, 36962, 1205714, 38894, 1290468, 41628, 1391714, 44894, 1450366, 46786, 1513203, 48813, 1605583, 51793, 1710115, 55165, 1801968, 58128, 1866975, 60225, 1979939, 63869, 2064445, 66595, 2147091, 69261, 2232403, 72013, 2323, 140833, 4543, 184357, 5947, 249922, 8062, 262570, 8470, 287091, 9261, 349091, 11261, 378696, 12216, 395498, 12758, 447237, 14427, 489180, 15780, 507253, 16363, 583234, 18814, 666252, 21492, 708381, 22851, 740404, 23884, 796390, 25690, 872526, 28146, 967169, 31199, 1028177, 33167, 1125548, 36308, 1177907, 37997, 1266350, 40850, 1359939, 43869, 1412980, 45580, 1481490, 47790, 1572847, 50737, 1671737, 53927, 1766938, 56998, 1869796, 60316, 1978265, 63815, 2081061, 67131, 2184880, 70480, 2294341, 74011, 2400454, 77434, 2539799, 81929, 2683639, 86569, 2809189, 90619, 2913566, 93986, 3064877, 98867, 3182088, 102648, 3300787, 106477, 3460003, 111613, 3601425, 116175, 3758874, 121254, 3909937, 126127, 4079631, 131601, 4224990, 136290, 4393382, 141722, 4583257, 147847, 4749448, 153208, 4916414, 158594, 5141505, 165855, 5318825, 171575, 5538553, 178663, 5740146, 185166, 5932191, 191361, 6190049, 199679, 6408072, 206712, 6623956, 213676, 6892664, 222344, 7142524, 230404, 7400444, 238724, 7694200, 248200, 7974502, 257242, 8240916, 265836, 8531975, 275225, 8823251, 284621, 9130802, 294542, 9450567, 304857, 9762303, 314913, 10111611, 326181, 10506582, 338922, 10914294, 352074, 11282419, 363949, 11667005, 376355, 12077755, 389605, 12531564, 404244, 12944980, 417580, 13385490, 431790, 13867726, 447346, 14351760, 462960, 14828478, 478338, 15325160, 494360, 15826399, 510529, 16385081, 528551, 16915925, 545675, 17491409, 564239, 18073992, 583032, 18691419, 602949, 19363158, 624618, 20056566, 646986, 20740240, 669040, 21475777, 692767, 22191474, 715854, 22911914, 739094, 23703747, 764637, 24518830, 790930, 25371671, 818441, 26213042, 845582, 27118242, 874782, 28048056, 904776, 28975762, 934702, 29958617, 966407, 30954833, 998543, 31957962, 1030902, 33053068, 1066228, 34151398, 1101658, 35278279, 1138009, 36485078, 1176938, 37714755, 1216605, 38954290, 1256590, 40222345, 1297495, 41567993, 1340903, 42975393, 1386303, 44393798, 1432058, 45855665, 1479215, 47378447, 1528337, 48920542, 1578082, 50560535, 1630985, 52221329, 1684559, 53949455, 1740305, 55751671, 1798441, 57566163, 1856973, 59448359, 1917689, 61432545, 1981695, 63460100, 2047100, 65541595, 2114245, 67687942, 2183482, 69935628, 2255988, 72248941, 2330611, 75181, 2419550, 78050, 2550339, 82269, 2692226, 86846, 2813467, 90757, 2950084, 95164, 3102573, 100083, 3237051, 104421, 3371281, 108751, 3486911, 112481, 3629201, 117071, 3780667, 121957, 3909503, 126113, 4047081, 130551, 4200562, 135502, 4338357, 139947, 4508113, 145423, 4658122, 150262, 4819849, 155479, 5007430, 161530, 5214820, 168220, 5415142, 174682, 5654028, 182388, 5870811, 189381, 6064778, 195638, 6324620, 204020, 6549277, 211267, 6765130, 218230, 7031513, 226823, 7320247, 236137, 7579314, 244494, 7888012, 254452, 8151636, 262956, 8446694, 272474, 8753563, 282373, 9093261, 293331, 9407229, 303459, 9789, 368280, 11880, 396211, 12781, 429629, 13859, 448074, 14454, 480872, 15512, 523900, 16900, 552265, 17815, 618233, 19943, 661106, 21326, 748929, 24159, 796018, 25678, 844626, 27246, 936076, 30196, 970858, 31318, 1020520, 32920, 1119937, 36127, 1183580, 38180, 1265327, 40817, 1354297, 43687, 1416328, 45688, 1519341, 49011, 1581]
31,1,90,[25, 70525, 2275, 106268, 3428, 159898, 5158, 198524, 6404, 255130, 8230, 305195, 9845, 365242, 11782, 382602, 12342, 406100, 13100, 469402, 15142, 523590, 16890, 612994, 19774, 708071, 22841, 800637, 25827, 837620, 27020, 917631, 29601, 1022535, 32985, 1058309, 34139, 1114760, 35960, 1160, 73377, 2367, 106423, 3433, 174003, 5613, 185194, 5974, 252526, 8146, 327608, 10568, 416268, 13428, 443641, 14311, 513732, 16572, 580506, 18726, 604810, 19510, 654999, 21129, 726330, 23430, 819485, 26435, 910067, 29357, 947, 77717, 2507, 155527, 5017, 233058, 7518, 285200, 9200, 361336, 11656, 376, 23188, 748, 35092, 1132, 80848, 2608, 94612, 3052, 136710, 4410, 163432, 5272, 174282, 5622, 210583, 6793, 228532, 7372, 305629, 9859, 318277, 10267, 345278, 11138, 381517, 12307, 397, 82429, 2659, 152024, 4904, 173662, 5602, 240622, 7762, 281852, 9092, 316045, 10195, 401543, 12953, 487010, 15710, 569656, 18376, 654968, 21128, 723509, 23339, 822151, 26521, 893296, 28816, 969525, 31275, 1076103, 34713, 1177752, 37992, 1263157, 40747, 1340161, 43231, 1430805, 46155, 1552263, 50073, 1624648, 52408, 1727258, 55718, 1813655, 58505, 1894472, 61112, 1986263, 64073, 2125639, 68569, 2272300, 73300, 2390224, 77104, 2486851, 80221, 2634008, 84968, 2797068, 90228, 2937498, 94758, 3093614, 99794, 3207353, 103463, 3355440, 108240, 3516671, 113441, 3663580, 118180, 3804072, 122712, 3965830, 127930, 4160696, 134216, 4342325, 140075, 4529813, 146123, 4731716, 152636, 4948499, 159629, 5136018, 165678, 5340742, 172282, 5554859, 179189, 5759149, 185779, 6020231, 194201, 6261845, 201995, 6547510, 211210, 6778243, 218653, 7024786, 226606, 7326695, 236345, 7565829, 244059, 7885191, 254361, 8156286, 263106, 8444493, 272403, 8733630, 281730, 9020938, 290998, 9314725, 300475, 9679347, 312237, 10005529, 322759, 10378490, 334790, 10771849, 347479, 11209, 408890, 13190, 463915, 14965, 543027, 17517, 566122, 18262, 592751, 19121, 681597, 21987, 725896, 23416, 779991, 25161, 860932, 27772, 964007, 31097, 1006260, 32460, 1047087, 33777, 1131066, 36486, 1251222, 40362, 1302, 42, 32023, 1033, 60946, 1966, 99169, 3199, 119102, 3842, 203825, 6575, 218767, 7057, 281604, 9084, 293477, 9467, 336412, 10852, 352842, 11382, 378169, 12199, 434992, 14032, 504804, 16284, 546189, 17619, 594487, 19177, 666655, 21505, 749518, 24178, 854577, 27567, 904456, 29176, 947577, 30567, 980933, 31643, 1076723, 34733, 1147713, 37023, 1209837, 39027, 1329745, 42895, 1433998, 46258, 1496990, 48290, 1609427, 51917, 1725491, 55661, 1825776, 58896, 1959975, 63225, 2067824, 66704, 2198675, 70925, 2347692, 75732, 2507094, 80874, 2660482, 85822, 2785350, 89850, 2908668, 93828, 3063854, 98834, 3179422, 102562, 3321030, 107130, 3497885, 112835, 3683234, 118814, 3863406, 124626, 4004766, 129186, 4159053, 134163, 4365730, 140830, 4584652, 147892, 4793902, 154642, 4987590, 160890, 5190, 202337, 6527, 256277, 8267, 323113, 10423, 353059, 11389, 397916, 12836, 416330, 13430, 449283, 14493, 508400, 16400, 527589, 17019, 549, 78926, 2546, 92628, 2988, 129084, 4164, 161138, 5198, 224905, 7255, 234949, 7579, 284363, 9173, 371628, 11988, 444974, 14354, 462117, 14907, 552327, 17817, 634291, 20461, 657541, 21211, 698275, 22525, 773791, 24961, 815486, 26306, 891994, 28774, 937502, 30242, 1015157, 32747, 1078583, 34793, 1144055, 36905, 1222795, 39445, 1298497, 41887, 1357118, 43778, 1417630, 45730, 1477305, 47655, 1547272, 49912, 1602762, 51702, 1724189, 55619, 1793753, 57863, 1899029, 61259, 1968655, 63505, 2079573, 67083, 2230326, 71946, 2374786, 76606, 2465337, 79527, 2578332, 83172, 2745174, 88554, 2883930, 93030, 3060630, 98730, 3231874, 104254, 3338917, 107707, 3482881, 112351, 3614755, 116605, 3770406, 121626, 3928289, 126719, 4116366, 132786, 4285409, 138239, 4451538, 143598, 4611870, 148770, 4763429, 153659, 4981235, 160685, 5175388, 166948, 5378593, 173503, 5627399, 181529, 5875864, 189544, 6093298, 196558, 6340058, 204518, 6575255, 212105, 6795727, 219217, 7059568, 227728, 7292874, 235254, 7600642, 245182, 7854191, 253361, 8188433, 264143, 8516723, 274733, 8822135, 284585, 9120665, 294215, 9484605, 305955, 9835184, 317264, 10180338, 328398, 10550571, 340341, 10955059, 353389, 11364228, 366588, 11767073, 379583, 12199647, 393537, 12657331, 408301, 13171, 496775, 16025, 593681, 19151, 679768, 21928, 732375, 23625, 764367, 24657, 822492, 26532, 924327, 29817, 1026658, 33118, 1087666, 35086, 1192477, 38467, 1306247, 42137, 1370696, 44216, 1442802, 46542, 1520023, 49033, 1630414, 52594, 1733210, 55910, 1836533, 59243, 1901354, 61334, 2007312, 64752, 2139000, 69000, 2277725, 73475, 2365145, 76295, 2452596, 79116, 2542868, 82028, 2630474, 84854, 2734851, 88221, 2895586, 93406, 2997359, 96689, 3119, 152799, 4929, 159, 16244, 524, 94860, 3060, 159278, 5138, 228563, 7373, 308450, 9950, 402070, 12970, 448508, 14468, 524334, 16914, 594239, 19169, 644087, 20777, 684387, 22077, 720409, 23239, 799428, 25788, 900519, 29049, 935146, 30166, 973679, 31409, 1021822, 32962, 1079885, 34835, 1176078, 37938, 1283741, 41411, 1397666, 45086, 1476220, 47620, 1534996, 49516, 1609613, 51923, 1742417, 56207, 1809780, 58380, 1887683, 60893, 1973677, 63667, 2104280, 67880, 2230729, 71959, 2325000, 75000, 2430679, 78409, 2536978, 81838, 2699697, 87087, 2809096, 90616, 2908079, 93809, 3010255, 97105, 3143617, 101407, 3261758, 105218, 3378132, 108972, 3506627, 113117, 3700625, 119375, 3889725, 125475, 4065402, 131142, 4230012, 136452, 4425033, 142743, 4620767, 149057, 4794925, 154675, 4994224, 161104, 5233420, 168820, 5471965, 176515, 5651269, 182299, 5886559, 189889, 6115494, 197274, 6371337, 205527, 6654956, 214676, 6872421, 221691, 7122002, 229742, 7354533, 237243, 7653, 320199, 10329, 347262, 11202, 389143, 12553, 482577, 15567, 512089, 16519, 603911, 19481, 659649, 21279, 717185, 23135, 765421, 24691, 831947, 26837, 920142, 29682, 991659, 31989, 1101740, 35540, 1176326, 37946, 1219850, 39350, 1289879, 41609, 1351011, 43581, 1467106, 47326, 1570212, 50652, 1701745, 54895, 1826365, 58915, 1927115, 62165, 2017170, 65070, 2085029, 67259, 2208068, 71228, 2337865, 75415, 2477427, 79917, 2641014, 85194, 2742942, 88482, 2853736, 92056, 2993205, 96555, 3148329, 101559, 3258255, 105105, 3405195, 109845, 3548508, 114468, 3707600, 119600, 3832778, 123638, 3984306, 128526, 4146, 196819, 6349, 272893, 8803, 365366, 11786, 393886, 12706, 481895, 15545, 536486, 17306, 576104, 18584, 636523, 20533, 687735, 22185, 765700, 24700, 857336, 27656, 896148, 28908, 969680, 31280, 1003749, 32379, 1077963, 34773, 1174094, 37874, 1276115, 41165, 1395372, 45012, 1452, 118978, 3838, 192541, 6211, 229431, 7401, 300979, 9709, 327422, 10562, 399342, 12882, 459637, 14827, 499565, 16115, 588194, 18974, 612746, 19766, 685503, 22113, 735506, 23726, 789911, 25481, 899062, 29002, 975477, 31467, 1012522, 32662, 1098175, 35425, 1197747, 38637, 1267063, 40873, 1349771, 43541, 1440725, 46475, 1503934, 48514, 1636118, 52778, 1733520, 55920, 1864743, 60153, 1961153, 63263, 2088563, 67373, 2183826, 70446, 2293318, 73978, 2400764, 77444, 2494942, 80482, 2592158, 83618, 2706455, 87305, 2818861, 90931, 2932104, 94584, 3035055, 97905, 3152483, 101693, 3290433, 106143, 3480246, 112266, 3634347, 117237, 3824098, 123358, 3972557, 128147, 4167640, 134440, 4369016, 140936, 4537842, 146382, 4722, 178994, 5774, 207080, 6680, 255595, 8245, 347510, 11210, 411711, 13281, 461249, 14879, 559798, 18058, 622480, 20080, 706707, 22797, 762972, 24612, 868465, 28015, 957838, 30898, 1050094, 33874, 1145326, 36946, 1251997, 40387, 1362109, 43939, 1439516, 46436, 1566833, 50543, 1653633, 53343, 1771123, 57133, 1843, 98022, 3162, 102, 28365, 915, 73904, 2384, 154380, 4980, 215140, 6940, 297383, 9593, 346022, 11162, 362762, 11702, 416299, 13429, 446462, 14402, 511066, 16486, 597277, 19267, 661168, 21328, 688, 38750, 1250, 67890, 2190, 125860, 4060, 213590, 6890, 242792, 7832, 306404, 9884, 388802, 12542, 451546, 14566, 541415, 17465, 592348, 19108, 644924, 20804, 674095, 21745, 734886, 23706, 819950, 26450, 865923, 27933, 899434, 29014, 1009329, 32559, 1066989, 34419, 1126509, 36339, 1182371, 38141, 1251191, 40361, 1375222, 44362, 1422373, 45883, 1476623, 47633, 1571669, 50699, 1661414, 53594, 1787522, 57662, 1850762, 59702, 1985767, 64057, 2080503, 67113, 2228497, 71887, 2381265, 76815, 2536172, 81812, 2626351, 84721, 2791953, 90063, 2904328, 93688, 3014750, 97250, 3120367, 100657, 3247, 168051, 5421, 248775, 8025, 332103, 10713, 393018, 12678, 489366, 15786, 524675, 16925, 625270, 20170, 701220, 22620, 782409, 25239, 821593, 26503, 928977, 29967, 1017513, 32823, 1120061, 36131, 1200816, 38736, 1286965, 41515, 1345214, 43394, 1458333, 47043, 1550000, 50000, 1678092, 54132, 1748958, 56418, 1886257, 60847, 2016829, 65059, 2140457, 69047, 2237394, 72174, 2326302, 75042, 2462702, 79442, 2597924, 83804, 2712407, 87497, 2841739, 91669, 2938986, 94806, 3056104, 98584, 3165844, 102124, 3295858, 106318, 3455167, 111457, 3600092, 116132, 3732958, 120418, 3892422, 125562, 4051452, 130692, 4257447, 137337, 4414307, 142397, 4595750, 148250, 4766312, 153752, 4984211, 160781, 5186827, 167317, 5382034, 173614, 5594694, 180474, 5839315, 188365, 6052781, 195251, 6284289, 202719, 6514898, 210158, 6750157, 217747, 6976271, 225041, 7234780, 233380, 7501628, 241988, 7749194, 249974, 8057737, 259927, 8381811, 270381, 8735862, 281802, 9051132, 291972, 9382150, 302650, 9762892, 314932, 10086191, 325361, 10456176, 337296, 10838096, 349616, 11268593, 363503, 11710188, 377748, 12124193, 391103, 12534819, 404349, 12983792, 418832, 13463982, 434322, 13931772, 449412, 14395129, 464359, 14887378, 480238, 15415029, 497259, 15965279, 515009, 16497022, 532162, 17073808, 550768, 17685934, 570514, 18315017, 590807, 18930925, 610675, 19558334, 630914, 20194826, 651446, 20879740, 673540, 21561647, 695537, 22315753, 719863, 23069084, 744164, 23838349, 768979, 24674264, 795944, 25523199, 823329, 26559, 914035, 29485, 954676, 30796, 1021729, 32959, 1071422, 34562, 1184076, 38196, 1233428, 39788, 1315051, 42421, 1393729, 44959, 1463789, 47219, 1527742, 49282, 1641171, 52941, 1761048, 56808, 1862480, 60080, 1928138, 62198, 2023804, 65284, 2169969, 69999, 2242757, 72347, 2382040, 76840, 2520238, 81298, 2646160, 85360, 2778933, 89643, 2929934, 94514, 3096962, 99902, 3252644, 104924, 3413348, 110108, 3598759, 116089, 3784573, 122083, 3920601, 126471, 4108430, 132530, 4254905, 137255, 4442362, 143302, 4641444, 149724, 4860893, 156803, 5031641, 162311, 5266466, 169886, 5453086, 175906, 5662460, 182660, 5867432, 189272, 6104117, 196907, 6373538, 205598, 6595870, 212770, 6856053, 221163, 7102317, 229107, 7378837, 238027, 7641965, 246515, 7896847, 254737, 8179474, 263854, 8479585, 273535, 8814478, 284338, 9115550, 294050, 9451435, 304885, 9835, 337032, 10872, 409262, 13202, 497767, 16057, 597494, 19274, 680915, 21965, 750293, 24203, 838643, 27053, 924265, 29815, 1021016, 32936, 1092998, 35258, 1158935, 37385, 1279990, 41290, 1402161, 45231, 1452970, 46870, 1580721, 50991, 1707015, 55065, 1787181, 57651, 1906190, 61490, 2015093, 65003, 2155399, 69529, 2300231, 74201, 2424634, 78214, 2505637, 80827, 2614354, 84334, 2737734, 88314, 2898562, 93502, 3008798, 97058, 3183948, 102708, 3300601, 106471, 3454485, 111435, 3624489, 116919, 3791610, 122310, 3955755, 127605, 4108461, 132531, 4257726, 137346, 4439696, 143216, 4658215, 150265, 4830792, 155832, 5059138, 163198, 5261382, 169722, 5509196, 177716, 5753848, 185608, 5970135, 192585, 6198977, 199967, 6446357, 207947, 6737974, 217354, 6991585, 225535, 7245010, 233710, 7481509, 241339, 7734004, 249484, 8058791, 259961, 8391266, 270686, 8731677, 281667, 9016133, 290843, 9309765, 300315, 9660282, 311622, 9999794, 322574, 10375359, 334689, 10746305, 346655, 11129217, 359007, 11563527, 373017, 12006269, 387299, 12438192, 401232, 12923094, 416874, 13387381, 431851, 13877801, 447671, 14441, 534626, 17246, 579762, 18702, 623565, 20115, 718983, 23193, 756121, 24391, 850237, 27427, 941811, 30381, 974981, 31451, 1053845, 33995, 1140831, 36801, 1188788, 38348, 1229925, 39675, 1342114, 43294, 1435610, 46310, 1557223, 50233, 1643713, 53023, 1732993, 55903, 1816786, 58606, 1920016, 61936, 2062833, 66543, 2176789, 70219, 2258164, 72844, 2400733, 77443, 2492121, 80391, 2594824, 83704, 2689684, 86764, 2848962, 91902, 2991066, 96486, 3126598, 100858, 3269291, 105461, 3458422, 111562, 3636920, 117320, 3798864, 122544, 3924197, 126587, 4089830, 131930, 4291485, 138435, 4485700, 144700, 4694547, 151437, 4851562, 156502, 5047110, 162810, 5290801, 170671, 5506096, 177616, 5731125, 184875, 5977358, 192818, 6251057, 201647, 6516851, 210221, 6754962, 217902, 6981231, 225201, 7253845, 233995, 7507363, 242173, 7752325, 250075, 8083281, 260751, 8371922, 270062, 8700553, 280663, 9036996, 291516, 9392659, 302989, 9768162, 315102, 10133466, 326886, 10521710, 339410, 10922478, 352338, 11338963, 365773, 11715892, 377932, 12124503, 391113, 12563029, 405259, 13043591, 420761, 13545233, 436943, 14063057, 453647, 14583640, 470440, 15095915, 486965, 15630293, 504203, 16187487, 522177, 16745921, 540191, 17330736, 559056, 17895370, 577270, 18525631, 597601, 19162278, 618138, 19861297, 640687, 20529874, 662254, 21194917, 683707, 21884202, 705942, 22618034, 729614, 23428529, 755759, 24212178, 781038, 25060152, 808392, 25882489, 834919, 26792711, 864281, 27659781, 892251, 28577133, 921843, 29574279, 954009, 30570123, 986133, 31620403, 1020013, 32696196, 1054716, 33759279, 1089009, 34876178, 1125038, 36048629, 1162859, 37261690, 1201990, 38538983, 1243193, 40103, 1339076, 43196, 1418529, 45759, 1472655, 47505, 1556417, 50207, 1656826, 53446, 1715850, 55350, 1813035, 58485, 1924511, 62081, 2039583, 65793, 2136055, 68905, 2269107, 73197, 2359038, 76098, 2502072, 80712, 2635775, 85025, 2784947, 89837, 2958454, 95434, 3098512, 99952, 3220776, 103896, 3366507, 108597, 3486260, 112460, 3662867, 118157, 3825648, 123408, 4027148, 129908, 4207258, 135718, 4378, 159619, 5149, 173135, 5585, 192665, 6215, 240715, 7765, 290315, 9365, 308047, 9937, 365397, 11787, 396707, 12797, 479229, 15459, 553257, 17847, 632462, 20402, 664020, 21420, 769110, 24810, 821810, 26510, 862265, 27815, 912392, 29432, 978081, 31551, 1076568, 34728, 1133608, 36568, 1223167, 39457, 1332349, 42979, 1411585, 45535, 1532423, 49433, 1634847, 52737, 1704318, 54978, 1801131, 58101, 1878755, 60605, 1955, 68138, 2198, 148428, 4788, 192262, 6202, 204042, 6582, 238514, 7694, 262942, 8482, 324415, 10465, 385082, 12422, 458862, 14802, 515499, 16629, 568385, 18335, 625766, 20186, 659897, 21287, 739753, 23863, 830552, 26792, 879656, 28376, 938711, 30281, 1038717, 33507, 1147527, 37017, 1192911, 38481, 1259282, 40622, 1333372, 43012, 1418219, 45749, 1530904, 49384, 1583077, 51067, 1662034, 53614, 1757483, 56693, 1883901, 60771, 1975351, 63721, 2083696, 67216, 2173224, 70104, 2279585, 73535, 2361487, 76177, 2465554, 79534, 2598079, 83809, 2726512, 87952, 2828409, 91239, 2936382, 94722, 3078517, 99307, 3216870, 103770, 3356897, 108287, 3476340, 112140, 3624737, 116927, 3814178, 123038, 4020886, 129706, 4156170, 134070, 4362754, 140734, 4573213, 147523, 4790461, 154531, 5020295, 161945, 5185029, 167259, 5391334, 173914, 5576404, 179884, 5817646, 187666, 6069459, 195789, 6332184, 204264, 6550393, 211303, 6781219, 218749, 7036225, 226975, 7330136, 236456, 7619583, 245793, 7935101, 255971, 8202228, 264588, 8475183, 273393, 8759732, 282572, 9061827, 292317, 9404346, 303366, 9786, 371721, 11991, 453437, 14627, 540578, 17438, 602640, 19440, 630447, 20337, 653573, 21083, 683023, 22033, 769203, 24813, 830273, 26783, 940726, 30346, 1049164, 33844, 1147155, 37005, 1245518, 40178, 1291274, 41654, 1391497, 44887, 1520054, 49034, 1633235, 52685, 1730544, 55824, 1853304, 59784, 1957712, 63152, 2034809, 65639, 2133916, 68836, 2247376, 72496, 2370074, 76454, 2468840, 79640, 2551269, 82299, 2703293, 87203, 2813, 154163, 4973, 195393, 6303, 229586, 7406, 315084, 10164, 400551, 12921, 483197, 15587, 568509, 18339, 637050, 20550, 735692, 23732, 806837, 26027, 883066, 28486, 989644, 31924, 1091293, 35203, 1176698, 37958, 1253702, 40442, 1344346, 43366, 1465804, 47284, 1538189, 49619, 1640799, 52929, 1727196, 55716, 1808013, 58323, 1899804, 61284, 2039180, 65780, 2185841, 70511, 2303765, 74315, 2400392, 77432, 2547549, 82179, 2710609, 87439, 2851039, 91969, 3007155, 97005, 3120894, 100674, 3268981, 105451, 3430212, 110652, 3577121, 115391, 3717613, 119923, 3879371, 125141, 4074237, 131427, 4255866, 137286, 4443354, 143334, 4645257, 149847, 4862040, 156840, 5049559, 162889, 5254283, 169493, 5468400, 176400, 5672690, 182990, 5933772, 191412, 6175386, 199206, 6426, 230733, 7443, 246543, 7953, 301909, 9739, 325593, 10503, 405821, 13091, 444013, 14323, 461125, 14875, 548514, 17694, 633144, 20424, 726082, 23422, 796917, 25707, 844936, 27256, 891715, 28765, 998572, 32212, 1039151, 33521, 1100562, 35502, 1155587, 37277, 1234699, 39829, 1344253, 43363, 1457341, 47011, 1546187, 49877, 1676945, 54095, 1745, 80941, 2611, 103075, 3325, 128712, 4152, 213745, 6895, 256897, 8287, 293074, 9454, 386198, 12458, 473959, 15289, 505982, 16322, 566928, 18288, 666097, 21487, 698740, 22540, 729647, 23537, 775496, 25016, 884182, 28522, 918282, 29622, 995317, 32107, 1088782, 35122, 1207574, 38954, 1296730, 41830, 1369239, 44169, 1483133, 47843, 1558866, 50286, 1620308, 52268, 1678154, 54134, 1754600, 56600, 1880925, 60675, 1963912, 63352, 2080255, 67105, 2205929, 71159, 2316134, 74714, 2402004, 77484, 2521323, 81333, 2658436, 85756, 2772082, 89422, 2911706, 93926, 3080935, 99385, 3263990, 105290, 3408326, 109946, 3574052, 115292, 3697711, 119281, 3883928, 125288, 4056629, 130859, 4209800, 135800, 4401380, 141980, 4580, 210707, 6797, 239816, 7736, 294965, 9515, 385361, 12431, 401, 93713, 3023, 141360, 4560, 154287, 4977, 206677, 6667, 218922, 7062, 295709, 9539, 366606, 11826, 420267, 13557, 461714, 14894, 515654, 16634, 582490, 18790, 612436, 19756, 657293, 21203, 762166, 24586, 795119, 25649, 854236, 27556, 959884, 30964, 1063362, 34302, 1142288, 36848, 1234916, 39836, 1277541, 41211, 1352220, 43620, 1404207, 45297, 1466238, 47298, 1577683, 50893, 1689934, 54514, 1789072, 57712, 1905353, 61463, 2025385, 65335, 2140922, 69062, 2279709, 73539, 2372771, 76541, 2454890, 79190, 2578704, 83184, 2692567, 86857, 2851938, 91998, 3002505, 96855, 3130039, 100969, 3236586, 104406, 3421873, 110383, 3596403, 116013, 3743095, 120745, 3895, 180420, 5820, 250387, 8077, 305877, 9867, 340845, 10995, 410409, 13239, 429226, 13846, 498852, 16092, 523311, 16881, 587605, 18955, 645606, 20826, 736157, 23747, 762693, 24603, 843076, 27196, 895373, 28883, 985614, 31794, 1070399, 34529, 1177442, 37982, 1234947, 39837, 1280362, 41302, 1349554, 43534, 1420978, 45838, 1522596, 49116, 1605180, 51780, 1684850, 54350, 1758723, 56733, 1823823, 58833, 1955170, 63070, 2062864, 66544, 2179610, 70310, 2255498, 72758, 2331045, 75195, 2462020, 79420, 2622321, 84591, 2771059, 89389, 2905072, 93712, 3082454, 99434, 3229301, 104171, 3364151, 108521, 3531241, 113911, 3692565, 119115, 3847937, 124127, 3980431, 128401, 4192502, 135242, 4383524, 141404, 4561185, 147135, 4733421, 152691, 4930736, 159056, 5162306, 166526, 5398557, 174147, 5628484, 181564, 5888140, 189940, 6086447, 196337, 6321830, 203930, 6559228, 211588, 6807073, 219583, 7054546, 227566, 7354626, 237246, 7600239, 245169, 7903977, 254967, 8223091, 265261, 8558077, 276067, 8867612, 286052, 9195499, 296629, 9550697, 308087, 9883885, 318835, 10285, 396056, 12776, 419988, 13548, 436325, 14075, 453189, 14619, 518010, 16710, 537509, 17339, 582738, 18798, 635004, 20484, 722424, 23304, 809875, 26125, 900147, 29037, 987753, 31863, 1092130, 35230, 1166406, 37626, 1268179, 40909, 1364868, 44028, 1431208, 46168, 1502477, 48467, 1589990, 51290, 1685904, 54384, 1768178, 57038, 1906097, 61487, 2006630, 64730, 2076938, 66998, 2163459, 69789, 2255560, 72760, 2336687, 75377, 2456688, 79248, 2569404, 82884, 2710857, 87447, 2873607, 92697, 2985827, 96317, 3107, 118947, 3837, 189720, 6120, 232097, 7487, 284208, 9168, 357523, 11533, 371845, 11995, 464721, 14991, 529914, 17094, 583265, 18815, 682961, 22031, 763561, 24631, 835605, 26955, 907184, 29264, 944, 69254, 2234, 77066, 2486, 96286, 3106, 116126, 3746, 192386, 6206, 215326, 6946, 227850, 7350, 243567, 7857, 290470, 9370, 322152, 10392, 352067, 11357, 394103, 12713, 415183, 13393, 431365, 13915, 520583, 16793, 598734, 19314, 620837, 20027, 643653, 20763, 731352, 23592, 757733, 24443, 824011, 26581, 889638, 28698, 982483, 31693, 1044855, 33705, 1100872, 35512, 1183797, 38187, 1294498, 41758, 1339045, 43195, 1415708, 45668, 1475321, 47591, 1539646, 49666, 1600468, 51628, 1688353, 54463, 1818119, 58649, 1954860, 63060, 2034654, 65634, 2119811, 68381, 2260706, 72926, 2372678, 76538, 2532886, 81706, 2673161, 86231, 2815172, 90812, 2942241, 94911, 3092932, 99772, 3231750, 104250, 3414092, 110132, 3580004, 115484, 3720589, 120019, 3890810, 125510, 4077678, 131538, 4223161, 136231, 4406805, 142155, 4604740, 148540, 4806271, 155041, 4989202, 160942, 5208713, 168023, 5385103, 173713, 5614596, 181116, 5834758, 188218, 6070389, 195819, 6330355, 204205, 6556872, 211512, 6852054, 221034, 7084244, 228524, 7376915, 237965, 7639981, 246451, 7889221, 254491, 8177180, 263780, 8443749, 272379, 8752385, 282335, 9084922, 293062, 9430975, 304225, 9796558, 316018, 10123732, 326572, 10500506, 338726, 10895012, 351452, 11260409, 363239, 11657116, 376036, 12049886, 388706, 12516684, 403764, 12976228, 418588, 13467330, 434430, 13977063, 450873, 14453037, 466227, 14969466, 482886, 15536022, 501162, 16081808, 518768, 16639622, 536762, 17254476, 556596, 17872430, 576530, 18513107, 597197, 19146561, 617631, 19814394, 639174, 20498192, 661232, 21165002, 682742, 21928625, 707375, 22683413, 731723, 23498806, 758026, 24295878, 783738, 25154919, 811449, 26033304, 839784, 26942813, 869123, 27831459, 897789, 28810129, 929359, 29767378, 960238, 30763873, 992383, 31786935, 1025385, 32893201, 1061071, 33962639, 1095569, 35139089, 1133519, 36283764, 1170444, 37476520, 1208920, 38721697, 1249087, 39981940, 1289740, 41316304, 1332784, 42651877, 1375867, 44097469, 1422499, 45525546, 1468566, 47002479, 1516209, 48602358, 1567818, 50237112, 1620552, 51932967, 1675257, 53655637, 1730827, 55397620, 1787020, 57254365, 1846915, 59179372, 1909012, 61091173, 1970683, 63098113, 2035423, 65203261, 2103331, 67340060, 2172260, 69590412, 2244852, 71885466, 2318886, 74271288, 2395848, 76703393, 2474303, 79197219, 2554749, 81774280, 2637880, 84490252, 2725492, 87224111, 2813681, 90115884, 2906964, 93025637, 3000827, 96101767, 3100057, 99274338, 3202398, 102490681, 3306151, 105799621, 3412891, 109234824, 3523704, 112833831, 3639801, 116554513, 3759823, 120367327, 3882817, 124264089, 4008519, 128278186, 4138006, 132421770, 4271670, 136763165, 4411715, 141208348, 4555108, 145847126, 4704746, 151766, 4915081, 158551, 5121045, 165195, 5361543, 172953, 5545652, 178892, 5785902, 186642, 6033902, 194642, 6295480, 203080, 6582230, 212330, 6825239, 220169, 7064931, 227901, 7348612, 237052, 7658178, 247038, 7988886, 257706, 8254959, 266289, 8604918, 277578, 8893652, 286892, 9230746, 297766, 9559191, 308361, 9878708, 318668, 10250367, 330657, 10611703, 342313, 10984695, 354345, 11380875, 367125, 11812147, 381037, 12237808, 394768, 12671622, 408762, 13155687, 424377, 13630266, 439686, 14106209, 455039, 14619817, 471607, 15102580, 487180, 15631595, 504245, 16219510, 523210, 16806867, 542157, 17429905, 562255, 18014472, 581112, 18642997, 601387, 19294586, 622406, 19969983, 644193, 20650433, 666143, 21358411, 688981, 22064126, 711746, 22823285, 736235, 23604144, 761424, 24371146, 786166, 25174046, 812066, 26044681, 840151, 26940612, 869052, 27890545, 899695, 28826497, 929887, 29787063, 960873, 30826028, 994388, 31823205, 1026555, 32908329, 1061559, 34042402, 1098142, 35221425, 1136175, 36427325, 1175075, 37658180, 1214780, 38912006, 1255226, 40181177, 1296167, 41549858, 1340318, 42895754, 1383734, 44329690, 1429990, 45821038, 1478098, 47349338, 1527398, 48954828, 1579188, 50581429, 1631659, 52227033, 1684743, 53959189, 1740619, 56149, 1819080, 58680, 1955852, 63092, 2038467, 65757, 2120958, 68418, 2192165, 70715, 2274036, 73356, 2375282, 76622, 2510473, 80983, 2622135, 84585, 2754133, 88843, 2921068, 94228, 3068287, 98977, 3236989, 104419, 3372087, 108777, 3561745, 114895, 3701741, 119411, 3904822, 125962, 4055885, 130835, 4228555, 136405, 4378905, 141255, 4573151, 147521, 4784819, 154349, 4979, 212319, 6849, 300049, 9679, 329251, 10621, 392863, 12673, 475261, 15331, 538005, 17355, 627874, 20254, 678807, 21897, 731383, 23593, 760554, 24534, 821345, 26495, 906409, 29239, 952382, 30722, 985893, 31803, 1095788, 35348, 1153448, 37208, 1212968, 39128, 1268830, 40930, 1337650, 43150, 1461681, 47151, 1521, 54250, 1750, 95046, 3066, 176204, 5684, 212567, 6857, 236158, 7618, 307923, 9933, 354113, 11423, 407371, 13141, 498604, 16084, 587202, 18942, 608933, 19643, 684356, 22076, 717588, 23148, 802094, 25874, 883748, 28508, 965247, 31137, 1032641, 33311, 1113365, 35915, 1196693, 38603, 1257608, 40568, 1353956, 43676, 1475724, 47604, 1576319, 50849, 1652269, 53299, 1733458, 55918, 1859101, 59971, 1966485, 63435, 2055021, 66291, 2157569, 69599, 2238324, 72204, 2324473, 74983, 2469181, 79651, 2582300, 83300, 2673967, 86257, 2802059, 90389, 2959384, 95464, 3096683, 99893, 3227255, 104105, 3350883, 108093, 3534279, 114009, 3709646, 119666, 3846046, 124066, 3981268, 128428, 4182210, 134910, 4398001, 141871, 4581707, 147797, 4785284, 154364, 4981483, 160693, 5197956, 167676, 5443724, 175604, 5675108, 183068, 5894433, 190143, 6140356, 198076, 6385845, 205995, 6645, 243319, 7849, 267902, 8642, 343480, 11080, 390817, 12607, 461993, 14903, 541043, 17453, 563, 31961, 1031, 55304, 1784, 104501, 3371, 172019, 5549, 179, 72664, 2344, 127999, 4129, 148862, 4802, 231756, 7476, 253177, 8167, 300390, 9690, 360282, 11622, 449996, 14516, 486824, 15704, 552730, 17830, 584505, 18855, 622883, 20093, 656921, 21191, 728314, 23494, 827111, 26681, 912361, 29431, 975260, 31460, 1079234, 34814, 1116837, 36027, 1166809, 37639, 1218393, 39303, 1330210, 42910, 1389854, 44834, 1457000, 47000, 1515156, 48876, 1619812, 52252, 1719477, 55467, 1797256, 57976, 1871966, 60386, 2013233, 64943, 2159057, 69647, 2287273, 73783, 2369423, 76433, 2496058, 80518, 2607255, 84105, 2696938, 86998, 2817404, 90884, 2972435, 95885, 3073898, 99158, 3228836, 104156, 3408295, 109945, 3571231, 115201, 3700377, 119367, 3867157, 124747, 4000271, 129041, 4182303, 134913, 4320005, 139355, 4487250, 144750, 4662679, 150409, 4891180, 157780, 5107529, 164759, 5342013, 172323, 5584061, 180131, 5822761, 187831, 6016170, 194070, 6238130, 201230, 6464461, 208531, 6742717, 217507, 6990903, 225513, 7269407, 234497, 7540161, 243231, 7797337, 251527, 8115800, 261800, 8391545, 270695, 8670607, 279697, 8992139, 290069, 9287786, 299606, 9648750, 311250, 9987890, 322190, 10329603, 333213, 10732541, 346211, 11087119, 357649, 11450346, 369366, 11822501, 381371, 12228973, 394483, 12645768, 407928, 13137366, 423786, 13605776, 438896, 14125553, 455663, 14650941, 472611, 15168176, 489296, 15721619, 507149, 16284548, 525308, 16846113, 543423, 17456472, 563112, 18097676, 583796, 18692628, 602988, 19315139, 623069, 20099, 673847, 21737, 712318, 22978, 754819, 24349, 818214, 26394, 880865, 28415, 962271, 31041, 1021202, 32942, 1109924, 35804, 1229398, 39658, 1294157, 41747, 1394473, 44983, 1445034, 46614, 1550217, 50007, 1611380, 51980, 1730296, 55816, 1830736, 59056, 1892581, 61051, 1987100, 64100, 2115347, 68237, 2200318, 70978, 2324287, 74977, 2452255, 79105, 2598296, 83816, 2746259, 88589, 2896206, 93426, 3053779, 98509, 3213646, 103666, 3322890, 107190, 3494227, 112717, 3609733, 116443, 3745699, 120829, 3927886, 126706, 4079693, 131603, 4233608, 136568, 4406433, 142143, 4570888, 147448, 4751804, 153284, 4960868, 160028, 5137630, 165730, 5314516, 171436, 5502686, 177506, 5726, 244590, 7890, 297104, 9584, 320633, 10343, 386756, 12476, 438278, 14138, 457994, 14774, 522970, 16870, 556574, 17954, 588473, 18983, 638135, 20585, 661509, 21339, 713527, 23017, 778379, 25109, 887158, 28618, 929721, 29991, 998758, 32218, 1056077, 34067, 1171025, 37775, 1256213, 40523, 1313470, 42370, 1422776, 45896, 1513296, 48816, 1623470, 52370, 1706519, 55049, 1828504, 58984, 1948846, 62866, 2092593, 67503, 2204720, 71120, 2292574, 73954, 2419519, 78049, 2558926, 82546, 2708408, 87368, 2823666, 91086, 2937064, 94744, 3054120, 98520, 3158218, 101878, 3293564, 106244, 3419331, 110301, 3537999, 114129, 3702330, 119430, 3871962, 124902, 4005231, 129201, 4201368, 135528, 4412199, 142329, 4576840, 147640, 4774682, 154022, 4967750, 160250, 5158679, 166409, 5327877, 171867, 5508111, 177681, 5741572, 185212, 5976986, 192806, 6217205, 200555, 6462384, 208464, 6726628, 216988, 6996607, 225697, 7269717, 234507, 7568371, 244141, 7857136, 253456, 8176, 325779, 10509, 339, 91729, 2959, 133734, 4314, 151993, 4903, 170841, 5511, 243288, 7848, 265081, 8551, 346146, 11166, 374046, 12066, 405635, 13085, 427087, 13777, 477121, 15391, 534347, 17237, 554373, 17883, 647559, 20889, 740962, 23902, 767653, 24763, 862141, 27811, 901108, 29068, 988745, 31895, 1095943, 35353, 1167553, 37663, 1286097, 41487, 1352685, 43635, 1446522, 46662, 1512707, 48797, 1569871, 50641, 1670714, 53894, 1769232, 57072, 1829093, 59003, 1915986, 61806, 2041939, 65869, 2177533, 70243, 2325868, 75028, 2423208, 78168, 2548789, 82219, 2650531, 85501, 2744399, 88529, 2899864, 93544, 3040821, 98091, 3158435, 101885, 3313311, 106881, 3487128, 112488, 3655396, 117916, 3837459, 123789, 3977982, 128322, 4142561, 133631, 4334761, 139831, 4533161, 146231, 4690548, 151308, 4919948, 158708, 5131647, 165537, 5375276, 173396, 5584929, 180159, 5815290, 187590, 6027981, 194451, 6275423, 202433, 6486223, 209233, 6734502, 217242, 7021469, 226499, 7284225, 234975, 7591714, 244894, 7906333, 255043, 8178110, 263810, 8510, 316944, 10224, 396893, 12803, 413, 41106, 1326, 109368, 3528, 182621, 5891, 191301, 6171, 203050, 6550, 234701, 7571, 261795, 8445, 306497, 9887, 397265, 12815, 443548, 14308, 505269, 16299, 588504, 18984, 640956, 20676, 745302, 24042, 816757, 26347, 921196, 29716, 1001114, 32294, 1097555, 35405, 1141327, 36817, 1233924, 39804, 1284, 77345, 2495, 121675, 3925, 178591, 5761, 256866, 8286, 290253, 9363, 302405, 9755, 370729, 11959, 449624, 14504, 539431, 17401, 584722, 18862, 642630, 20730, 724718, 23378, 759252, 24492, 789322, 25462, 845463, 27273, 939672, 30312, 1039709, 33539, 1151340, 37140, 1194058, 38518, 1277200, 41200, 1321189, 42619, 1433533, 46243, 1541134, 49714, 1649417, 53207, 1733303, 55913, 1844996, 59516, 1979815, 63865, 2057625, 66375, 2135156, 68876, 2273757, 73347, 2349893, 75803, 2448008, 78968, 2557655, 82505, 2679206, 86426, 2846513, 91823, 2941125, 94875, 3077835, 99285, 3241267, 104557, 3415549, 110179, 3539673, 114183, 3681746, 118766, 3814457, 123047, 3959816, 127736, 4132176, 133296, 4340775, 140025, 4561681, 147151, 4778557, 154147, 4974539, 160469, 5171265, 166815, 5349236, 172556, 5549682, 179022, 5806796, 187316, 6033158, 194618, 6278, 245520, 7920, 295275, 9525, 327112, 10552, 371132, 11972, 399838, 12898, 418314, 13494, 456909, 14739, 510694, 16474, 563425, 18175, 606701, 19571, 654162, 21102, 736622, 23762, 805008, 25968, 889545, 28695, 974020, 31420, 1052853, 33963, 1137018, 36678, 1187641, 38311, 1298466, 41886, 1354297, 43687, 1420296, 45816, 1546993, 49903, 1663832, 53672, 1748183, 56393, 1815732, 58572, 1910561, 61631, 1980559, 63889, 2125329, 68559, 2244090, 72390, 2330425, 75175, 2425, 97123, 3133, 105834, 3414, 120404, 3884, 149389, 4819, 193254, 6234, 207855, 6705, 239661, 7731, 280860, 9060, 312232, 10072, 400396, 12916, 469092, 15132, 495380, 15980, 553195, 17845, 626820, 20220, 669352, 21592, 735568, 23728, 795553, 25663, 893730, 28830, 930, 30, 84630, 2730, 92938, 2998, 157294, 5074, 220937, 7127, 306156, 9876, 366234, 11814, 386415, 12465, 407247, 13137, 487320, 15720, 511407, 16497, 541849, 17479, 631842, 20382, 694059, 22389, 735971, 23741, 832226, 26846, 866, 108593, 3503, 113, 59396, 1916, 131037, 4227, 165943, 5353, 229865, 7415, 254014, 8194, 290098, 9358, 374759, 12089, 470518, 15178, 538687, 17377, 603477, 19467, 706614, 22794, 754509, 24339, 790004, 25484, 821066, 26486, 881020, 28420, 976376, 31496, 1016, 99448, 3208, 144491, 4661, 179831, 5801, 196788, 6348, 270072, 8712, 281573, 9083, 293, 48422, 1562, 83452, 2692, 158658, 5118, 172143, 5553, 188852, 6092, 239568, 7728, 272397, 8787, 320230, 10330, 350083, 11293, 386477, 12467, 412889, 13319, 481988, 15548, 544949, 17579, 568106, 18326, 600377, 19367, 683891, 22061, 761732, 24572, 842084, 27164, 891560, 28760, 984467, 31757, 1052481, 33951, 1103166, 35586, 1219633, 39343, 1270132, 40972, 1369673, 44183, 1436168, 46328, 1521542, 49082, 1595725, 51475, 1689035, 54485, 1793722, 57862, 1896208, 61168, 1971321, 63591, 2062802, 66542, 2173968, 70128, 2260830, 72930, 2383962, 76902, 2522222, 81362, 2653786, 85606, 2781227, 89717, 2879311, 92881, 2986137, 96327, 3110354, 100334, 3260890, 105190, 3385603, 109213, 3523, 168516, 5436, 204631, 6601, 292113, 9423, 385206, 12426, 470146, 15166, 504835, 16285, 549010, 17710, 591821, 19091, 683426, 22046, 719417, 23207, 795615, 25665, 899372, 29012, 1003687, 32377, 1072321, 34591, 1179426, 38046, 1242573, 40083, 1293, 102734, 3314, 184140, 5940, 243071, 7841, 331793, 10703, 364808, 11768, 429567, 13857, 447, 50561, 1631, 105183, 3393, 147622, 4762, 205375, 6625, 273358, 8818, 321222, 10362, 353896, 11416, 387624, 12504, 430807, 13897, 469805, 15155, 560263, 18073, 583, 88381, 2851, 174902, 5642, 182, 81127, 2617, 120001, 3871, 199175, 6425, 227912, 7352, 249209, 8039, 285138, 9198, 355694, 11474, 378324, 12204, 449097, 14487, 491474, 15854, 543585, 17535, 616900, 19900, 717681, 23151, 810557, 26147, 875750, 28250, 929101, 29971, 1028797, 33187, 1109397, 35787, 1181441, 38111, 1253020, 40420, 1368743, 44153, 1437997, 46387, 1515063, 48873, 1611349, 51979, 1727475, 55725, 1833402, 59142, 1962269, 63299, 2103660, 67860, 2174309, 70139, 2291861, 73931, 2441095, 78745, 2533785, 81735, 2668511, 86081, 2824317, 91107, 2996305, 96655, 3171052, 102292, 3337491, 107661, 3526033, 113743, 3650932, 117772, 3777071, 121841, 3929591, 126761, 4061930, 131030, 4259896, 137416, 4464248, 144008, 4644513, 149823, 4833, 232748, 7508, 256990, 8290, 301537, 9727, 378200, 12200, 437813, 14123, 502138, 16198, 562960, 18160, 650845, 20995, 694152, 22392, 744434, 24014, 824228, 26588, 909385, 29335, 963821, 31091, 1075793, 34703, 1149542, 37082, 1203358, 38818, 1258910, 40610, 1310, 64232, 2072, 138818, 4478, 182342, 5882, 252371, 8141, 313503, 10113, 343139, 11069, 359786, 11606, 404860, 13060, 443021, 14291, 461, 90055, 2905, 154318, 4978, 209498, 6758, 218, 9765, 315, 24025, 775]
37,1,41,[92, 30784, 832, 58904, 1592, 62012, 1676, 80364, 2172, 121952, 3296, 129796, 3508, 178784, 4832, 216968, 5864, 250120, 6760, 296296, 8008, 328560, 8880, 240, 36408, 984, 70744, 1912, 110556, 2988, 155992, 4216, 213268, 5764, 262996, 7108, 276168, 7464, 324564, 8772, 337884, 9132, 392496, 10608, 442520, 11960, 468124, 12652, 533836, 14428, 601324, 16252, 631220, 17060, 652828, 17644, 718984, 19432, 749028, 20244, 776852, 20996, 823620, 22260, 880748, 23804, 924260, 24980, 956820, 25860, 1034224, 27952, 1087948, 29404, 1156768, 31264, 1242608, 33584, 1314092, 35516, 1399636, 37828, 1458688, 39424, 1526916, 41268, 1587892, 42916, 1680836, 45428, 1770228, 47844, 1822620, 49260, 1891588, 51124, 1983644, 53612, 2091832, 56536, 1528, 74740, 2020, 110112, 2976, 137344, 3712, 159248, 4304, 181744, 4912, 229104, 6192, 255004, 6892, 277056, 7488, 305768, 8264, 333740, 9020, 386724, 10452, 424464, 11472, 438968, 11864, 487216, 13168, 550412, 14876, 568320, 15360, 591260, 15980, 657268, 17764, 681096, 18408, 728308, 19684, 532, 41440, 1120, 57720, 1560, 68376, 1848, 123284, 3332, 129648, 3504, 172568, 4664, 180264, 4872, 223036, 6028, 280608, 7584, 342768, 9264, 373256, 10088, 419728, 11344, 464424, 12552, 490620, 13260, 525104, 14192, 571132, 15436, 597180, 16140, 625448, 16904, 690864, 18672, 745920, 20160, 814592, 22016, 838124, 22652, 872904, 23592, 931364, 25172, 974728, 26344, 712, 40700, 1100, 82732, 2236, 109224, 2952, 156140, 4220, 163392, 4416, 187516, 5068, 247160, 6680, 284160, 7680, 323676, 8748, 356680, 9640, 396640, 10720, 448292, 12116, 486180, 13140, 506900, 13700, 535760, 14480, 569948, 15404, 603544, 16312, 668368, 18064, 698560, 18880, 732600, 19800, 759980, 20540, 788100, 21300, 847300, 22900, 921744, 24912, 963332, 26036, 1027268, 27764, 1076256, 29088, 1114440, 30120, 1147592, 31016, 1193768, 32264, 872, 64972, 1756, 92500, 2500, 126836, 3428, 166648, 4504, 212084, 5732, 269360, 7280, 319088, 8624, 332260, 8980, 380656, 10288, 393976, 10648, 448588, 12124, 498612, 13476, 524216, 14168, 589928, 15944, 657416, 17768, 687312, 18576, 708920, 19160, 775076, 20948, 805120, 21760, 832944, 22512, 879712, 23776, 936840, 25320, 980352, 26496, 1012912, 27376, 1090316, 29468, 1144040, 30920, 1212860, 32780, 1298700, 35100, 1370184, 37032, 1455728, 39344, 1514780, 40940, 1583008, 42784, 1643984, 44432, 1736928, 46944, 1826320, 49360, 1878712, 50776, 1947680, 52640, 2039736, 55128, 2147924, 58052, 2260552, 61096, 2335292, 63116, 2445404, 66092, 2526656, 68288, 2629812, 71076, 2755464, 74472, 2872384, 77632, 2959112, 79976, 3067892, 82916, 3205384, 86632, 3314756, 89588, 3421020, 92460, 3565024, 96352, 3667440, 99120, 3818104, 103192, 3975872, 107456, 4095456, 110688, 4237980, 114540, 4390420, 118660, 4510596, 121908, 4677984, 126432, 4808964, 129972, 4981384, 134632, 5155432, 139336, 5341764, 144372, 5539196, 149708, 5698000, 154000, 5861096, 158408, 6036180, 163140, 6209932, 167836, 6383832, 172536, 6563948, 177404, 6780768, 183264, 6968580, 188340, 7172080, 193840, 7417464, 200472, 7627032, 206136, 7846812, 212076, 8102852, 218996, 8367328, 226144, 6112, 242868, 6564, 272172, 7356, 325008, 8784, 356532, 9636, 390424, 10552, 411588, 11124, 459096, 12408, 491212, 13276, 549968, 14864, 605764, 16372, 649424, 17552, 688200, 18600, 746216, 20168, 770932, 20836, 799348, 21604, 870980, 23540, 906648, 24504, 946312, 25576, 985532, 26636, 1062196, 28708, 1140932, 30836, 1194508, 32284, 1257112, 33976, 1306248, 35304, 1350648, 36504, 1420504, 38392, 1493764, 40372, 1541716, 41668, 1592480, 43040, 1649164, 44572, 1730120, 46760, 1820844, 49212, 1873088, 50624, 1935840, 52320, 1991192, 53816, 2072296, 56008, 2169236, 58628, 2258184, 61032, 2348020, 63460, 2419060, 65380, 2485956, 67188, 2603172, 70356, 2702332, 73036, 2828428, 76444, 2907904, 78592, 2992560, 80880, 3126500, 84500, 3254964, 87972, 3377804, 91292, 3488804, 94292, 3607352, 97496, 3706364, 100172, 3826244, 103412, 3981200, 107600, 4094864, 110672, 4213116, 113868, 4355788, 117724, 4514444, 122012, 4671324, 126252, 4809704, 129992, 4956372, 133956, 5114584, 138232, 3736, 196544, 5312, 233692, 6316, 279424, 7552, 293040, 7920, 303992, 8216, 315240, 8520, 338920, 9160, 379916, 10268, 418988, 11324, 433344, 11712, 475376, 12848, 501868, 13564, 548784, 14832, 612128, 16544, 636252, 17196, 695896, 18808, 732896, 19808, 772412, 20876, 805416, 21768, 845376, 22848, 897028, 24244, 934916, 25268, 1011728, 27344, 1040588, 28124, 1074776, 29048, 1108372, 29956, 1173196, 31708, 1259480, 34040, 920, 83472, 2256, 140304, 3792, 171384, 4632, 186628, 5044, 209864, 5672, 232212, 6276, 273356, 7388, 318644, 8612, 369704, 9992, 382728, 10344, 424908, 11484, 457616, 12368, 485144, 13112, 519480, 14040, 559292, 15116, 604728, 16344, 662004, 17892, 711732, 19236, 780996, 21108, 829392, 22416, 898804, 24292, 953416, 25768, 1003440, 27120, 1085136, 29328, 1150848, 31104, 1218336, 32928, 1304324, 35252, 1382024, 37352, 1448180, 39140, 1534316, 41468, 1618232, 43736, 1665000, 45000, 1722128, 46544, 1821732, 49236, 1910384, 51632, 1987788, 53724, 1452, 68820, 1860, 85840, 2320, 127576, 3448, 141636, 3828, 171236, 4628, 180412, 4876, 229252, 6196, 261220, 7060, 313760, 8480, 332852, 8996, 349428, 9444, 372516, 10068, 388648, 10504, 449180, 12140, 467384, 12632, 502756, 13588, 529988, 14324, 551892, 14916, 574388, 15524, 621748, 16804, 647648, 17504, 669700, 18100, 698412, 18876, 726384, 19632, 779368, 21064, 817108, 22084, 887704, 23992, 935952, 25296, 999148, 27004, 1073148, 29004, 1152180, 31140, 1218188, 32924, 1298108, 35084, 1345320, 36360, 1421096, 38408, 1462536, 39528, 1520256, 41088, 1588632, 42936, 1655824, 44752, 1729380, 46740, 1789764, 48372, 1857844, 50212, 1912604, 51692, 1968844, 53212, 2031152, 54896, 2123948, 57404, 2207124, 59652, 2278904, 61592, 2376880, 64240, 2453248, 66304, 1792, 92352, 2496, 120620, 3260, 129944, 3512, 185000, 5000, 197580, 5340, 221112, 5976, 255892, 6916, 314352, 8496, 357716, 9668, 384060, 10380, 424760, 11480, 451400, 12200, 504532, 13636, 548488, 14824, 599696, 16208, 618936, 16728, 641728, 17344, 701520, 18960, 744736, 20128, 544, 60088, 1624, 111740, 3020, 149628, 4044, 170348, 4604, 199208, 5384, 233396, 6308, 266992, 7216, 275724, 7452, 305916, 8268, 339956, 9188, 367336, 9928, 395456, 10688, 454656, 12288, 473008, 12784, 514596, 13908, 578532, 15636, 627520, 16960, 665704, 17992, 698856, 18888, 745032, 20136, 777296, 21008, 842268, 22764, 878676, 23748, 949420, 25660, 1003884, 27132, 1047692, 28316, 1092684, 29532, 1131312, 30576, 1183112, 31976, 1227216, 33168, 1284640, 34720, 1340584, 36232, 1390460, 37580, 1465940, 39620, 1551040, 41920, 1647536, 44528, 1717836, 46428, 1809744, 48912, 1911716, 51668, 1987640, 53720, 2091388, 56524, 2185812, 59076, 2281272, 61656, 2364152, 63896, 2479592, 67016, 2560252, 69196, 2638544, 71312, 2729564, 73772, 2850332, 77036, 2930400, 79200, 3039920, 82160, 3152400, 85200, 3277016, 88568, 3406516, 92068, 3516776, 95048, 3660336, 98928, 3800196, 102708, 3952932, 106836, 4085540, 110420, 4214152, 113896, 4343208, 117384, 4490912, 121376, 4636544, 125312, 4807336, 129928, 4969100, 134300, 5144332, 139036, 5324300, 143900, 5478812, 148076, 5629920, 152160, 5806336, 156928, 5979940, 161620, 6147624, 166152, 6347128, 171544, 6536864, 176672, 6765080, 182840, 6982788, 188724, 7207896, 194808, 7407252, 200196, 7646864, 206672, 7894468, 213364, 8141184, 220032, 8406696, 227208, 8676352, 234496, 8951780, 241940, 9245264, 249872, 9511812, 257076, 6948, 307988, 8324, 370888, 10024, 432456, 11688, 494172, 13356, 562104, 15192, 610648, 16504, 630184, 17032, 665408, 17984, 686424, 18552, 727716, 19668, 779220, 21060, 810892, 21916, 851000, 23000, 908868, 24564, 983460, 26580, 1031264, 27872, 1075812, 29076, 1151884, 31132, 1205756, 32588, 1280792, 34616, 1347244, 36412, 1389720, 37560, 1434860, 38780, 1479704, 39992, 1568208, 42384, 1639396, 44308, 1712508, 46284, 1810336, 48928, 1880488, 50824, 1966180, 53140, 2031448, 54904, 2136380, 57740, 2224440, 60120, 2333072, 63056, 2408256, 65088, 2480924, 67052, 2560104, 69192, 2632328, 71144, 2748952, 74296, 2008, 91464, 2472, 139416, 3768, 190180, 5140, 246864, 6672, 271728, 7344, 306360, 8280, 358604, 9692, 421356, 11388, 476708, 12884, 501720, 13560, 542568, 14664, 575424, 15552, 609168, 16464, 680208, 18384, 747104, 20192, 808228, 21844, 851296, 23008, 921300, 24900, 1000776, 27048, 1029340, 27820, 1107188, 29924, 1179560, 31880, 1246308, 33684, 1301216, 35168, 1363672, 36856, 1406592, 38016, 1470380, 39740, 1513152, 40896, 1570724, 42452, 1632884, 44132, 1719464, 46472, 1256, 100788, 2724, 138380, 3740, 146668, 3964, 158212, 4276, 194324, 5252, 252636, 6828, 289784, 7832, 335516, 9068, 349132, 9436, 360084, 9732, 371332, 10036, 395012, 10676, 436008, 11784, 475080, 12840, 489436, 13228, 531468, 14364, 557960, 15080, 604876, 16348, 668220, 18060, 692344, 18712, 751988, 20324, 788988, 21324, 828504, 22392, 861508, 23284, 901468, 24364, 953120, 25760, 991008, 26784, 1067820, 28860, 780, 34188, 924, 89688, 2424, 120916, 3268, 142376, 3848, 104, 49432, 1336, 56832, 1536, 87172, 2356, 127428, 3444, 135420, 3660, 190624, 5152, 209420, 5660, 269656, 7288, 331520, 8960, 349576, 9448, 378732, 10236, 425352, 11496, 476264, 12872, 539164, 14572, 600732, 16236, 662448, 17904, 730380, 19740, 778924, 21052, 854552, 23096, 889776, 24048, 966884, 26132, 1008176, 27248, 1059680, 28640, 1091352, 29496, 1131460, 30580, 1189328, 32144, 1263920, 34160, 1311724, 35452, 1356272, 36656, 1432344, 38712, 1486216, 40168, 1561252, 42196, 1627704, 43992, 1726272, 46656, 1827504, 49392, 1928440, 52120, 2016944, 54512, 2088132, 56436, 2161244, 58412, 2259072, 61056, 2329224, 62952, 2414916, 65268, 1764, 104932, 2836, 144152, 3896, 164724, 4452, 187368, 5064, 240944, 6512, 176, 49136, 1328, 100492, 2716, 125948, 3404]
37,1,59,[80, 16132, 436, 79846, 2158, 108188, 2924, 113294, 3062, 177452, 4796, 232434, 6282, 301994, 8162, 358160, 9680, 418026, 11298, 457690, 12370, 496244, 13412, 548932, 14836, 642320, 17360, 674954, 18242, 695378, 18794, 790542, 21366, 849002, 22946, 885040, 23920, 948236, 25628, 1026232, 27736, 1104154, 29842, 1177636, 31828, 1226920, 33160, 1277536, 34528, 1327338, 35874, 1409034, 38082, 1466754, 39642, 1539126, 41598, 1602544, 43312, 1693860, 45780, 1763642, 47666, 1833128, 49544, 1884854, 50942, 2001256, 54088, 2122986, 57378, 2241460, 60580, 2326042, 62866, 2395454, 64742, 2523474, 68202, 2615678, 70694, 2738740, 74020, 2856400, 77200, 2972876, 80348, 3099046, 83758, 3241718, 87614, 3405702, 92046, 3556662, 96126, 2598, 116180, 3140, 189144, 5112, 207348, 5604, 250046, 6758, 309172, 8356, 385170, 10410, 423946, 11458, 489954, 13242, 575202, 15546, 603840, 16320, 626706, 16938, 706922, 19106, 756576, 20448, 829392, 22416, 919450, 24850, 994486, 26878, 1056276, 28548, 1130646, 30558, 1233210, 33330, 1332000, 36000, 1446552, 39096, 1538016, 41568, 1616678, 43694, 1734560, 46880, 1783622, 48206, 1901652, 51396, 1959594, 52962, 2045286, 55278, 1494, 87320, 2360, 152958, 4134, 216006, 5838, 285122, 7706, 314648, 8504, 390794, 10562, 438450, 11850, 472120, 12760, 554704, 14992, 584970, 15810, 624782, 16886, 672216, 18168, 692566, 18718, 783290, 21170, 817552, 22096, 854922, 23106, 917304, 24792, 946460, 25580, 1000406, 27038, 1088540, 29420, 1128870, 30510, 1207384, 32632, 1316386, 35578, 1397786, 37778, 1437746, 38858, 1494060, 40380, 1562806, 42238, 1650866, 44618, 1767490, 47770, 1821806, 49238, 1932140, 52220, 2012726, 54398, 2084580, 56340, 2197652, 59396, 2281050, 61650, 2360156, 63788, 1724, 113516, 3068, 190772, 5156, 224294, 6062, 297998, 8054, 360602, 9746, 403078, 10894, 448884, 12132, 533022, 14406, 575794, 15562, 639360, 17280, 658822, 17806, 696266, 18818, 763088, 20624, 816442, 22066, 869056, 23488, 958004, 25892, 1047174, 28302, 1149664, 31072, 1244014, 33622, 1334368, 36064, 1427164, 38572, 1505012, 40676, 1574054, 42542, 1679874, 45402, 1731822, 46806, 1780810, 48130, 1894400, 51200, 2008878, 54294, 2095902, 56646, 2231100, 60300, 2350314, 63522, 2479296, 67008, 2548486, 68878, 2663186, 71978, 2763530, 74690, 2890588, 78124, 3005806, 81238, 3137230, 84790, 3272206, 88438, 3378100, 91300, 3515222, 95006, 3669142, 99166, 3781400, 102200, 3896692, 105316, 4032556, 108988, 4191730, 113290, 4377026, 118298, 4514962, 122026, 3298, 136234, 3682, 181374, 4902, 225552, 6096, 292744, 7912, 368298, 9954, 380434, 10282, 462722, 12506, 338, 23754, 642, 52762, 1426, 97828, 2644, 137566, 3718, 180560, 4880, 257446, 6958, 268768, 7264, 302216, 8168, 371480, 10040, 409886, 11078, 453694, 12262, 498686, 13478, 533984, 14432, 552780, 14940, 630998, 17054, 722240, 19520, 787582, 21286, 832870, 22510, 885928, 23944, 920782, 24886, 993672, 26856, 1088170, 29410, 1187404, 32092, 1247862, 33726, 1323046, 35758, 1393716, 37668, 1435748, 38804, 1535648, 41504, 1636066, 44218, 1686830, 45590, 1745512, 47176, 1794870, 48510, 1849926, 49998, 1923926, 51998, 2004290, 54170, 2062824, 55752, 2184036, 59028, 2271430, 61390, 2348094, 63462, 2426830, 65590, 2549152, 68896, 2622412, 70876, 2739110, 74030, 2878600, 77800, 3013132, 81436, 3173120, 85760, 3326522, 89906, 3488434, 94282, 3595808, 97184, 3740996, 101108, 3894472, 105256, 4060824, 109752, 4192396, 113308, 4336252, 117196, 4490542, 121366, 4625000, 125000, 4780548, 129204, 3492, 163244, 4412, 187294, 5062, 257816, 6968, 290968, 7864, 342472, 9256, 364820, 9860, 413956, 11188, 455692, 12316, 537832, 14536, 622192, 16816, 678284, 18332, 733710, 19830, 829910, 22430, 869796, 23508, 921670, 24910, 966218, 26114, 1055610, 28530, 1090686, 29478, 1176896, 31808, 1263254, 34142, 1358492, 36716, 1421392, 38416, 1481628, 40044, 1543492, 41716, 1622302, 43846, 1668330, 45090, 1765788, 47724, 1881154, 50842, 1940724, 52452, 2043362, 55226, 2146592, 58016, 1568, 90132, 2436, 160210, 4330, 166722, 4506, 234506, 6338, 264846, 7158, 309098, 8354, 380730, 10290, 399748, 10804, 292, 83102, 2246, 142080, 3840, 209198, 5654, 280312, 7576, 348984, 9432, 432604, 11692, 316, 55648, 1504, 109520, 2960]
37,1,89,[48, 38036, 1028, 134532, 3636, 171088, 4624, 294224, 7952, 414104, 11192, 484552, 13096, 612868, 16564, 711732, 19236, 839604, 22692, 898508, 24284, 962296, 26008, 1100232, 29736, 1212268, 32764, 1307580, 35340, 1359380, 36740, 1514632, 40936, 1601656, 43288, 1760164, 47572, 1896620, 51260, 1997260, 53980, 2163168, 58464, 2234800, 60400, 2347872, 63456, 2414620, 65260, 2575348, 69604, 2667996, 72108, 2845448, 76904, 2981608, 80584, 3177412, 85876, 3381800, 91400, 3506120, 94760, 3610756, 97588, 3770892, 101916, 3932064, 106272, 4064672, 109856, 4184404, 113092, 4363336, 117928, 4510892, 121916, 4636100, 125300, 4820656, 130288, 4987156, 134788, 5233872, 141456, 5391788, 145724, 5596768, 151264, 5774368, 156064, 6045652, 163396, 6222216, 168168, 6400260, 172980, 6589700, 178100, 6830348, 184604, 7051164, 190572, 7314160, 197680, 7597432, 205336, 7878484, 212932, 8203344, 221712, 8451392, 228416, 8729188, 235924, 9004616, 243368, 9310532, 251636, 9680680, 261640, 9985116, 269868, 10343868, 279564, 10718900, 289700, 11097484, 299932, 11430336, 308928, 11788644, 318612, 12123716, 327668, 12560020, 339460, 12971904, 350592, 13378460, 361580, 13792712, 372776, 14168780, 382940, 14640604, 395692, 15082384, 407632, 15499892, 418916, 15925392, 430416, 16461152, 444896, 16932384, 457632, 17442688, 471424, 17937156, 484788, 18468032, 499136, 18986920, 513160, 19523124, 527652, 20156120, 544760, 20730508, 560284, 21389552, 578096, 21993984, 594432, 22677300, 612900, 23395544, 632312, 24090404, 651092, 24751372, 668956, 25528964, 689972, 26327572, 711556, 27068756, 731588, 27879352, 753496, 28725024, 776352, 29560632, 798936, 30464912, 823376, 31337668, 846964, 32296560, 872880, 33212236, 897628, 34136200, 922600, 35075260, 947980, 36033116, 973868, 37099160, 1002680, 38157804, 1031292, 39281272, 1061656, 40392308, 1091684, 41602504, 1124392, 42845408, 1157984, 44108736, 1192128, 45383164, 1226572, 46682160, 1261680, 47999804, 1297292, 49412316, 1335468, 50836668, 1373964, 52230384, 1411632, 53668352, 1450496, 55191272, 1491656, 56686220, 1532060, 58221572, 1573556, 59860968, 1617864, 61485416, 1661768, 63226192, 1708816, 64961344, 1755712, 66799356, 1805388, 68637664, 1855072, 70502612, 1905476, 72450884, 1958132, 74468272, 2012656, 76494096, 2067408, 78670140, 2126220, 80845740, 2185020, 83103184, 2246032, 85418348, 2308604, 87812544, 2373312, 90254988, 2439324, 92776612, 2507476, 95359804, 2577292, 98002936, 2648728, 100681292, 2721116, 103484708, 2796884, 106337556, 2873988, 109254340, 2952820, 112322380, 3035740, 115361412, 3117876, 118591216, 3205168, 121816136, 3292328, 125210516, 3384068, 128630796, 3476508, 132189604, 3572692, 135791924, 3670052, 139534400, 3771200, 143345104, 3874192, 147327932, 3981836, 151332812, 4090076, 155495312, 4202576, 159714348, 4316604, 164149464, 4436472, 168664944, 4558512, 173226748, 4681804, 177938180, 4809140, 182839496, 4941608, 187899616, 5078368, 193001028, 5216244, 198286404, 5359092, 203685000, 5505000, 209285468, 5656364, 215027424, 5811552, 220957488, 5971824, 227008320, 6135360, 233209520, 6302960, 239545400, 6474200, 246065688, 6650424, 252739156, 6830788, 259678580, 7018340, 266802264, 7210872, 274065808, 7407184, 281492744, 7607912, 289130284, 7814332, 296964368, 8026064, 305069440, 8245120, 313324436, 8468228, 321795956, 8697188, 330509604, 8932692, 339455464, 9174472, 348715528, 9424744, 358239032, 9682136, 367963964, 9944972, 377912228, 10213844, 388228124, 10492652, 398743820, 10776860, 409579936, 11069728, 420751716, 11371668, 432169472, 11680256, 443922152, 11997896, 455976012, 12323676, 468339192, 12657816, 481013468, 13000364, 494036876, 13352348, 507422144, 13714112, 521218556, 14086988, 535354924, 14469052, 549879940, 14861620, 564790940, 15264620, 580091772, 15678156, 595885148, 16105004, 612036240, 16541520, 628590928, 16988944, 645658880, 17450240, 663122288, 17922224, 681097184, 18408032, 699551304, 18906792, 718504184, 19419032, 738008808, 19946184, 757961576, 20485448, 778539200, 21041600, 799689436, 21613228, 821338876, 22198348, 843580020, 22799460, 866455196, 23417708, 889876196, 24050708, 913943364, 24701172, 938674164, 25369572, 964056904, 26055592, 990135540, 26760420, 1016968384, 27485632, 1044565944, 28231512, 1072899508, 28997284, 1101942880, 29782240, 1131774500, 30588500, 1162389336, 31415928, 1193821724, 32265452, 1226116804, 33138292, 1259317644, 34035612, 1293402636, 34956828, 1328375924, 35902052, 1364366860, 36874780, 1401323940, 37873620, 1439240356, 38898388, 1478234212, 39952276, 1518216116, 41032868, 1559301656, 42143288, 1601540412, 43284876, 1644887836, 44456428, 1689354140, 45658220, 1735127580, 46895340, 1782098636, 48164828, 1830276632, 49466936, 1879769904, 50804592, 1930584372, 52177956, 1982765620, 53588260, 2036396676, 55037748, 2091520016, 56527568, 2148060752, 58055696, 2206221792, 59627616, 2265872452, 61239796, 2327187964, 62896972, 2390104688, 64597424, 2454741616, 66344368, 2521089276, 68137548, 2589269620, 69980260, 2659295968, 71872864, 2731270884, 73818132, 2805168024, 75815352, 2881052508, 77866284, 2958938544, 79971312, 3039008616, 82135368, 3121242744, 84357912, 3205669788, 86639724, 3292329264, 88981872, 3381367100, 91388300, 3472761984, 93858432, 3566666504, 96396392, 3663171532, 99004636, 3762294680, 101683640, 3864037576, 104433448, 3968546740, 107258020, 4075854140, 110158220, 4186035404, 113136092, 4299197832, 116194536, 4415497712, 119337776, 4534871700, 122564100, 4657465428, 125877444, 4783352748, 129279804, 4912724728, 132776344, 5045603124, 136367652, 5181997112, 140053976, 5322123512, 143841176, 5466007484, 147729932, 5613842760, 151725480, 5765647248, 155828304, 5921571020, 160042460, 6081722116, 164370868, 6246201620, 168816260, 6415093596, 173380908, 6588533760, 178068480, 6766677956, 182883188, 6949666488, 187828824, 7137580904, 192907592, 7330574088, 198123624, 7528763552, 203480096, 7732250232, 208979736, 7941348480, 214631040, 8156091448, 220434904, 8376539520, 226392960, 8603011488, 232513824, 8835574692, 238799316, 9074443140, 245255220, 9319754324, 251885252, 9571702124, 258694652, 9830439572, 265687556, 10096219304, 272870792, 10369123016, 280246568, 10649438716, 287822668, 10937264676, 295601748, 11232919096, 303592408, 11536537840, 311798320, 11848411876, 320227348, 12168662268, 328882764, 12497587828, 337772644, 12835406560, 346902880, 13182371988, 356280324, 13538767532, 365912636, 13904765760, 375804480, 14280672292, 385964116, 14666708832, 396397536, 15063218296, 407114008, 15470368516, 418118068, 15888526088, 429419624, 16318041180, 441028140, 16759125284, 452949332, 17212176668, 465193964, 17677472684, 477769532, 18155248800, 490682400, 18645990456, 503945688, 19150025028, 517568244, 19667705200, 531559600, 20199347100, 545928300, 20745387328, 560686144, 21306142604, 575841692, 21882102808, 591408184, 22473629504, 607395392, 23081107196, 623813708, 23705036124, 640676652, 24345735820, 657992860, 25003827440, 675779120, 25679672400, 694045200, 26373763688, 712804424, 27086620784, 732070832, 27818711368, 751857064, 28570591476, 772178148, 29342851924, 793050052, 30135925020, 814484460, 30950472028, 836499244, 31787053572, 859109556, 32646186172, 882329356, 33528558324, 906177252, 34434745452, 930668796, 35365499840, 955824320, 36321413044, 981659812, 37303105776, 1008192048, 38311386708, 1035442884, 39346928352, 1063430496, 40410451024, 1092174352, 41502714260, 1121694980, 42624475080, 1152012840, 43776507672, 1183148856, 44959669696, 1215126208, 46174901248, 1247970304, 47422888012, 1281699676, 48704683156, 1316342788, 50021039112, 1351919976, 51373047972, 1388460756, 52761554816, 1425987968, 54187585580, 1464529340, 55652121504, 1504111392, 57156262524, 1544763852, 58701072464, 1586515472, 60287653776, 1629396048, 61917053116, 1673433868, 63590533072, 1718663056, 65309301472, 1765116256, 67074509904, 1812824592, 68887364124, 1861820652, 70749194652, 1912140396, 72661354800, 1963820400, 74625178492, 2016896716, 76642081792, 2071407616, 78713565124, 2127393652, 80841047660, 2184893180, 83025944132, 2243944436, 85270000496, 2304594608, 87574687280, 2366883440, 89941656312, 2430855576, 92372554684, 2496555532, 94869212268, 2564032764, 97433343792, 2633333616, 100066776168, 2704507464, 102771323136, 2777603328, 105548952800, 2852674400, 108401640368, 2929774064, 111331513192, 3008959816, 114340505928, 3090283944, 117430872172, 3173807356, 120604702572, 3259586556, 123864404348, 3347686604, 127212130456, 3438165688, 130650414656, 3531092288, 134181592536, 3626529528, 137808191196, 3724545708, 141532799452, 3825210796, 145358079380, 3928596740, 149286709040, 4034775920, 153321587012, 4143826676, 157465482820, 4255823860, 161721365936, 4370847728, 166092295964, 4488980972, 170581283520, 4610304960, 175191680656, 4734910288, 179926630448, 4862881904, 184789591360, 4994313280, 134981440, 5129298012, 138629676, 3746748, 142432388, 3849524, 146304956, 3954188, 150374364, 4064172, 154497792, 4175616, 158732664, 4290072, 163131372, 4408956, 167658840, 4531320, 172203328, 4654144, 176939772, 4782156, 181777892, 4912916, 186753356, 5047388, 191909380, 5186740, 197115872, 5327456, 202479540, 5472420, 207981588, 5621124, 213635632, 5773936, 219449072, 5931056, 225478888, 6094024, 231615708, 6259884, 237882176, 6429248, 244367388, 6604524, 251050920, 6785160, 257921672, 6970856, 264955076, 7160948, 272132484, 7354932, 279602636, 7556828, 287231888, 7763024, 295050876, 7974348, 303137152, 8192896, 311405764, 8416372, 319884684, 8645532, 328533508, 8879284, 337491800, 9121400, 346652704, 9368992, 253216, 9704508, 262284, 10058968, 271864, 10413132, 281436, 10740656, 290288, 11106660, 300180, 11525352, 311496, 11935608, 322584, 12317448, 332904, 12699732, 343236, 13121976, 354648, 13486500, 364500, 13893796, 375508, 14374648, 388504, 14776320, 399360, 15238228, 411844, 15762000, 426000, 16250548, 439204, 16735840, 452320, 17293504, 467392, 17787232, 480736, 18373312, 496576, 18988400, 513200, 19534520, 527960, 20085524, 542852, 20710676, 559748, 21309928, 575944, 21892456, 591688, 22553276, 609548, 23195744, 626912, 23891788, 645724, 17452, 745476, 20148, 831464, 22472, 896732, 24236, 924260, 24980, 965700, 26100, 1041180, 28140, 1135160, 30680, 1188884, 32132, 1273688, 34424, 1354200, 36600, 1413844, 38212, 1544232, 41736, 1128, 102120, 2760, 177304, 4792, 244644, 6612, 336848, 9104, 352536, 9528, 424612, 11476, 455840, 12320, 586672, 15856, 668368, 18064, 712768, 19264, 811040, 21920, 885632, 23936, 1021496, 27608, 1068856, 28888, 1189920, 32160, 1245124, 33652, 1341324, 36252, 1473044, 39812, 1076, 50764, 1372, 62012, 1676, 99900, 2700, 221112, 5976, 289636, 7828, 366596, 9908, 471972, 12756, 576904, 15592, 641876, 17348, 764568, 20664, 844488, 22824, 972656, 26288, 1058200, 28600, 1205312, 32576, 1290560, 34880, 1411032, 38136, 1534760, 41480, 1586116, 42868, 1701408, 45984, 1846152, 49896, 1961888, 53024, 2024788, 54724, 2082804, 56292, 2188476, 59148, 2320048, 62704, 2468344, 66712, 2538348, 68604, 2626704, 70992, 2783288, 75224, 2868388, 77524, 2975540, 80420, 3118508, 84284, 3318012, 89676, 3489988, 94324, 3620524, 97852, 3797384, 102632, 4002068, 108164, 4153028, 112244, 4340988, 117324, 4570240, 123520, 4739848, 128104, 4900872, 132456, 5141964, 138972, 3756, 205276, 5548, 326044, 8812, 354608, 9584, 367484, 9932, 430088, 11624, 461464, 12472, 483812, 13076, 546268, 14764, 564324, 15252, 605912, 16376, 694712, 18776, 769452, 20796, 796832, 21536, 824952, 22296, 919672, 24856, 1039996, 28108, 1150404, 31092, 1221000, 33000, 1362636, 36828, 1442260, 38980, 1543788, 41724, 1667812, 45076, 1745808, 47184, 1822620, 49260, 1914676, 51748, 2038848, 55104, 2130164, 57572, 1556, 65712, 1776]
41,1,2,[81, 6642, 162, 9963, 243, 13284, 324, 16605, 405, 19926, 486, 23247, 567, 26568, 648, 29889, 729, 33210, 810, 36531, 891, 39852, 972, 43173, 1053, 46494, 1134, 49815, 1215, 53136, 1296, 56457, 1377, 59778, 1458, 63099, 1539, 66420, 1620, 69741, 1701, 73062, 1782, 76383, 1863, 79704, 1944, 83025, 2025, 86346, 2106, 89667, 2187, 92988, 2268, 96309, 2349, 99630, 2430, 102951, 2511, 106272, 2592, 109593, 2673, 112914, 2754, 116235, 2835, 119556, 2916, 122877, 2997, 126198, 3078, 129519, 3159, 132840, 3240, 136161, 3321]
41,1,8,[12, 4428, 108, 13038, 318, 23493, 573, 37146, 906, 39360, 960, 45879, 1119, 50922, 1242, 56088, 1368, 62361, 1521, 65190, 1590, 77244, 1884, 91881, 2241, 102951, 2511, 108732, 2652, 120540, 2940, 132963, 3243, 137514, 3354, 151659, 3699, 158301, 3861, 164451, 4011, 179580, 4380, 195078, 4758, 200490, 4890, 208977, 5097, 218325, 5325, 235422, 5742, 241818, 5898, 259161, 6321, 267771, 6531, 278226, 6786, 291879, 7119, 307500, 7500, 327426, 7986, 345876, 8436, 364449, 8889, 384129, 9369, 400365, 9765, 412419, 10059, 427056, 10416, 438126, 10686, 457314, 11154, 469122, 11442, 481545, 11745, 499503, 12183, 513648, 12528, 533697, 13017, 553254, 13494, 568383, 13863, 583881, 14241, 602700, 14700, 624594, 15234, 647349, 15789, 664446, 16206, 684249, 16689, 701592, 17112, 723609, 17649, 747471, 18231, 774531, 18891, 803559, 19599, 823485, 20085, 855342, 20862, 887322, 21642, 920409, 22449, 950052, 23172, 975513, 23793, 1003557, 24477, 597, 32595, 795, 38622, 942, 52644, 1284, 58179, 1419, 67773, 1653, 73677, 1797, 86592, 2112, 95571, 2331, 109347, 2667, 112668, 2748, 115743, 2823, 130011, 3171, 137760, 3360, 153873, 3753, 164820, 4020, 169494, 4134, 184746, 4506, 201351, 4911, 216726, 5286, 234438, 5718, 246369, 6009, 259899, 6339, 274413, 6693, 284376, 6936, 293601, 7161, 309591, 7551, 319431, 7791, 327549, 7989, 346983, 8463, 361005, 8805, 379947, 9267, 389541, 9501, 408852, 9972, 421767, 10287, 444153, 10833, 457929, 11169, 474657, 11577, 491139, 11979, 505407, 12327, 526563, 12843, 542676, 13236, 567030, 13830, 585111, 14271, 600363, 14643, 616968, 15048, 632343, 15423, 650055, 15855, 675393, 16473, 702330, 17130, 730251, 17811, 753621, 18381, 776253, 18933, 805650, 19650, 828897, 20217, 850422, 20742, 883263, 21543, 910692, 22212, 943041, 23001, 561, 32718, 798, 39729, 969, 49200, 1200, 53997, 1317, 56949, 1389, 70110, 1710, 81303, 1983, 88191, 2151, 96555, 2355, 104796, 2556, 111930, 2730, 122508, 2988, 137268, 3348, 149445, 3645, 165189, 4029, 172815, 4215, 187821, 4581, 202212, 4932, 211068, 5148, 223737, 5457, 230502, 5622, 237759, 5799, 249444, 6084, 260760, 6360, 268755, 6555, 287082, 7002, 304548, 7428, 314265, 7665, 334683, 8163, 344154, 8394, 362358, 8838, 378717, 9237, 391878, 9558, 403071, 9831, 423366, 10326, 445137, 10857, 466785, 11385, 487326, 11886, 511311, 12471, 526071, 12831, 551655, 13455, 567399, 13839, 588432, 14352, 603438, 14718, 631236, 15396, 653499, 15939, 679575, 16575, 699747, 17067, 720411, 17571, 745503, 18183, 770226, 18786, 791628, 19308, 823362, 20082, 854235, 20835, 877359, 21399, 911184, 22224, 934062, 22782, 965673, 23553, 995439, 24279, 1022007, 24927, 1060014, 25854, 1093716, 26676, 1128894, 27534, 1163949, 28389, 1197897, 29217, 1235289, 30129, 1276863, 31143, 1315854, 32094, 1358412, 33132, 1392852, 33972, 1434672, 34992, 1475877, 35997, 1524954, 37194, 1564437, 38157, 1611423, 39303, 1658901, 40461, 1710807, 41727, 1762344, 42984, 1810560, 44160, 1855701, 45261, 1913388, 46668, 1963326, 47886, 2023965, 49365, 2073657, 50577, 2132082, 52002, 2188662, 53382, 1302, 64821, 1581, 73923, 1803, 88806, 2166, 102090, 2490, 114390, 2790, 117834, 2874, 122016, 2976, 132840, 3240, 136407, 3327, 141696, 3456, 149076, 3636, 161868, 3948, 169740, 4140, 186960, 4560, 194463, 4743, 208362, 5082, 226197, 5517, 239235, 5835, 249321, 6081, 259653, 6333, 272199, 6639, 291264, 7104, 301965, 7365, 317832, 7752, 326565, 7965, 338127, 8247, 348336, 8496, 359775, 8775, 368877, 8997, 383760, 9360, 397044, 9684, 409344, 9984, 426195, 10395, 443784, 10824, 264, 16974, 414, 18696, 456, 20787, 507, 26199, 639, 34686, 846, 44034, 1074, 47724, 1164, 54120, 1320, 58056, 1416, 66666, 1626, 77121, 1881, 90774, 2214, 54, 6519, 159, 18450, 450, 31980, 780, 33087, 807, 43050, 1050, 52275, 1275, 54858, 1338, 64698, 1578, 72816, 1776, 78843, 1923, 92865, 2265, 98400, 2400, 107994, 2634, 113898, 2778, 126813, 3093, 135792, 3312, 149568, 3648, 166296, 4056, 182778, 4458, 197046, 4806, 204795, 4995, 220908, 5388, 231855, 5655, 249936, 6096, 265188, 6468, 281793, 6873, 297168, 7248, 314880, 7680, 326811, 7971, 340341, 8301, 354855, 8655, 364818, 8898, 374043, 9123, 390033, 9513, 399873, 9753, 421398, 10278, 440832, 10752, 454854, 11094, 473796, 11556, 496797, 12117, 516108, 12588, 529023, 12903, 551409, 13449, 565185, 13785, 581913, 14193, 598395, 14595, 626070, 15270, 647226, 15786, 663339, 16179, 687693, 16773, 705774, 17214, 734433, 17913, 764445, 18645, 793227, 19347, 824346, 20106, 849684, 20724, 876621, 21381, 904542, 22062, 927912, 22632, 552, 29397, 717, 36654, 894, 48339, 1179, 59655, 1455, 67650, 1650, 72570, 1770, 76629, 1869, 86346, 2106, 93357, 2277, 102828, 2508, 107625, 2625, 110577, 2697, 123738, 3018, 134931, 3291, 141819, 3459, 150183, 3663, 158424, 3864, 165558, 4038, 176136, 4296, 190896, 4656, 203073, 4953, 218817, 5337, 226443, 5523, 241449, 5889, 255840, 6240, 264696, 6456, 277365, 6765, 165, 7257, 177, 11685, 285, 24723, 603, 34809, 849, 45141, 1101, 57687, 1407, 63345, 1545, 74046, 1806, 76506, 1866, 85239, 2079, 96801, 2361, 107010, 2610, 118449, 2889, 127551, 3111, 142434, 3474, 155718, 3798, 168018, 4098, 184869, 4509, 202458, 4938, 213282, 5202, 230256, 5616, 248952, 6072, 256332, 6252, 269124, 6564, 276996, 6756, 294216, 7176, 301719, 7359, 315618, 7698, 333453, 8133, 346491, 8451, 356577, 8697, 366909, 8949, 379455, 9255, 398520, 9720, 409221, 9981, 425088, 10368, 447228, 10908, 458790, 11190, 482406, 11766, 507252, 12372, 529761, 12921, 544644, 13284, 324, 25707, 627, 30258, 738, 18, 6642, 162, 19557, 477, 28536, 696, 42312, 1032, 45633, 1113, 48708, 1188, 62976, 1536, 70725, 1725, 73431, 1791, 84378, 2058, 89052, 2172, 104304, 2544, 107502, 2622, 122877, 2997, 127182, 3102, 139113, 3393, 152643, 3723, 167157, 4077, 177120, 4320, 186345, 4545, 202335, 4935, 212175, 5175, 220293, 5373, 226320, 5520, 240342, 5862, 259284, 6324, 268878, 6558, 288189, 7029, 301104, 7344, 310083, 7563, 323859, 7899, 340587, 8307, 357069, 8709, 371337, 9057, 392493, 9573, 408606, 9966, 419553, 10233, 437634, 10674, 452886, 11046, 469491, 11451, 484866, 11826, 502578, 12258, 527916, 12876, 541446, 13206, 555960, 13560, 579330, 14130, 601962, 14682, 617952, 15072, 641199, 15639, 662724, 16164, 682158, 16638, 709587, 17307, 728529, 17769, 751530, 18330, 770841, 18801, 797163, 19443, 819549, 19989, 846732, 20652, 876867, 21387, 906756, 22116, 934431, 22791, 968994, 23634, 998514, 24354, 594, 31488, 768, 42066, 1026, 43419, 1059, 55596, 1356, 57933, 1413, 65559, 1599, 39, 14391, 351, 22263, 543, 26076, 636, 33579, 819, 47478, 1158, 51906, 1266, 64944, 1584, 75030, 1830, 85362, 2082, 97908, 2388, 103566, 2526, 114267, 2787, 130134, 3174, 138867, 3387, 150429, 3669, 160638, 3918, 172077, 4197, 181179, 4419, 196062, 4782, 209346, 5106, 221646, 5406, 238497, 5817, 256086, 6246, 266910, 6510, 283884, 6924, 302580, 7380, 180, 12792, 312, 21279, 519, 30627, 747, 34317, 837, 40713, 993, 44649, 1089, 53259, 1299, 63714, 1554, 77367, 1887, 79581, 1941, 86100, 2100, 91143, 2223, 96309, 2349, 102582, 2502, 105411, 2571, 117465, 2865, 132102, 3222, 143172, 3492, 148953, 3633, 160761, 3921, 173184, 4224, 177735, 4335, 191880, 4680, 198522, 4842, 204672, 4992, 219801, 5361, 235299, 5739, 254118, 6198, 262605, 6405, 271953, 6633, 289050, 7050, 308853, 7533, 326196, 7956, 334806, 8166, 345261, 8421, 358914, 8754, 374535, 9135, 394461, 9621, 412911, 10071, 431484, 10524, 451164, 11004, 467400, 11400, 479454, 11694, 494091, 12051, 518568, 12648, 537756, 13116, 562971, 13731, 588801, 14361, 606759, 14799, 634311, 15471, 654360, 15960, 673917, 16437, 702453, 17133, 731358, 17838, 750177, 18297, 772071, 18831, 794826, 19386, 825330, 20130, 858540, 20940, 889290, 21690, 911307, 22227, 935169, 22809, 962229, 23469, 991257, 24177, 1024590, 24990, 1056447, 25767, 1088427, 26547, 1121514, 27354, 1151157, 28077, 1190025, 29025, 1231476, 30036, 1269360, 30960, 1301955, 31755, 1340577, 32697, 1379814, 33654, 1424586, 34746, 1465545, 35745, 1512408, 36888, 1558779, 38019, 1600722, 39042, 1643034, 40074, 1688667, 41187, 1737375, 42375, 1786944, 43584, 1830855, 44655, 1877472, 45792, 1935036, 47196, 1983867, 48387, 2034543, 49623, 2088417, 50937, 2144259, 52299, 2204406, 53766, 2263077, 55197, 2321871, 56631, 2381772, 58092, 2451636, 59796, 2517318, 61398, 2585583, 63063, 2650281, 64641, 2723097, 66417, 2801940, 68340, 2881398, 70278, 2952984, 72024, 3034164, 74004, 3121248, 76128, 3207840, 78240, 3290004, 80244, 3372537, 82257, 3458391, 84351, 3547320, 86520, 3637110, 88710, 3734649, 91089, 3834894, 93534, 3932679, 95919, 4035138, 98418, 4139442, 100962, 4246944, 103584, 4356414, 106254, 4470189, 109029, 4582488, 111768, 4694910, 114510, 4821846, 117606, 4945338, 120618, 5078055, 123855, 5213355, 127155, 5345088, 130368, 5484939, 133779, 5630817, 137337, 5777310, 140910, 5929338, 144618, 6077553, 148233, 6231672, 151992, 6385299, 155739, 6547905, 159705, 6710880, 163680, 6877176, 167736, 7046547, 171867, 7230186, 176346, 7408167, 180687, 4407, 191634, 4674, 114, 15252, 372, 16605, 405, 28782, 702, 31119, 759, 38745, 945, 40344, 984, 24, 8856, 216, 12669, 309, 20172, 492]
41,1,25,[1024, 83968, 2048, 125952, 3072, 167936, 4096, 209920, 5120, 251904, 6144, 293888, 7168, 335872, 8192, 377856, 9216, 419840, 10240, 461824, 11264, 503808, 12288, 545792, 13312, 587776, 14336, 629760, 15360, 671744, 16384, 713728, 17408, 755712, 18432, 797696, 19456, 839680, 20480, 881664, 21504, 923648, 22528, 965632, 23552, 1007616, 24576, 1049600, 25600, 1091584, 26624, 1133568, 27648, 1175552, 28672, 1217536, 29696, 1259520, 30720, 1301504, 31744, 1343488, 32768, 1385472, 33792, 1427456, 34816, 1469440, 35840, 1511424, 36864, 1553408, 37888, 1595392, 38912, 1637376, 39936, 1679360, 40960, 1721344, 41984]
41,1,35,[36, 53136, 1296, 90282, 2202, 134070, 3270, 181794, 4434, 194832, 4752, 252642, 6162, 276012, 6732, 294216, 7176, 302826, 7386, 318816, 7776, 365310, 8910, 392862, 9582, 444030, 10830, 463464, 11304, 516354, 12594, 538986, 13146, 589416, 14376, 641076, 15636, 678222, 16542, 722010, 17610, 769734, 18774, 841566, 20526, 899376, 21936, 922746, 22506, 999744, 24384, 1067148, 26028, 1141932, 27852, 1188426, 28986, 1274772, 31092, 1325940, 32340, 1404168, 34248, 1457058, 35538, 1538484, 37524, 1588914, 38754, 1640574, 40014, 1736514, 42354, 1780302, 43422, 1828026, 44586, 1899858, 46338, 1957668, 47748, 2039832, 49752, 2116830, 51630, 2184234, 53274, 2259018, 55098, 2364306, 57666, 2450652, 59772, 2560614, 62454, 2638842, 64362, 2750526, 67086, 2831952, 69072, 2941176, 71736, 3051630, 74430, 3147570, 76770, 3250152, 79272, 3356670, 81870, 3487296, 85056, 3603900, 87900, 3744858, 91338, 3880650, 94650, 4006848, 97728, 4140426, 100986, 4245714, 103554, 4390854, 107094, 4500816, 109776, 4637838, 113118, 4808316, 117276, 4948536, 120696, 5116554, 124794, 5285802, 128922, 5440536, 132696, 5601912, 136632, 5767224, 140664, 5956644, 145284, 6132042, 149562, 6331794, 154434, 6526380, 159180, 6711372, 163692, 6903744, 168384, 7126620, 173820, 7330554, 178794, 7558104, 184344, 7753920, 189120, 7983192, 194712, 8182206, 199566, 8409018, 205098, 8637060, 210660, 8850588, 215868, 9070758, 221238, 9294864, 226704, 9543078, 232758, 9777270, 238470, 10035816, 244776, 10289196, 250956, 10591776, 258336, 10901736, 265896, 11183406, 272766, 11504928, 280608, 11791272, 287592, 12104676, 295236, 12451536, 303696, 12768138, 311418, 13112538, 319818, 13458168, 328248, 13789284, 336324, 14127042, 344562, 14527530, 354330, 14893332, 363252, 15303906, 373266, 15680040, 382440, 16109802, 392922, 16529970, 403170, 16957518, 413598, 17415570, 424770, 17854680, 435480, 18317406, 446766, 18807192, 458712, 19271640, 470040, 19764624, 482064, 20285406, 494766, 20807418, 507498, 12378, 572934, 13974, 635664, 15504, 659772, 16092, 704544, 17184, 728898, 17778, 782526, 19086, 831726, 20286, 897900, 21900, 928404, 22644, 968256, 23616, 576, 27060, 660, 33456, 816, 87330, 2130, 145386, 3546, 177612, 4332, 220662, 5382, 241818, 5898, 297906, 7266, 318078, 7758, 338742, 8262, 377118, 9198, 406392, 9912, 460758, 11238, 477732, 11652, 500856, 12216, 568998, 13878, 611556, 14916, 673794, 16434, 738984, 18024, 792858, 19338, 850914, 20754, 883140, 21540, 926190, 22590, 1006140, 24540, 1062228, 25908, 1141194, 27834, 1220652, 29772, 1259028, 30708, 1347096, 32856, 1401462, 34182, 1477230, 36030, 1559148, 38028, 1627290, 39690, 1669848, 40728, 1732086, 42246, 1797276, 43836, 1851150, 45150, 1909206, 46566, 2000226, 48786, 2102070, 51270, 2182020, 53220, 2238108, 54588, 2317074, 56514, 2396532, 58452, 2493702, 60822, 2581770, 62970, 2694930, 65730, 2770698, 67578, 2852616, 69576, 2979552, 72672, 3080904, 75144, 3201936, 78096, 3325920, 81120, 3438588, 83868, 3555438, 86718, 3646458, 88938, 3748302, 91422, 3887046, 94806, 4001928, 97608, 4139688, 100968, 4277940, 104340, 4433904, 108144, 4580766, 111726, 4693926, 114486, 4828488, 117768, 4969200, 121200, 5096136, 124296, 5256282, 128202, 5436108, 132588, 5618886, 137046, 5790348, 141228, 5965992, 145512, 6115806, 149166, 6276444, 153084, 6473982, 157902, 6647658, 162138, 6844212, 166932, 7041258, 171738, 7256016, 176976, 7461672, 181992, 7692420, 187620, 7885776, 192336, 8085282, 197202, 8329806, 203166, 8548746, 208506, 8787366, 214326, 9028938, 220218, 9259194, 225834, 9493632, 231552, 9761034, 238074, 10039260, 244860, 10295592, 251112, 10586856, 258216, 10900998, 265878, 11215632, 273552, 6672, 323244, 7884, 348336, 8496, 369738, 9018, 434682, 10602, 479700, 11700, 512910, 12510, 532590, 12990, 594336, 14496, 641814, 15654, 704790, 17190, 737754, 17994, 807372, 19692, 844272, 20592, 879204, 21444, 902082, 22002, 961368, 23448, 1037874, 25314, 1087566, 26526, 1171452, 28572, 1251648, 30528, 1316592, 32112, 1361610, 33210, 810, 78474, 1914, 120540, 2940, 165066, 4026, 180564, 4404, 209346, 5106, 246000, 6000, 272076, 6636, 328902, 8022, 375642, 9162, 412050, 10050, 429270, 10470, 461250, 11250, 495444, 12084, 550548, 13428, 594090, 14490, 632958, 15438, 679944, 16584, 725208, 17688, 767274, 18714, 811800, 19800, 886092, 21612, 914874, 22314, 951528, 23208, 977604, 23844, 1034430, 25230, 1081170, 26370, 1117578, 27258, 1193592, 29112, 1225572, 29892, 1259766, 30726, 1314870, 32070, 1358412, 33132, 1397280, 34080, 1444266, 35226, 1489530, 36330, 1531596, 37356, 1576122, 38442, 1650414, 40254, 1737990, 42390, 1833438, 44718, 1918308, 46788, 1975134, 48174, 2080668, 50748, 2175870, 53070, 2251884, 54924, 2342658, 57138, 2435646, 59406, 2549544, 62184, 2651880, 64680, 2749542, 67062, 2855322, 69642, 2959380, 72180, 3060240, 74640, 3163560, 77160, 3296646, 80406, 3384222, 82542, 3479670, 84870, 2070, 115620, 2820, 164328, 4008, 212790, 5190, 252396, 6156, 267156, 6516, 328164, 8004, 349074, 8514, 396306, 9666, 450426, 10986, 517338, 12618, 574410, 14010, 630006, 15366, 691260, 16860, 721026, 17586, 793104, 19344, 859770, 20970, 907986, 22146, 938736, 22896, 987444, 24084, 1035906, 25266, 1075512, 26232, 1149066, 28026, 1210074, 29514, 1289778, 31458, 1337010, 32610, 1391130, 33930, 1458042, 35562, 1515114, 36954, 1570710, 38310, 1631964, 39804, 1720524, 41964, 1792602, 43722, 1859268, 45348, 1907484, 46524, 1997028, 48708, 1188, 107256, 2616, 157194, 3834, 191142, 4662, 237390, 5790, 256086, 6246, 282408, 6888, 168, 12792, 312, 48954, 1194, 57318, 1398, 64452, 1572, 86100, 2100, 101106, 2466, 112176, 2736, 157932, 3852, 217710, 5310, 253134, 6174, 293724, 7164, 343908, 8388, 386712, 9432, 399012, 9732, 430254, 10494, 496674, 12114, 536034, 13074, 600732, 14652, 636894, 15534, 704052, 17172, 769980, 18780, 791628, 19308, 865428, 21108, 935292, 22812, 981048, 23928, 1040826, 25386, 1076250, 26250, 1116840, 27240, 1167024, 28464, 1209828, 29508, 1280922, 31242, 762, 66420, 1620, 98154, 2394, 123492, 3012, 153750, 3750, 184746, 4506, 242310, 5910, 256824, 6264, 308976, 7536, 363834, 8874, 398520, 9720, 412542, 10062, 446982, 10902, 510942, 12462, 579330, 14130, 630744, 15384, 659034, 16074, 677976, 16536, 713154, 17394, 744888, 18168, 770226, 18786, 800484, 19524, 831480, 20280, 889044, 21684, 962352, 23472, 1014504, 24744, 1069362, 26082, 1104048, 26928, 1176864, 28704, 1211304, 29544, 1275264, 31104, 1343652, 32772, 1395066, 34026, 1482150, 36150, 1559886, 38046, 1653858, 40338, 1744386, 42546, 1828518, 44598, 1917570, 46770, 2007360, 48960, 2064924, 50364, 2138232, 52152, 1272, 54858, 1338, 93480, 2280, 131610, 3210, 152028, 3708, 181548, 4428, 108, 41820, 1020, 94464, 2304, 108240, 2640, 133824, 3264, 172938, 4218, 228780, 5580, 240096, 5856, 294708, 7188, 320538, 7818, 368508, 8988, 390402, 9522, 414264, 10104, 450180, 10980, 508482, 12402, 549564, 13404, 617460, 15060, 651162, 15882, 688554, 16794, 741198, 18078, 813768, 19848, 839352, 20472, 878466, 21426, 934308, 22788, 1004418, 24498, 1059030, 25830, 630, 47970, 1170, 80688, 1968, 48, 12054, 294, 22386, 546, 41574, 1014, 85608, 2088, 142188, 3468, 180072, 4392, 191634, 4674, 114, 50676, 1236, 60516, 1476]
41,1,48,[35, 70315, 1715, 138908, 3388, 193438, 4718, 204057, 4977, 240506, 5866, 252273, 6153, 264327, 6447, 290444, 7084, 360472, 8792, 404670, 9870, 473550, 11550, 542143, 13223, 596673, 14553, 687939, 16779, 724388, 17668, 816802, 19922, 909503, 22183, 935620, 22820, 1005648, 24528, 1049846, 25606, 1118726, 27286, 1187319, 28959, 1241849, 30289, 1333115, 32515, 1369564, 33404, 1461978, 35658, 1554679, 37919, 1661443, 40523, 1731471, 42231, 1775669, 43309, 1844549, 44989, 1913142, 46662, 1967672, 47992, 2058938, 50218, 2176034, 53074, 2268448, 55328, 2361149, 57589, 2467913, 60193, 2537941, 61901, 2662786, 64946, 2731666, 66626, 2800259, 68299, 2935436, 71596, 3026702, 73822, 3143798, 76678, 3236212, 78932, 3328913, 81193, 3435677, 83797, 3586352, 87472, 3711197, 90517, 3860724, 94164, 4009964, 97804, 4145141, 101101, 4317054, 105294, 4434150, 108150, 4607211, 112371, 4780559, 116599, 4967970, 121170, 5118645, 124845, 3045, 149527, 3647, 229887, 5607, 296471, 7231, 333207, 8127, 359037, 8757, 415002, 10122, 495936, 12096, 509999, 12439, 553910, 13510, 608727, 14847, 633409, 15449, 713769, 17409, 780353, 19033, 817089, 19929, 842919, 20559, 898884, 21924, 979818, 23898, 1074528, 26208, 1118439, 27279, 1173256, 28616, 1278585, 31185, 1358945, 33145, 1425529, 34769, 1462265, 35665, 1568742, 38262, 1624707, 39627, 1705641, 41601, 1800351, 43911, 1071, 54817, 1337, 105329, 2569, 161007, 3927, 227878, 5558, 278677, 6797, 348418, 8498, 378553, 9233, 403522, 9842, 417298, 10178, 447146, 10906, 266, 50512, 1232, 55678, 1358, 66871, 1631, 131446, 3206, 150388, 3668, 191429, 4669, 266910, 6510, 336364, 8204, 352436, 8596, 414141, 10101, 453747, 11067, 539560, 13160, 631400, 15400, 695975, 16975, 714917, 17437, 755958, 18438, 831439, 20279, 900893, 21973, 997612, 24332, 1059317, 25837, 1098923, 26803, 1184736, 28896, 1276576, 31136, 1341151, 32711, 1440740, 35140, 1481781, 36141, 1557262, 37982, 1626716, 39676, 1723435, 42035, 1785140, 43540, 1905393, 46473, 1991206, 48566, 2083046, 50806, 2147621, 52381, 2247210, 54810, 2368898, 57778, 2444379, 59619, 2513833, 61313, 2610552, 63672, 2752904, 67144, 2873157, 70077, 2958970, 72170, 3050810, 74410, 3196032, 77952, 3295621, 80381, 3417309, 83349, 3573437, 87157, 3723538, 90818, 3820257, 93177, 3962609, 96649, 4082862, 99582, 4249322, 103642, 4421809, 107849, 4567031, 111391, 4747267, 115787, 4868955, 118755, 5025083, 122563, 5175184, 126224, 5352550, 130550, 5494902, 134022, 5695802, 138922, 5862262, 142982, 6034749, 147189, 6260618, 152698, 6440854, 157094, 6643189, 162029, 6879964, 167804, 7110712, 173432, 7288078, 177758, 7511077, 183197, 7711977, 188097, 7959084, 194124, 8212218, 200298, 8438087, 205807, 8698970, 212170, 8981952, 219072, 9218727, 224847, 9449475, 230475, 9707488, 236768, 10011134, 244174, 10292681, 251041, 10620435, 259035, 10954216, 267176, 11260732, 274652, 11602262, 282982, 6902, 317422, 7742, 392042, 9562, 419307, 10227, 464940, 11340, 523488, 12768, 569695, 13895, 656369, 16009, 709751, 17311, 744765, 18165, 766864, 18704, 801304, 19544, 875924, 21364, 903189, 22029, 948822, 23142, 1007370, 24570, 1053577, 25697, 1140251, 27811, 1193633, 29113, 1228647, 29967, 1331393, 32473, 1365833, 33313, 1440453, 35133, 1548365, 37765, 1593998, 38878, 1652546, 40306, 1698753, 41433, 1785427, 43547, 1838809, 44849, 1954470, 47670, 2057216, 50176, 2172303, 52983, 2246923, 54803, 2354835, 57435, 2481115, 60515, 2620310, 63910, 2747164, 67004, 2833838, 69118, 2967867, 72387, 3083528, 75208, 3186274, 77714, 3301361, 80521, 3456628, 84308, 3564540, 86940, 3690820, 90020, 3830015, 93415, 3956869, 96509, 4124190, 100590, 4258219, 103859, 4373880, 106680, 4557273, 111153, 4672360, 113960, 4827627, 117747, 5016186, 122346, 5142466, 125426, 5281661, 128821, 5489162, 133882, 5656483, 137963, 5871159, 143199, 6067467, 147987, 6250860, 152460, 6446594, 157234, 6682508, 162988, 6871067, 167587, 7077994, 172634, 7297836, 177996, 7505337, 183057, 7753305, 189105, 7967981, 194341, 8164289, 199129, 8428329, 205569, 8704710, 212310, 8940624, 218064, 9209830, 224630, 9497404, 231644, 9797893, 238973, 10086041, 246001, 10334009, 252049, 10629332, 259252, 10906287, 266007, 11250974, 274414, 11527355, 281155, 11843916, 288876, 12193769, 297409, 12561990, 306390, 12943126, 315686, 13311921, 324681, 13640536, 332696, 14016506, 341866, 14374108, 350588, 14799442, 360962, 15237117, 371637, 15634325, 381325, 16064825, 391825, 16513693, 402773, 16975476, 414036, 17424918, 424998, 17914827, 436947, 18371444, 448084, 18890340, 460740, 19396321, 473081, 19914643, 485723, 20473145, 499345, 20984292, 511812, 21513807, 524727, 22056237, 537957, 22666973, 552853, 23237529, 566769, 23855440, 581840, 24454983, 596463, 25122258, 612738, 25801874, 629314, 26441023, 644903, 27113464, 661304, 27804273, 678153, 28507997, 695317, 29280027, 714147, 30011877, 731997, 30791082, 751002, 31551919, 769559, 32380488, 789768, 33221398, 810278, 34102488, 831768, 34936223, 852103, 20783, 945665, 23065, 1013971, 24731, 1054438, 25718, 1101793, 26873, 1164072, 28392, 1231804, 30044, 1324792, 32312, 1364972, 33292, 812, 99015, 2415, 174209, 4249, 229600, 5600, 282408, 6888, 168, 14924, 364, 86100, 2100, 105903, 2583, 63, 45920, 1120, 72611, 1771, 90118, 2198, 141491, 3451, 158711, 3871, 196021, 4781, 249977, 6097, 313117, 7637, 342391, 8351, 405818, 9898, 449155, 10955, 475846, 11606, 493353, 12033, 544726, 13286, 561946, 13706, 599256, 14616, 653212, 15932, 716352, 17472, 745626, 18186, 809053, 19733, 852390, 20790, 879081, 21441, 977235, 23835, 1028608, 25088, 1126475, 27475, 1163785, 28385, 1217741, 29701, 1280881, 31241, 1390802, 33922, 1454229, 35469, 1497566, 36526, 1604904, 39144, 1703058, 41538, 1754431, 42791, 1852298, 45178, 1970255, 48055, 2024211, 49371, 2087351, 50911, 2197272, 53592, 2260699, 55139, 2384683, 58163, 2492021, 60781, 2590175, 63175, 2722195, 66395, 2820062, 68782, 2938019, 71659, 3072622, 74942, 3216409, 78449, 3326330, 81130, 3470404, 84644, 3594388, 87668, 3701726, 90286, 3799880, 92680, 3931900, 95900, 4029767, 98287, 4147724, 101164, 4282327, 104447, 4426114, 107954, 4536035, 110635, 4680109, 114149, 4804093, 117173, 4992078, 121758, 5170879, 126119, 5302899, 129339, 5481413, 133693, 5680017, 138537, 5895267, 143787, 3507, 190568, 4648, 224721, 5481, 285278, 6958, 349279, 8519, 420742, 10262, 454608, 11088, 501102, 12222, 521192, 12712, 537838, 13118, 627669, 15309, 674450, 16450, 708603, 17283, 769160, 18760, 833161, 20321, 904624, 22064, 938490, 22890, 984984, 24024, 1085721, 26481, 1183014, 28854, 1272845, 31045, 1319626, 32186, 1353779, 33019, 1414336, 34496, 1478337, 36057, 1549800, 37800, 1664313, 40593, 1710807, 41727, 1811544, 44184, 1908837, 46557, 1998668, 48748, 2126096, 51856, 2240896, 54656, 2301453, 56133, 2365454, 57694, 2436917, 59437, 2551430, 62230, 2678571, 65331, 2779308, 67788, 2876601, 70161, 2966432, 72352, 3093860, 75460, 3208660, 78260, 3349864, 81704, 3494512, 85232, 3646622, 88942, 3761135, 91735, 3888276, 94836, 3989013, 97293, 2373, 170478, 4158, 208075, 5075, 276094, 6734, 302498, 7378, 386589, 9429, 474698, 11578, 517748, 12628, 308, 54243, 1323, 77203, 1883, 153832, 3752, 198891, 4851, 229313, 5593, 268345, 6545, 326032, 7952, 410697, 10017, 446285, 10885, 496510, 12110, 538125, 13125, 561085, 13685, 637714, 15554, 682773, 16653, 713195, 17395, 752227, 18347, 809914, 19754, 894579, 21819, 930167, 22687, 980392, 23912, 1022007, 24927, 1125614, 27454, 1202243, 29323, 1247302, 30422, 742, 39032, 952, 57687, 1407, 84665, 2065, 116235, 2835, 130872, 3192, 202909, 4949, 264901, 6461, 318570, 7770, 367647, 8967, 433657, 10577, 522914, 12754, 541569, 13209, 568547, 13867, 600117, 14637, 357, 72037, 1757, 142639, 3479, 214963, 5243, 291018, 7098, 307951, 7511, 331198, 8078, 341243, 8323, 203, 85239, 2079, 144361, 3521, 218694, 5334, 231896, 5656, 314265, 7665, 398643, 9723, 420168, 10248, 507129, 12369, 574574, 14014, 653499, 15939, 730415, 17815, 789537, 19257, 863870, 21070, 957719, 23359, 1040088, 25368, 1124466, 27426, 1226638, 29918, 1313599, 32039, 1381044, 33684, 1459969, 35609, 1536885, 37485, 1596007, 38927, 1670340, 40740, 1764189, 43029, 1846558, 45038, 1930936, 47096, 2033108, 49588, 2120069, 51709, 2187514, 53354, 2266439, 55279, 2343355, 57155, 2402477, 58597, 2476810, 60410, 2570659, 62699, 2653028, 64708, 2737406, 66766, 2839578, 69258, 2926539, 71379, 3074631, 74991, 3153556, 76916, 1876, 139769, 3409, 154980, 3780, 174496, 4256, 243663, 5943, 326319, 7959, 344113, 8393, 409549, 9989, 470680, 11480, 280, 78638, 1918, 143500, 3500, 176505, 4305, 105, 49651, 1211, 94136, 2296, 56, 31857, 777, 109347, 2667, 115948, 2828, 197456, 4816, 239645, 5845, 290731, 7091, 374535, 9135, 448581, 10941, 528367, 12887, 566825, 13825, 596386, 14546, 673876, 16436, 761124, 18564, 842632, 20552, 884821, 21581, 935907, 22827, 1019711, 24871, 1093757, 26677, 1173543, 28623, 1212001, 29561, 721, 77490, 1890, 87248, 2128, 162155, 3955, 203483, 4963, 212380, 5180, 245098, 5978, 315987, 7707, 402374, 9814, 441693, 10773, 513443, 12523, 561372, 13692, 651777, 15897, 726684, 17724, 768012, 18732, 857556, 20916, 890274, 21714, 961163, 23443, 1047550, 25550, 1086869, 26509, 1158619, 28259, 1206548, 29428, 1296953, 31633, 1371860, 33460, 1413188, 34468, 1502732, 36652, 1616097, 39417, 1686986, 41146, 1773373, 43253, 1893339, 46179, 1965089, 47929, 1169, 90405, 2205, 155554, 3794, 202622, 4942, 250838, 6118, 274659, 6699, 312830, 7630, 328328, 8008, 361907, 8827, 394338, 9618, 451164, 11004, 493640, 12040, 558789, 13629, 605857, 14777, 654073, 15953, 677894, 16534, 716065, 17465, 812210, 19810, 845789, 20629, 878220, 21420, 935046, 22806, 977522, 23842, 1042671, 25431, 1089739, 26579, 1137955, 27755, 1242423, 30303, 1280594, 31234, 1376739, 33579, 819, 113078, 2758, 137473, 3353, 203770, 4970, 226443, 5523, 289009, 7049, 370804, 9044, 427056, 10416, 441406, 10766, 499380, 12180, 517461, 12621, 596960, 14560, 621355, 15155, 687652, 16772, 710325, 17325, 772891, 18851, 854686, 20846, 910938, 22218, 1005935, 24535, 1063909, 25949, 1162637, 28357, 1242136, 30296, 1347178, 32858, 1413475, 34475, 1516795, 36995, 1579361, 38521, 1661156, 40516, 1717408, 41888, 1812405, 44205, 1870379, 45619, 1969107, 48027, 2048606, 49966, 2153648, 52528, 2219945, 54145, 2323265, 56665, 2385831, 58191, 2467626, 60186, 2604525, 63525, 2699522, 65842, 2838143, 69223, 2936871, 71631, 3016370, 73570, 3121412, 76132, 3268356, 79716, 3371676, 82236, 3514889, 85729, 3677331, 89691, 3814230, 93030, 3909227, 95347, 4047848, 98728, 2408, 160146, 3906, 185689, 4529, 227591, 5551, 264614, 6454, 304507, 7427, 323736, 7896, 378840, 9240, 417585, 10185, 461209, 11249, 501963, 12243, 563381, 13741, 588924, 14364, 630826, 15386, 667849, 16289, 707742, 17262, 726971, 17731, 782075, 19075, 820820, 20020, 864444, 21084, 905198, 22078, 966616, 23576, 992159, 24199, 1034061, 25221, 1071084, 26124, 1110977, 27097, 1210853, 29533, 1265957, 30877, 1304702, 31822, 1348326, 32886, 1389080, 33880, 1450498, 35378, 1556688, 37968, 1598590, 38990, 1716260, 41860, 1836800, 44800, 1936676, 47236, 1991780, 48580, 2111172, 51492, 2235443, 54523, 2356844, 57484, 2418262, 58982, 2524452, 61572, 2647001, 64561, 2764671, 67431, 2885211, 70371, 2985087, 72807, 3120838, 76118, 3240230, 79030, 3364501, 82061, 3485902, 85022, 3627967, 88487, 3734157, 91077, 3856706, 94066, 3974376, 96936, 4094916, 99876, 2436, 135751, 3311, 200039, 4879, 119, 77777, 1897, 101311, 2471, 125419, 3059, 177653, 4333, 237062, 5782, 244811, 5971, 301924, 7364, 358463, 8743, 386876, 9436, 408114, 9954, 481012, 11732, 504546, 12306, 528654, 12894, 580888, 14168, 640297, 15617, 728693, 17773, 785806, 19166, 842345, 20545, 870758, 21238, 518, 72898, 1778, 104181, 2541, 185402, 4522, 213528, 5208, 220703, 5383, 249690, 6090, 299054, 7294, 379127, 9247, 431648, 10528, 505120, 12320, 556780, 13580, 588063, 14343, 669284, 16324, 697410, 17010, 785232, 19152, 814219, 19859, 863583, 21063, 943656, 23016, 996177, 24297, 1069649, 26089, 1121309, 27349, 1152592, 28112, 1233813, 30093, 1342586, 32746, 1430408, 34888, 1540042, 37562, 1589406, 38766, 1669479, 40719, 1722000, 42000, 1795472, 43792, 1847132, 45052, 1959062, 47782, 2040283, 49763, 2149056, 52416, 2236878, 54558, 2346512, 57232, 2476523, 60403, 2556596, 62356, 2689764, 65604, 2763236, 67396, 2895543, 70623, 3007473, 73353, 3088694, 75334, 3197467, 77987, 3285289, 80129, 3394923, 82803, 3524934, 85974, 3685654, 89894, 3818822, 93142, 3972941, 96901, 4105248, 100128, 4217178, 102858, 4379046, 106806, 4487819, 109459, 4656288, 113568, 4846569, 118209, 4976580, 121380, 5137300, 125300, 5270468, 128548, 5424587, 132307, 3227, 192577, 4697, 242515, 5915, 270067, 6587, 329763, 8043, 351575, 8575, 371952, 9072, 402661, 9821, 455756, 11116, 476707, 11627, 535542, 13062, 595812, 14532, 645750, 15750, 673302, 16422, 732998, 17878, 754810, 18410, 775187, 18907, 805896, 19656, 858991, 20951, 511, 58835, 1435]
41,1,53,[192, 68880, 1680, 157440, 3840, 219924, 5364, 299136, 7296, 391140, 9540, 461496, 11256, 520536, 12696, 591876, 14436, 615000, 15000, 706020, 17220, 420, 39360, 960, 77244, 1884, 163836, 3996, 209100, 5100, 248952, 6072, 263712, 6432, 348336, 8496, 376380, 9180, 465924, 11364, 492492, 12012, 591384, 14424, 677484, 16524, 696180, 16980, 726192, 17712, 432, 65928, 1608, 87084, 2124, 160884, 3924, 227796, 5556, 278964, 6804, 370476, 9036, 414264, 10104, 463464, 11304, 537756, 13116, 631236, 15396, 692244, 16884, 780804, 19044, 843288, 20568, 922500, 22500, 1014504, 24744, 1084860, 26460, 1143900, 27900, 1215240, 29640, 1327416, 32376, 1418436, 34596, 1524708, 37188, 1564068, 38148, 1641312, 40032, 1716096, 41856, 1836144, 44784, 1906992, 46512, 1992600, 48600, 2073780, 50580, 2183004, 53244, 2292720, 55920, 2429004, 59244, 2575128, 62808, 2718300, 66300, 2791116, 68076, 2893944, 70584, 3014484, 73524, 3111900, 75900, 3207348, 78228, 1908, 127920, 3120, 139728, 3408, 153996, 3756, 212052, 5172, 230256, 5616, 322752, 7872]
41,1,69,[448, 126280, 3080, 143500, 3500, 189420, 4620, 273224, 6664, 342104, 8344, 409836, 9996, 513156, 12516, 556780, 13580, 595812, 14532, 661248, 16128, 719796, 17556, 759976, 18536, 789824, 19264, 908068, 22148, 952840, 23240, 1072232, 26152, 1197364, 29204, 1260504, 30744, 1390228, 33908, 1426964, 34804, 1563576, 38136, 1618680, 39480, 1765624, 43064, 1848280, 45080, 1952748, 47628, 2076732, 50652, 2175460, 53060, 2245488, 54768, 2393580, 58380, 2556596, 62356, 2720760, 66360, 2849336, 69496, 2921660, 71260, 2998576, 73136, 3165036, 77196, 3338384, 81424, 3530100, 86100, 2100, 113652, 2772, 187124, 4564, 228452, 5572, 338660, 8260, 400652, 9772, 450016, 10976, 543004, 13244, 559076, 13636, 640584, 15624, 664692, 16212, 728980, 17780, 823116, 20076, 919548, 22428, 944804, 23044, 973504, 23744, 1011388, 24668, 1112412, 27132, 1227212, 29932, 1262800, 30800, 1319052, 32172, 1430408, 34888, 1572760, 38360, 1681820, 41020, 1779400, 43400, 1885016, 45976, 1973412, 48132, 2131836, 51996, 2206456, 53816, 2328144, 56784, 2498048, 60928, 2564632, 62552, 2703540, 65940, 2803416, 68376, 2953804, 72044, 3045644, 74284, 3213252, 78372, 3351012, 81732, 3486476, 85036, 3577168, 87248, 2128, 194012, 4732, 246820, 6020, 348992, 8512, 428204, 10444, 523488, 12768, 584332, 14252, 669284, 16324, 702576, 17136, 830004, 20244, 937916, 22876, 1071084, 26124, 1117004, 27244, 1200808, 29288, 1269688, 30968, 1337420, 32620, 1440740, 35140, 1484364, 36204, 1523396, 37156, 1588832, 38752, 1647380, 40180, 980, 145796, 3556, 234192, 5712, 276668, 6748, 351288, 8568, 472976, 11536, 526932, 12852, 593516, 14476, 616476, 15036, 716352, 17472, 750792, 18312, 842632, 20552, 894292, 21812, 532, 135464, 3304, 206640, 5040, 319144, 7784, 425908, 10388, 478716, 11676, 580888, 14168, 660100, 16100, 755384, 18424, 816228, 19908, 901180, 21980, 934472, 22792, 1061900, 25900, 1169812, 28532, 1302980, 31780, 1348900, 32900, 1432704, 34944, 1501584, 36624, 1569316, 38276, 1672636, 40796, 1716260, 41860, 1871240, 45640, 1936676, 47236, 1995224, 48664, 2151352, 52472, 2297148, 56028, 2415392, 58912, 2576112, 62832, 2695504, 65744, 2820636, 68796, 2999724, 73164, 3129448, 76328, 3282132, 80052, 3418744, 83384, 3589796, 87556, 3736740, 91140, 3935344, 95984, 4039812, 98532, 4163796, 101556, 4378472, 106792, 4564448, 111328, 4712540, 114940, 4875556, 118916, 5039720, 122920, 5168296, 126056, 5356568, 130648, 5549432, 135352, 5715892, 139412, 5889240, 143640, 6080956, 148316, 6283004, 153244, 6512604, 158844, 6699728, 163408, 6928180, 168980, 7150892, 174412, 7435596, 181356, 7653716, 186676, 7848876, 191436, 8060108, 196588, 8352848, 203728, 8669696, 211456, 8934884, 217924, 9178260, 223860, 5460, 249116, 6076, 277816, 6776, 315700, 7700, 416724, 10164, 531524, 12964, 567112, 13832, 623364, 15204, 734720, 17920, 761124, 18564, 870184, 21224, 967764, 23604, 1073380, 26180, 1161776, 28336, 1204252, 29372, 1278872, 31192, 1400560, 34160, 1454516, 35476, 1521100, 37100, 1660008, 40488, 1759884, 42924, 1910272, 46592, 2002112, 48832, 2053772, 50092, 2191532, 53452, 2326996, 56756, 2417688, 58968, 2504936, 61096, 2583000, 63000, 2713872, 66192, 2830968, 69048, 2911328, 71008, 3086972, 75292, 3207512, 78232, 3297056, 80416, 3419892, 83412, 3554208, 86688, 3680488, 89768, 3823988, 93268, 4013408, 97888, 4170684, 101724, 4280892, 104412, 4458832, 108752, 4624144, 112784, 4833080, 117880, 4965100, 121100, 5162556, 125916, 5302612, 129332, 5482848, 133728, 5692932, 138852, 5905312, 144032, 6162464, 150304, 6423060, 156660, 6692840, 163240, 6909812, 168532, 7140560, 174160, 7408044, 180684, 7696192, 187712, 7923496, 193256, 8181796, 199556, 8406804, 205044, 8620332, 210252, 8841896, 215656, 9162188, 223468, 9436560, 230160, 9743076, 237636, 5796, 285852, 6972, 298480, 7280, 370804, 9044, 447720, 10920, 498232, 12152, 555632, 13552, 631400, 15400, 717500, 17500, 831152, 20272, 902328, 22008, 1014832, 24752, 1121596, 27356, 1174404, 28644, 1276576, 31136, 1355788, 33068, 1451072, 35392, 1511916, 36876, 1596868, 38948, 1746108, 42588, 1873536, 45696, 1981448, 48328, 2114616, 51576, 2276484, 55524, 2360288, 57568, 2429168, 59248, 2496900, 60900, 2600220, 63420, 2759792, 67312, 2914772, 71092, 3096156, 75516, 3270652, 79772, 3426780, 83580, 3572576, 87136, 3690820, 90020, 3851540, 93940, 3970932, 96852, 4096064, 99904, 4275152, 104272, 4404876, 107436, 4557560, 111160, 4694172, 114492, 4865224, 118664, 5012168, 122248, 5210772, 127092, 5431188, 132468, 5671120, 138320, 5885796, 143556, 6071772, 148092, 3612, 163016, 3976, 280112, 6832, 360472, 8792, 420168, 10248, 540708, 13188, 630252, 15372, 753088, 18368]
41,1,80,[3, 9963, 243, 134808, 3288, 164328, 4008, 269985, 6585, 358545, 8745, 406638, 9918, 537879, 13119, 682158, 16638, 807003, 19683, 836523, 20403, 942180, 22980, 1030740, 25140, 1078833, 26313, 1210074, 29514, 1354353, 33033, 1479198, 36078, 1643157, 40077, 1748814, 42654, 1837374, 44814, 1885467, 45987, 2016708, 49188, 2160987, 52707, 2285832, 55752, 2449791, 59751, 2555448, 62328, 2644008, 64488, 2826540, 68940, 2957781, 72141, 3102060, 75660, 3226905, 78705, 3390864, 82704, 3496521, 85281, 3585081, 87441, 3767613, 91893, 3898854, 95094, 4043133, 98613, 4167978, 101658, 4331937, 105657, 2577, 222999, 5439, 316971, 7731, 400119, 9759, 413157, 10077, 528162, 12882, 567276, 13836, 643413, 15693, 760755, 18555, 854727, 20847, 937875, 22875, 1085352, 26472, 1200357, 29277, 1239471, 30231, 1315608, 32088, 1432950, 34950, 1526922, 37242, 1610070, 39270, 1757547, 42867, 1872552, 45672, 2046105, 49905, 2122242, 51762, 2239584, 54624, 2333556, 56916, 2416704, 58944, 2564181, 62541, 2679186, 65346, 2852739, 69579, 2928876, 71436, 3046218, 74298, 3140190, 76590, 3223338, 78618, 3370815, 82215, 3485820, 85020, 3659373, 89253, 3869949, 94389, 3987291, 97251, 4215702, 102822, 4433289, 108129, 4580766, 111726, 4695771, 114531, 4869324, 118764, 5079900, 123900, 5331681, 130041, 5560092, 135612, 5777679, 140919, 5925156, 144516, 6174600, 150600, 6348153, 154833, 6558729, 159969, 6810510, 166110, 7038921, 171681, 7256508, 176988, 7538424, 183864, 7787868, 189948, 8095860, 197460, 8306436, 202596, 8558217, 208737, 8786628, 214308, 9004215, 219615, 9286131, 226491, 9535575, 232575, 9843567, 240087, 10188582, 248502, 10440363, 254643, 10803213, 263493, 11155239, 272079, 11437155, 278955, 11821038, 288318, 12129030, 295830, 12474045, 304245, 12860265, 313665, 13223115, 322515, 13575141, 331101, 13991496, 341256, 14375379, 350619, 14817810, 361410, 15297264, 373104, 15683484, 382524, 16180773, 394653, 16667238, 406518, 17083593, 416673, 17601915, 429315, 18044346, 440106, 18523800, 451800, 19044459, 464499, 19541748, 476628, 20028213, 488493, 20579007, 501927, 21097329, 514569, 21674199, 528639, 22288092, 543612, 22943190, 559590, 23574918, 574998, 24195822, 590142, 24881055, 606855, 25533816, 622776, 26245125, 640125, 26993457, 658377, 27782994, 677634, 28549161, 696321, 29304504, 714744, 30124176, 734736, 30911376, 753936, 31757124, 774564, 32639895, 796095, 33563871, 818631, 34464477, 840597, 35354259, 862299, 36308370, 885570, 37230009, 908049, 38210196, 931956, 39227406, 956766, 40285821, 982581, 41320866, 1007826, 42345087, 1032807, 43433637, 1059357, 44624154, 1088394, 45738780, 1115580, 46890429, 1143669, 48083283, 1172763, 49387206, 1204566, 50680305, 1236105, 52037733, 1269213, 53362689, 1301529, 54746193, 1335273, 56166720, 1369920, 57628452, 1405572, 59066814, 1440654, 60628791, 1478751, 62120658, 1515138, 63714492, 1554012, 65366874, 1594314, 67056279, 1635519, 68786889, 1677729, 70494129, 1719369, 72324984, 1764024, 74220168, 1810248, 76082880, 1855680, 78004140, 1902540, 79962423, 1950303, 81961911, 1999071, 84072468, 2050548, 86172201, 2101761, 88336263, 2154543, 90602292, 2209812, 92926869, 2266509, 95288469, 2324109, 97691274, 2382714, 100205148, 2444028, 102708198, 2505078, 105275577, 2567697, 107944923, 2632803, 110672817, 2699337, 113437734, 2766774, 116243856, 2835216, 119161047, 2906367, 70887, 3105135, 75735, 3207102, 78222, 3400089, 82929, 3571551, 87111, 3747195, 91395, 3858264, 94104, 3981879, 97119, 4180647, 101967, 2487, 192987, 4707, 305901, 7461, 444522, 10842, 514386, 12546, 306, 75153, 1833, 172077, 4197, 225459, 5499, 247353, 6033, 273060, 6660, 338742, 8262, 415863, 10143, 478470, 11670, 575394, 14034, 628776, 15336, 650670, 15870, 676377, 16497, 742059, 18099, 819180, 19980, 881787, 21507, 978711, 23871, 1032093, 25173, 1188426, 28986, 1348572, 32892, 1414254, 34494, 1491375, 36375, 1553982, 37902, 1650906, 40266, 1704288, 41568, 1860621, 45381, 2020767, 49287, 2086449, 50889, 2163570, 52770, 2226177, 54297, 2323101, 56661, 2510922, 61242, 2667255, 65055, 2827401, 68961, 3027522, 73842, 3104643, 75723, 3301689, 80529, 3398613, 82893, 3586434, 87474, 3742767, 91287, 3902913, 95193, 4103034, 100074, 4314594, 105234, 4511640, 110040, 4743003, 115683, 4930824, 120264, 5087157, 124077, 5247303, 127983, 5447424, 132864, 5658984, 138024, 5856030, 142830, 6087393, 148473, 6275214, 153054, 6431547, 156867, 6591693, 160773, 6791814, 165654, 7003374, 170814, 7200420, 175620, 7431783, 181263, 7619604, 185844, 7910376, 192936, 8204961, 200121, 4881, 211560, 5160, 331485, 8085, 365802, 8922, 456699, 11139, 559650, 13650, 697902, 17022, 737877, 17997, 883755, 21555, 1003680, 24480, 1037997, 25317, 1128894, 27534, 1231845, 30045, 1370097, 33417, 1410072, 34392, 1555950, 37950, 1675875, 40875, 1844631, 44991, 1935528, 47208, 2038479, 49719, 2176731, 53091, 2351145, 57345, 2497023, 60903, 2616948, 63828, 2785704, 67944, 2876601, 70161, 2979552, 72672, 3117804, 76044, 3292218, 80298, 3438096, 83856, 3558021, 86781, 3726777, 90897, 2217, 102951, 2511, 138252, 3372, 174414, 4254, 280317, 6837, 388803, 9483, 437634, 10674, 494214, 12054, 294, 35301, 861, 21, 69741, 1701, 137022, 3342, 209223, 5103, 276627, 6747, 358791, 8751, 426564, 10404, 538617, 13137, 607497, 14817, 674778, 16458, 746979, 18219, 814383, 19863, 896547, 21867, 964320, 23520, 1076373, 26253, 1145253, 27933, 1212534, 29574, 1284735, 31335, 1352139, 32979, 1434303, 34983, 1502076, 36636, 1614129, 39369, 1683009, 41049, 1750290, 42690, 1822491, 44451, 1889895, 46095, 1972059, 48099, 2039832, 49752, 2151885, 52485, 2220765, 54165, 2288046, 55806, 2360247, 57567, 2427651, 59211, 2509815, 61215, 2577588, 62868, 2689641, 65601, 2758521, 67281, 1641, 72201, 1761, 201843, 4923, 216603, 5283, 336651, 8211, 380931, 9291, 472197, 11517, 605037, 14757, 744396, 18156, 874038, 21318, 1023237, 24957, 1143285, 27885, 1187565, 28965, 1278831, 31191, 1411671, 34431, 1551030, 37830, 1680672, 40992, 1829871, 44631, 1949919, 47559, 2128638, 51918, 2219904, 54144, 2352744, 57384, 2492103, 60783, 2621745, 63945, 2770944, 67584, 2890992, 70512, 3069711, 74871, 3160977, 77097, 3293817, 80337, 3433176, 83736, 3562818, 86898, 3712017, 90537, 3832065, 93465, 4010784, 97824, 4236489, 103329, 4369329, 106569, 4508688, 109968, 4638330, 113130, 4787529, 116769, 4907577, 119697, 5086296, 124056, 5312001, 129561, 5444841, 132801, 5584200, 136200, 5848281, 142641, 5997480, 146280, 6251967, 152487, 6430686, 156846, 6656391, 162351, 6923670, 168870, 7197468, 175548, 7461549, 181989, 7745187, 188907, 7999674, 195114, 8312832, 202752, 8538537, 208257, 8805816, 214776, 9079614, 221454, 9343695, 227895, 9627333, 234813, 9881820, 241020, 10194978, 248658, 10555122, 257442, 10822401, 263961, 11096199, 270639, 11494719, 280359, 11778357, 287277, 12167283, 296763, 12480441, 304401, 12840585, 313185, 13242303, 322983, 13650540, 332940, 14049060, 342660, 14467137, 352857, 14856063, 362343, 15303660, 373260, 15798243, 385323, 16199961, 395121, 16608198, 405078, 17141157, 418077, 10197, 523365, 12765, 582036, 14196, 629022, 15342, 670596, 16356, 811554, 19794, 936276, 22836, 1090272, 26592, 1195560, 29160, 1254231, 30591, 1301217, 31737, 1342791, 32751, 1483749, 36189, 1608471, 39231, 1762467, 42987, 1867755, 45555, 1926426, 46986, 1146, 176013, 4293, 275397, 6717, 393600, 9600, 422874, 10314, 508605, 12405, 596427, 14547, 719181, 17541, 848208, 20688, 947592, 23112, 1065795, 25995, 1095069, 26709, 1180800, 28800, 1268622, 30942, 1391376, 33936, 1520403, 37083, 1619787, 39507, 1737990, 42390, 1901703, 46383, 1987434, 48474, 2075256, 50616, 2198010, 53610, 2327037, 56757, 2426421, 59181, 2544624, 62064, 2708337, 66057, 2794068, 68148, 2881890, 70290, 3004644, 73284, 3133671, 76431, 3233055, 78855, 3351258, 81738, 3514971, 85731, 2091, 51, 34932, 852, 140712, 3432, 239235, 5835, 287697, 7017, 314388, 7668, 325335, 7935, 405408, 9888, 438249, 10689, 544029, 13269, 642552, 15672, 691014, 16854, 717705, 17505, 863091, 21051, 943164, 23004, 976005, 23805, 1081785, 26385, 1180308, 28788, 1228770, 29970, 1389900, 33900, 1535286, 37446, 1615359, 39399, 1782639, 43479, 1888419, 46059, 1986942, 48462, 1182, 161130, 3930, 279825, 6825, 348951, 8511, 436158, 10638, 509097, 12417, 636279, 15519, 720657, 17577, 833325, 20325, 952020, 23220, 1021146, 24906, 1108353, 27033, 1181292, 28812, 1308474, 31914, 1392852, 33972, 1505520, 36720, 1624215, 39615, 1693341, 41301, 1780548, 43428, 1853487, 45207, 1980669, 48309, 2065047, 50367, 2177715, 53115, 2296410, 56010, 2365536, 57696, 2452743, 59823, 2525682, 61602, 2652864, 64704, 2737242, 66762, 2849910, 69510, 2968605, 72405, 3172170, 77370, 3259377, 79497, 3466755, 84555, 3593937, 87657, 3812754, 92994, 3925422, 95742, 4044117, 98637, 4247682, 103602, 4469328, 109008, 4676706, 114066, 4803888, 117168, 5022705, 122505, 5269812, 128532, 5522946, 134706, 5726511, 139671, 5948157, 145077, 6155535, 150135, 6417156, 156516, 6635973, 161853, 6883080, 167880, 7136214, 174054, 7339779, 179019, 7561425, 184425, 7768803, 189483, 8030424, 195864, 8249241, 201201, 8496348, 207228, 8749482, 213402, 9087486, 221646, 5406, 341817, 8337, 396060, 9660, 487695, 11895, 515985, 12585, 656451, 16011, 741321, 18081, 441, 120171, 2931, 188682, 4602, 226074, 5514, 297168, 7248, 409344, 9984, 488187, 11907, 555837, 13557, 657927, 16047, 726438, 17718, 763830, 18630, 834924, 20364, 947100, 23100, 1025943, 25023, 1093593, 26673, 1195683, 29163, 1264194, 30834, 1301586, 31746, 1372680, 33480, 1484856, 36216, 1563699, 38139, 1631349, 39789, 1733439, 42279, 1801950, 43950, 1973781, 48141, 2044875, 49875, 2157051, 52611, 2235894, 54534, 2303544, 56184, 2405634, 58674, 2474145, 60345, 2645976, 64536, 2717070, 66270, 2829246, 69006, 2908089, 70929, 3110178, 75858, 3212268, 78348, 3415218, 83298, 3587049, 87489, 3792582, 92502, 3904758, 95238, 4118040, 100440, 4320129, 105369, 4556658, 111138, 4759608, 116088, 4931439, 120279, 5136972, 125292, 5383587, 131307, 5596869, 136509, 5798958, 141438, 6035487, 147207, 6238437, 152157, 6410268, 156348, 6615801, 161361, 6862416, 167376, 7075698, 172578, 7277787, 177507, 7514316, 183276, 7717266, 188226, 8023536, 195696, 8229069, 200709, 8475684, 206724, 8688966, 211926, 9025494, 220134, 9262023, 225903, 9599412, 234132, 9905682, 241602, 10245654, 249894, 10626708, 259188, 10974429, 267669, 11310957, 275877, 11681925, 284925, 12019314, 293154, 12325584, 300624, 12665556, 308916, 13046610, 318210, 13394331, 326691, 13730859, 334899, 14101827, 343947, 14573655, 355455, 15014364, 366204, 15488775, 377775, 15869829, 387069, 16351989, 398829, 16822956, 410316, 17328363, 422643, 17800191, 434151, 18240900, 444900, 18715311, 456471, 19230804, 469044, 19712964, 480804, 20318370, 495570, 20823777, 507897, 21430044, 522684, 22005192, 536712, 22614042, 551562, 23263974, 567414, 23880573, 582453, 24485979, 597219, 25125825, 612825, 25866531, 630891, 26576118, 648198, 27319407, 666327, 28103778, 685458, 28854816, 703776, 29594661, 721821, 30368946, 740706, 18066, 844026, 20586, 877728, 21408, 918810, 22410, 1019916, 24876, 1143162, 27882, 1177602, 28722, 1278462, 31182, 1381782, 33702, 822, 41082, 1002, 101106, 2466, 123246, 3006, 168879, 4119, 235299, 5739, 372198, 9078, 437019, 10659, 578838, 14118, 638862, 15582, 661002, 16122, 706635, 17235, 773055, 18855, 909954, 22194, 974775, 23775, 1116594, 27234, 1176618, 28698, 1333197, 32517, 1378830, 33630, 1445250, 35250, 1582149, 38589, 1646970, 40170, 1788789, 43629, 1848813, 45093, 2005392, 48912, 2185464, 53304, 2251884, 54924, 2388783, 58263, 2453604, 59844, 2595423, 63303, 2789886, 68046, 2946465, 71865, 3126537, 76257, 3327396, 81156, 3464295, 84495, 3663555, 89355, 3805374, 92814, 3999837, 97557, 4156416, 101376, 4336488, 105768, 4537347, 110667, 4674246, 114006, 4873506, 118866, 5015325, 122325, 5209788, 127068, 5366367, 130887, 5546439, 135279, 5747298, 140178, 6018636, 146796, 6217896, 151656, 6494154, 158394, 6688617, 163137, 6979635, 170235, 7159707, 174627, 7360566, 179526, 7631904, 186144, 7831164, 191004, 8107422, 197742, 8436324, 205764, 8727342, 212862, 9041853, 220533, 9377151, 228711, 9648489, 235329, 9982188, 243468, 10258446, 250206, 10587348, 258228, 10878366, 265326, 11192877, 272997, 11528175, 281175, 11933952, 291072, 12267651, 299211, 12678348, 309228, 13007250, 317250, 13432707, 327627, 13881657, 338577, 14351394, 350034, 14757171, 359931, 15225309, 371349, 15636006, 381366, 16099347, 392667, 16524804, 403044, 16973754, 413994, 17443491, 425451, 17983707, 438627, 18451845, 450045, 18996981, 463341, 11301, 559896, 13656, 583389, 14229, 604176, 14736, 674655, 16455, 737016, 17976, 814014, 19854, 866658, 21138, 963213, 23493, 573, 155226, 3786, 204918, 4998, 331239, 8079, 345876, 8436, 455961, 11121, 499872, 12192, 561249, 13689, 692982, 16902, 742674, 18114, 868995, 21195, 1018071, 24831, 1128156, 27516, 1172067, 28587, 1233444, 30084, 1365177, 33297, 1414869, 34509, 1541190, 37590, 1690266, 41226, 1800351, 43911, 1071, 61377, 1497, 131733, 3213, 184131, 4491, 260760, 6360, 283515, 6915, 378963, 9243, 447228, 10908, 464694, 11334, 535050, 13050, 587448, 14328, 664077, 16197, 686832, 16752, 782280, 19080, 850545, 20745, 1002450, 24450, 1072806, 26166, 1125204, 27444, 1201833, 29313, 1359027, 33147, 1454475, 35475, 1522740, 37140, 1674645, 40845, 1745001, 42561, 1797399, 43839, 1874028, 45708, 2031222, 49542, 2126670, 51870, 2194935, 53535, 2346840, 57240, 2417196, 58956, 2604033, 63513, 2680662, 65382, 2837856, 69216, 2933304, 71544, 3136008, 76488, 3287913, 80193, 3492708, 85188, 3679545, 89745, 3890613, 94893, 4047807, 98727, 4277694, 104334, 4480398, 109278, 4632303, 112983, 4837098, 117978, 5023935, 122535, 5235003, 127683, 5392197, 131517, 5622084, 137124, 5824788, 142068, 5976693, 145773, 6181488, 150768, 6368325, 155325, 6579393, 160473, 6871026, 167586, 7100913, 173193, 7303617, 178137, 7589961, 185121, 7794756, 190116, 8116032, 197952, 8327100, 203100, 8618733, 210213, 8848620, 215820, 9185763, 224043, 9472107, 231027, 9811341, 239301, 10132617, 247137, 10478124, 255564, 10769757, 262677, 11134083, 271563, 11471226, 279786, 11757570, 286770, 12096804, 295044, 12418080, 302880, 12763587, 311307, 13189659, 321699, 13553985, 330585, 13891128, 338808, 14311911, 349071, 14785584, 360624, 15241299, 371739, 15721245, 383445, 16147317, 393837, 16646082, 406002, 17117664, 417504, 17538447, 427767, 18012120, 439320, 18467835, 450435, 18947781, 462141, 19508292, 475812, 20007057, 487977, 20613078, 502758, 21168300, 516300, 21776412, 531132, 22366566, 545526, 22980951, 560511, 13671, 633204, 15444, 740460, 18060, 824100, 20100, 876990, 21390, 993471, 24231, 591, 80565, 1965, 207132, 5052, 241695, 5895, 352518, 8598, 456207, 11127, 519798, 12678, 561987, 13707, 618321, 15081, 744888, 18168, 779451, 19011, 890274, 21714, 993963, 24243, 1057554, 25794, 1099743, 26823, 1156077, 28197, 1282644, 31284, 1317207, 32127, 1428030, 34830, 1531719, 37359, 1595310, 38910, 1637499, 39939, 1693833, 41313, 1820400, 44400, 1989402, 48522, 2100225, 51225, 2203914, 53754, 2267505, 55305, 2444133, 59613, 2634906, 64266, 2761473, 67353, 2930475, 71475, 3041298, 74178, 3144987, 76707, 3343017, 81537, 3519645, 85845, 3710418, 90498, 3836985, 93585, 4005987, 97707, 4116810, 100410, 4220499, 102939, 4418529, 107769, 4595157, 112077, 4785930, 116730, 4912497, 119817, 5081499, 123939, 5326761, 129921, 5564889, 135729, 5762919, 140559, 5939547, 144867, 6130320, 149520, 6391326, 155886, 6560328, 160008, 6805590, 165990, 7043718, 171798, 7241748, 176628, 4308, 190773, 4653, 261006, 6366, 303441, 7401, 379701, 9261, 507006, 12366, 601347, 14667, 714384, 17424, 862968, 21048, 933201, 22761, 975636, 23796, 1051896, 25656, 1179201, 28761, 1273542, 31062, 1386579, 33819, 1535163, 37443, 1605396, 39156, 1647831, 40191, 1724091, 42051, 1851396, 45156, 1945737, 47457, 2058774, 50214, 2207358, 53838, 2277591, 55551, 2454465, 59865, 2530725, 61725, 2658030, 64830, 2752371, 67131, 2865408, 69888, 3013992, 73512, 3218664, 78504, 3395538, 82818, 3606237, 87957, 3733542, 91062, 3827883, 93363, 3940920, 96120, 4089504, 99744, 4294176, 104736, 4471050, 109050, 4681749, 114189, 4809054, 117294, 5037834, 122874, 5285310, 128910, 5433894, 132534, 5638566, 137526, 5815440, 141840, 6026139, 146979, 6287883, 153363, 6516663, 158943, 6764139, 164979, 7047162, 171882, 7251834, 176874, 4314, 210699, 5139, 261744, 6384, 363219, 8859, 381915, 9315, 417462, 10182, 473550, 11550, 580191, 14151, 614016, 14976, 665061, 16221, 766536, 18696, 456, 35547, 867, 56088, 1368, 106641, 2601, 168264, 4104, 185484, 4524, 235914, 5754, 287574, 7014, 304425, 7425, 324966, 7926, 375519, 9159, 437142, 10662, 454362, 11082, 504792, 12312, 556452, 13572, 573303, 13983, 593844, 14484, 644397, 15717, 706020, 17220, 420, 50430, 1230, 30, 99630, 2430, 138129, 3369, 164451, 4011, 279948, 6828, 358914, 8754, 436527, 10647, 538986, 13146, 637386, 15546, 675885, 16485, 702207, 17127, 817704, 19944, 896670, 21870, 974283, 23763, 1076742, 26262, 1175142, 28662, 1213641, 29601, 1374402, 33522, 1489899, 36339, 1568865, 38265, 1646478, 40158, 1748937, 42657, 1847337, 45057, 2020275, 49275, 2181036, 53196, 2296533, 56013, 2375499, 57939, 2453112, 59832, 2555571, 62331, 2653971, 64731, 2826909, 68949, 2987670, 72870, 3103167, 75687, 3182133, 77613, 1893, 102459, 2499, 232839, 5679, 307377, 7497, 429639, 10479, 518814, 12654, 616722, 15042, 749808, 18288, 774654, 18894, 905034, 22074, 979572, 23892, 1101834, 26874, 1191009, 29049, 1288917, 31437, 1422003, 34683, 1581288, 38568, 1711668, 41748, 1786206, 43566, 1908468, 46548, 1997643, 48723, 2095551, 51111, 2228637, 54357, 2387922, 58242, 2518302, 61422, 2592840, 63240, 2715102, 66222, 2804277, 68397, 2902185, 70785, 3035271, 74031, 3194556, 77916, 3324936, 81096, 3533913, 86193, 3656175, 89175, 2175, 97908, 2388, 133086, 3246, 159285, 3885, 264819, 6459, 343416, 8376, 391140, 9540, 492492, 12012, 635664, 15504, 670842, 16362, 697041, 17001, 802575, 19575, 881172, 21492, 928896, 22656, 1030248, 25128, 1173420, 28620, 1208598, 29478, 1369236, 33396, 1474770, 35970, 1553367, 37887, 1601091, 39051, 1702443, 41523, 1845615, 45015, 2015232, 49152, 2175870, 53070, 2281404, 55644, 2360001, 57561, 2542164, 62004, 2643516, 64476, 2786688, 67968, 2956305, 72105, 3116943, 76023, 3222477, 78597, 1917, 182163, 4443, 235791, 5751, 277611, 6771, 304056, 7416, 429516, 10476, 508851, 12411, 616353, 15033, 719919, 17559, 773547, 18867, 815367, 19887, 841812, 20532, 967272, 23592, 1046607, 25527, 1154109, 28149, 1257675, 30675, 1311303, 31983, 1353123, 33003, 1514007, 36927, 1639467, 39987, 1718802, 41922, 1826304, 44544, 1929870, 47070, 1983498, 48378, 2159757, 52677, 2320641, 56601, 2446101, 59661, 2525436, 61596, 2632938, 64218, 2736504, 66744, 2924571, 71331, 3100830, 75630, 3261714, 79554, 3387174, 82614, 3600948, 87828, 3708450, 90450, 3812016, 92976, 4000083, 97563, 4176342, 101862, 4337226, 105786, 4462686, 108846, 4676460, 114060, 4918401, 119961, 5156406, 125766, 5344473, 130353, 5520732, 134652, 5681616, 138576, 5941515, 144915, 6155289, 150129, 6397230, 156030, 6635235, 161835, 6823302, 166422, 6999561, 170721, 7294884, 177924, 7554783, 184263, 7768557, 189477, 8010498, 195378, 8248503, 201183, 8571009, 209049, 8881707, 216627, 9177030, 223830, 9436929, 230169, 9785142, 238662, 10027083, 244563, 10399527, 253647, 10722033, 261513, 11032731, 269091, 11328054, 276294, 11722392, 285912, 12070605, 294405, 12446985, 303585, 12819429, 312669, 13141935, 320535, 13587072, 331392, 14016834, 341874, 14411172, 351492, 14893824, 363264, 15270204, 372444, 9084, 456945, 11145, 579576, 14136, 698640, 17040, 797655, 19455, 885969, 21609, 914136, 22296, 1044639, 25479, 1129140, 27540, 1251771, 30531, 1370835, 33435, 1469850, 35850, 1558164, 38004, 1720770, 41970, 1851273, 45153, 1935774, 47214, 2058405, 50205, 2177469, 53109, 2276484, 55524, 2364798, 57678, 2527404, 61644, 2657907, 64827, 2742408, 66888, 2865039, 69879, 2984103, 72783, 3083118, 75198, 3171432, 77352, 3334038, 81318, 3464541, 84501, 2061, 122631, 2991, 253503, 6183, 367893, 8973, 491631, 11991, 565923, 13803, 668259, 16299, 756696, 18456, 794826, 19386, 925698, 22578, 1040088, 25368, 1163826, 28386, 1238118, 30198, 1340454, 32694, 1428891, 34851, 1467021, 35781, 1597893, 38973, 1712283, 41763, 1836021, 44781, 1910313, 46593, 2012649, 49089, 2101086, 51246, 2273655, 55455, 2404527, 58647, 2518917, 61437, 2642655, 64455, 2716947, 66267, 2819283, 68763, 2907720, 70920, 3080289, 75129, 3211161, 78321, 3325551, 81111, 3449289, 84129, 3658020, 89220, 3760356, 91716, 3983232, 97152, 4155801, 101361, 4286673, 104553, 4401063, 107343, 4524801, 110361, 4733532, 115452, 4970307, 121227, 5193183, 126663, 5365752, 130872, 3192, 248829, 6069, 258177, 6297, 343170, 8370, 371214, 9054, 491754, 11994, 575886, 14046, 668628, 16308, 786585, 19185, 930372, 22692, 1015365, 24765, 1043409, 25449, 1163949, 28389, 1248081, 30441, 1340823, 32703, 1458780, 35580, 1602567, 39087, 1687560, 41160, 1850043, 45123, 1970583, 48063, 2054715, 50115, 2147457, 52377, 2265414, 55254, 2409201, 58761, 2494194, 60834, 2656677, 64797, 2777217, 67737, 2861349, 69789, 2954091, 72051, 3072048, 74928, 3215835, 78435, 3300828, 80508, 3463311, 84471, 3583851, 87411, 3802422, 92742, 2262, 117957, 2877, 143787, 3507, 219432, 5352, 296922, 7242, 389418, 9498, 487449, 11889, 630498, 15378, 655713, 15993, 681543, 16623, 757188, 18468, 834678, 20358, 927174, 22614, 1025205, 25005, 1168254, 28494, 1327908, 32388, 1488177, 36297, 1563822, 38142, 1641312, 40032, 1733808, 42288, 1831839, 44679, 1974888, 48168, 2134542, 52062, 2294811, 55971, 2370456, 57816, 2447946, 59706, 2540442, 61962, 2638473, 64353, 2781522, 67842, 2941176, 71736, 3101445, 75645, 1845, 45, 15006, 366, 139974, 3414, 179457, 4377, 285483, 6963, 403932, 9852, 453132, 11052, 539601, 13161, 321, 124968, 3048, 173922, 4242, 240465, 5865, 252888, 6168, 318078, 7758, 355347, 8667, 416478, 10158, 528285, 12885, 577239, 14079, 643782, 15702, 790644, 19284, 855834, 20874, 893103, 21783, 954234, 23274, 1066041, 26001, 1114995, 27195, 1181538, 28818, 1328400, 32400, 1393590, 33990, 1430859, 34899, 1491990, 36390, 1603797, 39117, 1652751, 40311, 1719294, 41934, 1866156, 45516, 1931346, 47106, 2103054, 51294, 2164185, 52785, 2275992, 55512, 2459385, 59985, 2525928, 61608, 2672790, 65190, 1590, 171708, 4188, 195570, 4770, 246246, 6006, 317832, 7752, 335421, 8181, 415740, 10140, 468507, 11427, 575025, 14025, 598887, 14607, 649563, 15843, 721149, 17589, 429, 80319, 1959, 187206, 4566, 240957, 5877, 292740, 7140, 319554, 7794, 340464, 8304, 420906, 10266, 483636, 11796, 590523, 14403, 644274, 15714, 696057, 16977, 722871, 17631, 743781, 18141, 824223, 20103, 886953, 21633, 993840, 24240, 1047591, 25551, 1099374, 26814, 654, 155349, 3789, 214881, 5241, 331608, 8088, 375765, 9165, 457068, 11148, 589539, 14379, 699009, 17049, 827544, 20184, 887076, 21636, 1003803, 24483, 1047960, 25560, 1129263, 27543, 1261734, 30774, 1371204, 33444, 1499739, 36579, 1559271, 38031, 1675998, 40878, 1720155, 41955, 1801458, 43938, 1933929, 47169, 2043399, 49839, 2171934, 52974, 2231466, 54426, 2348193, 57273, 2526789, 61629, 2608092, 63612, 2740563, 66843, 2850033, 69513, 2978568, 72648, 3172539, 77379, 3289266, 80226, 3467862, 84582, 3683604, 89844, 3816075, 93075, 3925545, 95745, 4054080, 98880, 4248051, 103611, 4364778, 106458, 4543374, 110814, 4759116, 116076, 4891587, 119307, 5135496, 125256, 5264031, 128391, 5458002, 133122, 5709168, 139248, 5887764, 143604, 6103506, 148866, 6370416, 155376, 6614325, 161325, 6877299, 167739, 7071270, 172470, 7322436, 178596, 4356, 215742, 5262, 266910, 6510, 378348, 9228, 397413, 9693, 462849, 11289, 520044, 12684, 581913, 14193, 619059, 15099, 670227, 16347, 781665, 19065, 465, 65436, 1596, 191634, 4674, 114, 109716, 2676, 148461, 3621, 194709, 4749, 310944, 7584, 449688, 10968, 529515, 12915, 315, 105042, 2562, 173184, 4224, 180687, 4407, 250674, 6114, 273183, 6663, 348705, 8505, 416232, 10152, 508359, 12399, 576501, 14061, 718443, 17523, 788430, 19230, 810939, 19779, 886461, 21621, 953988, 23268, 1046115, 25515, 1114257, 27177, 1256199, 30639, 1326186, 32346, 1483134, 36174, 1558656, 38016, 1626183, 39663, 1718310, 41910, 1786452, 43572, 1928394, 47034, 1998381, 48741, 2155329, 52569, 2230851, 54411, 2298378, 56058, 2390505, 58305, 2458647, 59967, 2600589, 63429, 2670576, 65136, 2827524, 68964, 2903046, 70806, 3105012, 75732, 3197139, 77979, 3399720, 82920, 3541662, 86382, 3746088, 91368, 3903036, 95196, 4112997, 100317, 4314963, 105243, 4541529, 110769, 4744110, 115710, 4886052, 119172, 5090478, 124158, 5247426, 127986, 5457387, 133107, 5659353, 138033, 5885919, 143559, 6088500, 148500, 6364881, 155241, 6569307, 160227, 6860694, 167334, 7070655, 172455, 7272621, 177381, 7499187, 182907, 7701768, 187848, 7978149, 194589, 8182575, 199575, 8473962, 206682, 8683923, 211803, 9020328, 220008, 9246894, 225534, 9583914, 233754, 9860295, 240495, 10199160, 248760, 10490547, 255867, 10834947, 264267, 11171352, 272472, 11532357, 281277, 11869377, 289497, 12280197, 299517, 12619062, 307782, 13044888, 318168, 13389288, 326568, 13725693, 334773, 14086698, 343578, 14558157, 355077, 14968977, 365097, 15442281, 376641, 15868107, 387027, 16346946, 398706, 16817790, 410190, 17313234, 422274, 17784693, 433773, 18329952, 447072, 18803256, 458616, 19363521, 472281, 19842360, 483960, 20447643, 498723, 21077526, 514086, 21683424, 528864, 22228683, 542163, 22836426, 556986, 23396691, 570651, 24009969, 585609, 24615252, 600372, 25245135, 615735, 25985472, 633792, 26665170, 650370, 27407352, 668472, 28102056, 685416, 28849773, 703653, 29589495, 721695, 30353817, 740337, 18057, 814137, 19857, 876621, 21381, 963582, 23502, 1016595, 24795, 1143039, 27879, 1302078, 31758, 1412532, 34452, 1486332, 36252, 1548816, 37776, 1635777, 39897, 1688790, 41190, 1815234, 44274, 1974273, 48153, 2084727, 50847, 2158527, 52647, 2221011, 54171, 2307972, 56292, 2495424, 60864, 2621868, 63948, 2780907, 67827, 2891361, 70521, 2965161, 72321, 3162084, 77124, 3249045, 79245, 3436497, 83817, 3562941, 86901, 3721980, 90780, 3832434, 93474, 4040673, 98553, 4237596, 103356, 4458996, 108756, 4646448, 113328, 4772892, 116412, 4931931, 120291, 5176824, 126264, 5385063, 131343, 5581986, 136146, 5803386, 141546, 5990838, 146118, 6251721, 152481, 6410760, 156360, 6655653, 162333, 6863892, 167412, 7060815, 172215, 7282215, 177615, 7469667, 182187, 7730550, 188550, 8024028, 195708, 8268921, 201681, 8477160, 206760, 8808522, 214842, 9029922, 220242, 9351813, 228093, 9612696, 234456, 9906174, 241614, 10151067, 247587, 10493745, 255945, 10825107, 264027, 11180946, 272706, 11502837, 280557, 11898159, 290199, 12191637, 297357, 12570969, 306609, 12913647, 314967, 13245009, 323049, 13600848, 331728, 14057178, 342858, 14452500, 352500, 14880417, 362937, 15259749, 372189, 15736866, 383826, 16202667, 395187, 16692945, 407145, 17149275, 418275, 17679036, 431196, 18241392, 444912, 18755163, 457443, 19232280, 469080, 19832520, 483720, 20322798, 495678, 20913567, 510087, 21443328, 523008, 22005684, 536724, 22653894, 552534, 23265450, 567450, 23865690, 582090, 24490407, 597327, 25215615, 615015, 25879815, 631215, 26576610, 648210, 15810, 745995, 18195, 869118, 21198, 893595, 21795, 994086, 24246, 1067517, 26037, 1100112, 26832, 1185966, 28926, 1283751, 31311, 1406874, 34314, 1565790, 38190, 1666281, 40641, 1739712, 42432, 1906746, 46506, 1992600, 48600, 2090385, 50985, 2213508, 53988, 2372424, 57864, 2472915, 60315, 2546346, 62106, 2713380, 66180, 2799234, 68274, 2897019, 70659, 3020142, 73662, 3179058, 77538, 3279549, 79989, 3487419, 85059, 3654453, 89133, 3874746, 94506, 3972531, 96891, 4095654, 99894, 4254570, 103770, 4489500, 109500, 4697370, 114570, 4864404, 118644, 5084697, 124017, 5316921, 129681, 5574483, 135963, 5733399, 139839, 5968329, 145569, 6176199, 150639, 6343233, 154713, 6563526, 160086, 6795750, 165750, 7053312, 172032, 7346667, 179187, 7581597, 184917, 7789467, 189987, 8090940, 197340, 8311233, 202713, 8543457, 208377, 8801019, 214659, 9094374, 221814, 9329304, 227544, 9671613, 235893, 9973086, 243246, 10327818, 251898, 10694481, 260841, 11086482, 270402, 11379837, 277557, 11749206, 286566, 12091515, 294915, 12392988, 302268, 12747720, 310920, 13114383, 319863, 13506384, 329424, 13934178, 339858, 14303547, 348867, 14780295, 360495, 15216207, 371127, 15705378, 383058, 16206480, 395280, 16732920, 408120, 17160714, 418554, 17664522, 430842, 18141270, 442470, 18711621, 456381, 19200792, 468312, 19701894, 480534, 20228334, 493374, 20790567, 507087, 21428814, 522654, 22040001, 537561, 22610352, 551472, 23233962, 566682, 23869503, 582183, 24530382, 598302, 25227054, 615294, 25865301, 630861, 26610927, 649047, 27315717, 666237, 28073766, 684726, 28843746, 703506, 29639064, 722904, 30470175, 743175, 31242861, 762021, 32122926, 783486, 32962155, 803955, 33854643, 825723, 34759062, 847782, 35688819, 870459, 36654369, 894009, 37561494, 916134, 38575998, 940878, 39549666, 964626, 40576593, 989673, 41615451, 1015011, 42679647, 1040967, 43779636, 1067796, 44955639, 1096479, 46104582, 1124502, 47347128, 1154808, 48508494, 1183134, 49816230, 1215030, 51149304, 1247544, 52518171, 1280931, 53828613, 1312893, 55246434, 1347474, 56623419, 1381059, 58053663, 1415943, 59495838, 1451118, 60963351, 1486911, 62466657, 1523577, 64045977, 1562097, 65732676, 1603236, 67378539, 1643379, 69077661, 1684821, 70788714, 1726554, 72525105, 1768905, 74297289, 1812129, 76145487, 1857207, 78101064, 1904904, 80015805, 1951605, 81983805, 1999605, 84098175, 2051175, 86237883, 2103363, 88413384, 2156424, 90664899, 2211339, 92889354, 2265594, 95207412, 2322132, 97578729, 2379969, 99961977, 2438097, 102505002, 2500122, 105083820, 2563020, 107738652, 2627772, 64092, 2721375, 66375, 2909073, 70953, 3055443, 74523, 3215220, 78420, 3385452, 82572, 3595905, 87705, 3703284, 90324, 3796887, 92607, 3984585, 97185, 4130955, 100755, 4290732, 104652, 4460964, 108804, 4671417, 113937, 4913235, 119835, 5141277, 125397, 5328975, 129975, 5475345, 133545, 5635122, 137442, 5805354, 141594, 6015807, 146727, 6257625, 152625, 6485667, 158187, 6673365, 162765, 6954174, 169614, 7248390, 176790, 7553061, 184221, 7763514, 189354, 8005332, 195252, 8233374, 200814, 8555511, 208671, 8836320, 215520, 9130536, 222696, 9435207, 230127, 9780099, 238539, 10021917, 244437, 10384398, 253278, 10706535, 261135, 10987344, 267984, 11281560, 275160, 11586231, 282591, 11931123, 291003, 12307380, 300180, 12669861, 309021, 12991998, 316878, 13407246, 327006, 13835901, 337461, 14275011, 348171, 14754342, 359862, 15130599, 369039, 15627519, 381159, 16084095, 392295, 16499343, 402423, 16927998, 412878, 17367108, 423588, 17846439, 435279, 18357135, 447735, 18854055, 459855, 19445070, 474270, 19994757, 487677, 20557851, 501411, 21131400, 515400, 21745170, 530370, 22390305, 546105, 23021664, 561504, 23612679, 575919, 24296805, 592605, 24994338, 609618, 25702326, 626886, 26450535, 645135, 15735, 765798, 18678, 859893, 20973, 953004, 23244, 1100850, 26850, 1245744, 30384, 1285965, 31365, 765, 120663, 2943, 228534, 5574, 361989, 8829, 416724, 10164, 548211, 13371, 577977, 14097, 703560, 17160, 792858, 19338, 900729, 21969, 1034184, 25224, 1088919, 26559, 1220406, 29766, 726, 125583, 3063, 223737, 5457, 242310, 5910, 267894, 6534, 323613, 7893, 400365, 9765, 433083, 10563, 528900, 12900, 627054, 15294, 645627, 15747, 671211, 16371, 726930, 17730, 803682, 19602, 836400, 20400, 932217, 22737, 1030371, 25131, 1183383, 28863, 1343406, 32766, 1399125, 34125, 1475877, 35997, 1643034, 40074, 1738851, 42411, 1837005, 44805, 1990017, 48537, 2150040, 52440, 2205759, 53799, 2282511, 55671, 2449668, 59748, 2545485, 62085, 2643639, 64479, 2796651, 68211, 2956674, 72114, 3146832, 76752, 1872, 167157, 4077, 230256, 5616, 367032, 8952, 421890, 10290, 563340, 13740, 593475, 14475, 614508, 14988, 704913, 17193, 768012, 18732, 904788, 22068, 959646, 23406, 1101096, 26856, 1131231, 27591, 1286703, 31383, 1377108, 33588, 1440207, 35127, 1576983, 38463, 1631841, 39801, 1773291, 43251, 1937865, 47265, 2093337, 51057, 2183742, 53262, 2246841, 54801, 2383617, 58137, 2572914, 62754, 2714364, 66204, 2878938, 70218, 3034410, 74010, 3124815, 76215, 3322353, 81033, 3459129, 84369, 3648426, 88986, 3789876, 92436, 3954450, 96450, 4109922, 100242, 4334766, 105726, 4532304, 110544, 4669080, 113880, 4858377, 118497, 4999827, 121947, 5164401, 125961, 5319873, 129753, 5544717, 135237, 5742255, 140055, 6013470, 146670, 6202767, 151287, 6478656, 158016, 6643230, 162030, 6933141, 169101, 7157985, 174585, 7355523, 179403, 7626738, 186018, 7816035, 190635, 8091924, 197364, 8390937, 204657, 8680848, 211728, 8905692, 217212, 9237669, 225309, 9508884, 231924, 9832620, 239820, 10108509, 246549, 10407522, 253842, 10697433, 260913, 11056716, 269676, 11388693, 277773, 11794347, 287667, 12118083, 295563, 12528411, 305571, 12961863, 316143, 13386213, 326493, 13745496, 335256, 14211912, 346632, 14617566, 356526, 15075741, 367701, 15486069, 377709, 15919521, 388281, 16343871, 398631, 16837593, 410673, 17304009, 422049, 17844102, 435222, 18302277, 446397, 18847044, 459684, 19414935, 473535, 19973724, 487164, 20467446, 499206, 21068301, 513861, 21608394, 527034, 22201008, 541488, 22745775, 554775, 23313666, 568626, 24006894, 585534, 24635055, 600855, 14655, 674532, 16452, 727053, 17733, 813645, 19845, 836769, 20409, 962106, 23466, 1031478, 25158, 1138611, 27771, 1212288, 29568, 1264809, 30849, 1351401, 32961, 1508964, 36804, 1634301, 39861, 1703673, 41553, 1810806, 44166, 1884483, 45963, 1937004, 47244, 2023596, 49356, 2181159, 53199, 2306496, 56256, 2375868, 57948, 2483001, 60561, 2556678, 62358, 2743638, 66918, 2830230, 69030, 2987793, 72873, 3113130, 75930, 3316941, 80901, 3424074, 83514, 3632190, 88590, 3819150, 93150, 4040181, 98541, 4197744, 102384, 4323081, 105441, 4526892, 110412, 4768464, 116304, 4976580, 121380, 5163540, 125940, 5384571, 131331, 5542134, 135174, 5801910, 141510, 6005721, 146481, 6247293, 152373, 6455409, 157449, 6642369, 162009, 6863400, 167400, 7155402, 174522, 7415178, 180858, 7618989, 185829, 7860561, 191721, 8068677, 196797, 8390076, 204636, 8611107, 210027, 8903109, 217149, 9162885, 223485, 9501135, 231735, 9742707, 237627, 10085262, 245982, 10406661, 253821, 10762131, 262491, 11054133, 269613, 11448348, 279228, 11786598, 287478, 12162609, 296649, 12505164, 305004, 12826563, 312843, 13182033, 321513, 13608474, 331914, 14002689, 341529, 14475378, 353058, 14851389, 362229, 15328383, 373863, 15784221, 384981, 16274130, 396930, 16700571, 407331, 17229225, 420225, 17701914, 431754, 18212364, 444204, 18689358, 455838, 11118, 489909, 11949, 560880, 13680, 663093, 16173, 741567, 18087, 779328, 19008, 880311, 21471, 993594, 24234, 1027665, 25065, 1098636, 26796, 1200849, 29289, 1279323, 31203, 1317084, 32124, 1418067, 34587, 1531350, 37350, 1699860, 41460, 1770831, 43191, 1873044, 45684, 1951518, 47598, 2123718, 51798, 2224701, 54261, 2337984, 57024, 2506494, 61134, 2577465, 62865, 2679678, 65358, 2758152, 67272, 2930352, 71472, 3031335, 73935, 3144618, 76698, 3313128, 80808, 3518538, 85818, 3620751, 88311, 3833664, 93504, 4005864, 97704, 4106847, 100167, 4220130, 102930, 4388640, 107040, 4594050, 112050, 4830702, 117822, 5043615, 123015, 5215815, 127215, 5451237, 132957, 5698959, 138999, 5867469, 143109, 6072879, 148119, 6309531, 153891, 6522444, 159084, 6694644, 163284, 6930066, 169026, 7177788, 175068, 7480737, 182457, 7686147, 187467, 7922799, 193239, 8135712, 198432, 8442351, 205911, 8677773, 211653, 8925495, 217695, 9228444, 225084, 9568293, 233373, 9804945, 239145, 10152297, 247617, 10458936, 255096, 10828797, 264117, 11210958, 273438, 11513907, 280827, 11853756, 289116, 12224847, 298167, 12572199, 306639, 7479, 369861, 9021, 382161, 9321, 437388, 10668, 474288, 11568, 505530, 12330, 616230, 15030, 709956, 17316, 773178, 18858, 919917, 22437, 975144, 23784, 1012044, 24684, 1043286, 25446, 1153986, 28146, 1247712, 30432, 1310934, 31974, 1457673, 35553, 1512900, 36900, 900, 165681, 4041, 245139, 5979, 362604, 8844, 466539, 11379, 550056, 13416, 592983, 14463, 709095, 17295, 837876, 20436, 917334, 22374, 1034799, 25239, 1138734, 27774, 1222251, 29811, 1265178, 30858, 1381290, 33690, 1510071, 36831, 1589529, 38769, 1706994, 41634, 1810929, 44169, 1894446, 46206, 2071812, 50532, 2187924, 53364, 2316705, 56505, 2396163, 58443, 2513628, 61308, 2617563, 63843, 2701080, 65880, 2878446, 70206, 2994558, 73038, 3123339, 76179, 3202797, 78117, 3320262, 80982, 3424197, 83517, 2037, 177366, 4326, 250551, 6111, 263220, 6420, 348336, 8496, 386343, 9423, 507252, 12372, 621273, 15153, 715122, 17442, 788307, 19227, 935415, 22815, 1020531, 24891, 1058538, 25818, 1179447, 28767, 1293468, 31548, 1387317, 33837, 1460502, 35622, 1607610, 39210, 1692726, 41286, 1865172, 45492, 1986081, 48441, 2100102, 51222, 2193951, 53511, 2267136, 55296, 2414244, 58884, 2499360, 60960, 2671806, 65166, 2792715, 68115, 2906736, 70896, 3000585, 73185, 1785, 147108, 3588, 219555, 5355, 306885, 7485, 389787, 9507, 517338, 12618, 631605, 15405, 745380, 18180, 819303, 19983, 891750, 21750, 979080, 23880, 1061982, 25902, 1189533, 29013, 1303800, 31800, 1417575, 34575, 1491498, 36378, 1563945, 38145, 1651275, 40275, 1734177, 42297, 1861728, 45408, 1975995, 48195, 2089770, 50970, 2163693, 52773, 2236140, 54540, 2323470, 56670, 2406372, 58692, 2533923, 61803, 2648190, 64590, 2761965, 67365, 2835888, 69168, 2908335, 70935, 2995665, 73065, 3078567, 75087, 3206118, 78198, 3320385, 80985, 3434160, 83760, 3642522, 88842, 3849408, 93888, 4071177, 99297, 4288518, 104598, 4416069, 107709, 4530336, 110496, 4644111, 113271, 4852473, 118353, 5059359, 123399, 5281128, 128808, 5498469, 134109, 5760459, 140499, 6009165, 146565, 6257379, 152619, 6465741, 157701, 6672627, 162747, 6894396, 168156, 7111737, 173457, 7373727, 179847, 7622433, 185913, 7870647, 191967, 8079009, 197049, 8285895, 202095, 8507664, 207504, 8725005, 212805, 8986995, 219195, 9235701, 225261, 9483915, 231315, 9826716, 239676, 10168041, 248001, 10524249, 256689, 10876029, 265269, 11272458, 274938, 11655603, 284283, 12038256, 293616, 12381057, 301977, 12722382, 310302, 13078590, 318990, 13430370, 327570, 13826799, 337239, 14209944, 346584, 14592597, 355917, 15069837, 367557, 15545601, 379161, 16036248, 391128, 16522467, 402987, 17053335, 415935, 17570919, 428559, 18088011, 441171, 18565251, 452811, 19041015, 464415, 19531662, 476382, 20017881, 488241, 20548749, 501189, 21066333, 513813, 21583425, 526425, 22195104, 541344, 22805307, 556227, 23430393, 571473, 24051051, 586611, 24716358, 602838, 25368381, 618741, 26019912, 634632, 26766030, 652830, 27510672, 670992, 28270197, 689517, 29025294, 707934, 29825040, 727440, 30611502, 746622, 31397472, 765792, 32278029, 787269, 33157110, 808710, 34051074, 830514, 34940610, 852210, 35874795, 874995, 36795696, 897456, 37716105, 919905, 38731101, 944661, 39744621, 969381, 40773024, 994464, 41796999, 1019439, 42865623, 1045503, 43920963, 1071243, 45110250, 1100250, 46259685, 1128285, 47407644, 1156284, 48570486, 1184646, 49863339, 1216179, 51200841, 1248801, 52525059, 1281099, 53848785, 1313385, 55267098, 1347978, 56683935, 1382535, 58115655, 1417455, 59542947, 1452267, 61014888, 1488168, 62607984, 1527024, 64200588, 1565868, 65887779, 1607019, 67573494, 1648134, 69274092, 1689612, 70970262, 1730982, 72711081, 1773441, 74573055, 1818855, 76434537, 1864257, 78390606, 1911966, 80345199, 1959639, 82314675, 2007675, 84414162, 2058882, 86558298, 2111178, 88689150, 2163150, 90953949, 2218389, 93178896, 2272656, 95536806, 2330166, 97909599, 2388039, 100412403, 2449083, 102959856, 2511216, 105494025, 2573025, 108162141, 2638101, 110924844, 2705484, 113686071, 2772831, 116462181, 2840541, 119368302, 2911422, 122319072, 2983392, 125390997, 3058317, 128462430, 3133230, 131628450, 3210450, 134927433, 3290913, 138241299, 3371739, 141685176, 3455736, 145173702, 3540822, 148783383, 3628863, 152527011, 3720171, 156365226, 3813786, 160201965, 3907365, 164188026, 4004586, 168304098, 4104978, 172464819, 4206459, 176746695, 4310895, 181162518, 4418598, 185672928, 4528608, 190316301, 4641861, 194974557, 4755477, 199762824, 4872264, 204730179, 4993419, 209818689, 5117529, 215041146, 5244906, 220358190, 5374590, 225808197, 5507517, 231407526, 5644086, 237136866, 5783826, 243045294, 5927934, 249074877, 6074997, 255238407, 6225327, 261496524, 6377964, 267887604, 6533844, 274428006, 6693366, 281232858, 6859338, 288216798, 7029678, 295321893, 7202973, 302560935, 7379535, 310029003, 7561683, 317630034, 7747074, 325380387, 7936107, 333395190, 8131590, 341589081, 8331441, 350038566, 8537526, 358621998, 8746878, 367434456, 8961816, 376514316, 9183276, 385743498, 9408378, 395237130, 9639930, 404909850, 9875850, 414838164, 10118004, 425034864, 10366704, 435460590, 10620990, 446153718, 10881798, 457130607, 11149527, 468371946, 11423706, 479926812, 11705532, 491737272, 11993592, 503816118, 12288198, 516123990, 12588390, 528833703, 12898383, 541827177, 13215297, 555085101, 13538661, 568656552, 13869672, 582618036, 14210196, 596847906, 14557266, 611441241, 14913201, 626436417, 15278937, 372657, 15677826, 382386, 16125792, 393312, 16650264, 406104, 17187528, 419208, 17685432, 431352, 18221712, 444432, 18774351, 457911, 19307679, 470919, 19890084, 485124, 20414556, 497916, 20951820, 511020, 21584163, 526443, 22120443, 539523, 22673082, 553002, 23340849, 569289, 23923254, 583494, 24582165, 599565, 25253868, 615948, 25886211, 631371, 26556930, 647730, 27244008, 664488, 27911775, 680775, 28628619, 698259, 29421969, 717609, 30228111, 737271, 30994893, 755973, 31800051, 775611, 32621568, 795648, 33423774, 815214, 34275057, 835977, 35202846, 858606, 36143427, 881547, 37044648, 903528, 37984245, 926445, 38940201, 949761, 40011285, 975885, 40997007, 999927, 42059235, 1025835, 43134255, 1052055, 44304354, 1080594, 45512829, 1110069, 46737663, 1139943, 47943186, 1169346, 49197786, 1199946, 50528892, 1232412, 51872790, 1265190, 53177328, 1297008, 54520242, 1329762, 55879515, 1362915, 57353916, 1398876, 58877394, 1436034, 60342939, 1471779, 61821276, 1507836, 63394692, 1546212, 65006484, 1585524, 66634635, 1625235, 68377914, 1667754, 70170270, 1711470, 71904693, 1753773, 73786347, 1799667, 75628641, 1844601, 77509311, 1890471, 79406340, 1936740, 81418497, 1985817, 83479731, 2036091, 85617471, 2088231, 87768003, 2140683, 90013614, 2195454, 92297601, 2251161, 94597947, 2307267, 97013421, 2366181, 99477972, 2426292, 102019029, 2488269, 104572878, 2550558, 107221806, 2615166, 109909110, 2680710, 112612773, 2746653, 115431564, 2815404, 118299432, 2885352, 121243806, 2957166, 72126, 3052245, 74445, 3225060, 78660, 3375858, 82338, 3490986, 85146, 3674502, 89622, 3885447, 94767, 4032678, 98358, 4262196, 103956, 4435011, 108171, 4585809, 111849, 4700937, 114657, 4884453, 119133, 5095398, 124278, 5242629, 127869, 5472147, 133467, 5644962, 137682, 5795760, 141360, 6045327, 147447, 6228843, 151923, 6439788, 157068, 6721458, 163938, 6950976, 169536, 7123791, 173751, 7409028, 180708, 7658595, 186795, 7976550, 194550, 8187495, 199695, 8469165, 206565, 8698683, 212163, 9005937, 219657, 9291174, 226614, 9540741, 232701, 9858696, 240456, 10204080, 248880, 10485750, 255750, 10849707, 264627, 11156961, 272121, 11442198, 279078, 11826204, 288444, 12144159, 296199, 12489543, 304623, 12905652, 314772, 13269609, 323649, 13711302, 334422, 14130978, 344658, 14514984, 354024, 14967378, 365058, 15447201, 376761, 15863310, 386910, 16361706, 399066, 16803399, 409839, 17223075, 420075, 17741520, 432720, 18193914, 443754, 18673737, 455457, 19224285, 468885, 19722681, 481041, 20298813, 495093, 20852928, 508608, 21371373, 521253, 21958206, 535566, 22572468, 550548, 13428, 632835, 15435, 710571, 17331, 822993, 20073, 921762, 22482, 990150, 24150, 1017579, 24819, 1088304, 26544, 1170591, 28551, 1248327, 30447, 1360749, 33189, 1459518, 35598, 1527906, 37266, 1689774, 41214, 1760499, 42939, 1842786, 44946, 1920522, 46842, 2032944, 49584, 2131713, 51993, 2200101, 53661, 2361969, 57609, 2432694, 59334, 2514981, 61341, 2592717, 63237, 2705139, 65979, 2803908, 68388, 1668, 161868, 3948, 205164, 5004, 216726, 5286, 346614, 8454, 381300, 9300, 502086, 12246, 606144, 14784, 699624, 17064, 742920, 18120, 888921, 21681, 1018809, 24849, 1053495, 25695, 1174281, 28641, 1278339, 31179, 1371819, 33459, 1415115, 34515, 1561116, 38076, 1691004, 41244, 1860129, 45369, 1980915, 48315, 2084973, 50853, 2178453, 53133, 2356188, 57468, 2502189, 61029, 2632077, 64197, 2801202, 68322, 2921988, 71268, 3026046, 73806, 3119526, 76086, 3297261, 80421, 3443262, 83982, 3573150, 87150, 3742275, 91275, 3863061, 94221, 3967119, 96759, 4195038, 102318, 4372773, 106653, 4518774, 110214, 4648662, 113382, 4817787, 117507, 4938573, 120453, 5177070, 126270, 5404989, 131829, 5582724, 136164, 5728725, 139725, 5993052, 146172, 6162177, 150297, 6417402, 156522, 6655899, 162339, 6883818, 167898, 7061553, 172233, 7341993, 179073, 7606320, 185520, 7909884, 192924, 8165109, 199149, 8403606, 204966, 8631525, 210525, 8943699, 218139, 9224139, 224979, 9488466, 231426, 9792030, 238830, 10047255, 245055, 10420191, 254151, 10782549, 262989, 11094723, 270603, 11375163, 277443, 11773929, 287169, 12077493, 294573, 12467157, 304077, 12840093, 313173, 13202451, 322011, 13649064, 332904, 14063943, 343023, 14462709, 352749, 14900712, 363432, 15290376, 372936, 9096, 496797, 12117, 581052, 14172, 683757, 16677, 802083, 19563, 841320, 20520, 927420, 22620, 1045131, 25491, 1168992, 28512, 1253247, 30567, 1355952, 33072, 1474278, 35958, 1513515, 36915, 1599615, 39015, 1717326, 41886, 1841187, 44907, 1925442, 46962, 2028147, 49467, 2146473, 52353, 2320149, 56589, 2406249, 58689, 2523960, 61560, 2647821, 64581, 2732076, 66636, 2834781, 69141, 2953107, 72027, 3126783, 76263, 3212883, 78363, 3330594, 81234, 3454455, 84255, 2055, 102705, 2505, 118326, 2886, 173676, 4236, 220539, 5379, 252150, 6150, 150, 94833, 2313, 152889, 3729, 284499, 6939, 324228, 7908, 450180, 10980, 569367, 13887, 678345, 16545, 767028, 18708, 825084, 20124, 956694, 23334, 996423, 24303, 1122375, 27375, 1241562, 30282, 1350540, 32940, 1439223, 35103, 1497279, 36519, 1628889, 39729, 969, 125952, 3072, 253626, 6186, 377856, 9216, 492000, 12000, 595812, 14532, 669366, 16326, 711924, 17364, 798147, 19467, 925821, 22581, 1050051, 25611, 1164195, 28395, 1268007, 30927, 1341561, 32721, 1384119, 33759, 1470342, 35862, 1598016, 38976, 1722246, 42006, 1836390, 44790, 1940202, 47322, 2013756, 49116, 2190753, 53433, 2276976, 55536, 2404650, 58650, 2528880, 61680, 2643024, 64464, 2746836, 66996, 2820390, 68790, 2997387, 73107, 3083610, 75210, 3211284, 78324, 3335514, 81354, 3449658, 84138, 3553470, 86670, 3761463, 91743, 3938460, 96060, 4159122, 101442, 4286796, 104556, 4411026, 107586, 4525170, 110370, 4763421, 116181, 4971414, 121254, 5148411, 125571, 5369073, 130953, 5631186, 137346, 5889855, 143655, 6138438, 149718, 6376689, 155529, 6584682, 160602, 6761679, 164919, 6982341, 170301, 7244454, 176694, 7503123, 183003, 7751706, 189066, 7989957, 194877, 8197950, 199950, 8509386, 207546, 8730048, 212928, 8992161, 219321, 9250830, 225630, 9499413, 231693, 9737664, 237504, 10080096, 245856, 10391532, 253452, 10746633, 262113, 6393, 393108, 9588, 517461, 12621, 641568, 15648, 745749, 18189, 849192, 20712, 892857, 21777, 934308, 22788, 1065303, 25983, 1189656, 29016, 1313763, 32043, 1417944, 34584, 1521387, 37107, 1565052, 38172, 1606503, 39183, 1737498, 42378, 1861851, 45411, 1985958, 48438, 2090139, 50979, 2193582, 53502, 2371686, 57846, 2547576, 62136, 2678571, 65331, 2802924, 68364, 2927031, 71391, 3031212, 73932, 3134655, 76455, 3312759, 80799, 3488649, 85089, 3619644, 88284, 3743997, 91317, 3868104, 94344, 3972285, 96885, 4075728, 99408, 4253832, 103752, 4429722, 108042, 4560717, 111237, 4685070, 114270, 4809177, 117297, 5047797, 123117, 5285679, 128919, 5463783, 133263, 5639673, 137553, 5905107, 144027, 6163899, 150339, 6422445, 156645, 6661065, 162465, 6898947, 168267, 7077051, 172611, 7252941, 176901, 7518375, 183375, 7777167, 189687, 8035713, 195993, 8274333, 201813, 8512215, 207615, 8824758, 215238, 9135087, 222807, 9400521, 229281, 9659313, 235593, 9917859, 241899, 10290918, 250998, 10663239, 260079, 10975782, 267702, 11286111, 275271, 11685984, 285024, 12079215, 294615, 12472200, 304200, 12845259, 313299, 13217580, 322380, 13664562, 333282, 14109330, 344130, 14509203, 353883, 14902434, 363474, 15295419, 373059, 9099, 506760, 12360, 581421, 14181, 713646, 17406, 803190, 19590, 930987, 22707, 1065180, 25980, 1179693, 28773, 1313394, 32034, 1388055, 33855, 1520280, 37080, 1609824, 39264, 1737621, 42381, 1871814, 45654, 1986327, 48447, 2120028, 51708, 2194689, 53529, 2326914, 56754, 2416458, 58938, 2544255, 62055, 2678448, 65328, 2792961, 68121, 2926662, 71382, 3001323, 73203, 3133548, 76428, 3223092, 78612, 3350889, 81729, 3485082, 85002, 3599595, 87795, 3733296, 91056, 3942396, 96156, 4074621, 99381, 4298604, 104844, 4426401, 107961, 4560594, 111234, 4675107, 114027, 4808808, 117288, 5017908, 122388, 5150133, 125613, 5374116, 131076, 5636352, 137472, 5904984, 144024, 6153936, 150096, 6422076, 156636, 6631176, 161736, 6897840, 168240, 7121823, 173703, 7384059, 180099, 7652691, 186651, 7901643, 192723, 8169783, 199263, 8378883, 204363, 8645547, 210867, 8869530, 216330, 9131766, 222726, 9400398, 229278, 9649350, 235350, 9917490, 241890, 10261029, 250269, 10527693, 256773, 10886115, 265515, 11282790, 275190, 11685861, 285021, 12069252, 294372, 12471831, 304191, 12815370, 312570, 13216473, 322353, 13574895, 331095, 13971570, 340770, 14374641, 350601, 14758032, 359952, 15160611, 369771, 15638589, 381429, 16039692, 391212, 16532553, 403233, 17063667, 416187, 17601177, 429297, 18119007, 441927, 18656025, 455025, 19134003, 466683, 19669545, 479745, 20162406, 491766, 20693520, 504720, 21231030, 517830, 12630, 537018, 13098, 612417, 14937, 669981, 16341, 761739, 18579, 799992, 19512, 940827, 22947, 1055586, 25746, 1209213, 29493, 1284612, 31332, 1342176, 32736, 1433934, 34974, 1472187, 35907, 1613022, 39342, 1727781, 42141, 1881408, 45888, 1956807, 47727, 2014371, 49131, 2106129, 51369, 2278821, 55581, 2419656, 59016, 2534415, 61815, 2688042, 65562, 2763441, 67401, 2955444, 72084, 3047202, 74322, 3219894, 78534, 3360729, 81969, 3475488, 84768, 3629115, 88515, 3838953, 93633, 4030956, 98316, 4257153, 103833, 4429845, 108045, 4570680, 111480, 4685439, 114279, 4839066, 118026, 5048904, 123144, 5240907, 127827, 5467104, 133344, 5639796, 137556, 5780631, 140991, 6029829, 147069, 6183456, 150816, 6393294, 155934, 6585297, 160617, 6811494, 166134, 6984186, 170346, 7259460, 177060, 7508658, 183138, 7796724, 190164, 8006562, 195282, 8333004, 203244, 8559201, 208761, 8866332, 216252, 9141606, 222966, 9390804, 229044, 9678870, 236070, 10023147, 244467, 10349589, 252429, 10710225, 261225, 11017356, 268716, 11292630, 275430, 11676267, 284787, 11964333, 291813, 12308610, 300210, 12635052, 308172, 12995688, 316968, 13437258, 327738, 13846971, 337731, 14230608, 347088, 14653113, 357393, 15131829, 369069, 15592710, 380310, 16087785, 392385, 16529355, 403155, 16939068, 413148, 17457144, 425784, 18014088, 439368, 18492804, 451044, 18953685, 462285, 19448760, 474360, 20024769, 488409, 20568921, 501681, 21086997, 514317, 21643941, 527901, 22257096, 542856, 22852416, 557376, 23481930, 572730, 24057939, 586779, 24736530, 603330, 25389045, 619245, 26080428, 636108, 26828022, 654342, 27557781, 672141, 28321734, 690774, 29032182, 708102, 29845212, 727932, 30632166, 747126, 31457988, 767268, 32340021, 788781, 33204219, 809859, 34102611, 831771, 34947498, 852378, 35894967, 875487, 36816360, 897960, 37776621, 921381, 38793093, 946173, 39791730, 970530, 40824561, 995721, 41938326, 1022886, 43020234, 1049274, 44076066, 1075026, 45170766, 1101726, 46321677, 1129797, 47454753, 1157433, 48622023, 1185903, 49870227, 1216347, 29667, 1324710, 32310, 1363578, 33258, 1419789, 34629, 1536393, 37473, 1705026, 41586, 1785960, 43560, 1888542, 46062, 1996905, 48705, 2170212, 52932, 2226423, 54303, 2343027, 57147, 2511660, 61260, 2592594, 63234, 2695176, 65736, 2803539, 68379, 2976846, 72606, 3167496, 77256, 3284100, 80100, 3452733, 84213, 3668106, 89466, 3770688, 91968, 3879051, 94611, 4052358, 98838, 4243008, 103488, 4359612, 106332, 4528245, 110445, 4743618, 115698, 4980639, 121479, 5223441, 127401, 5396748, 131628, 5587398, 136278, 5838441, 142401, 6007074, 146514, 6222447, 151767, 6459468, 157548, 6702270, 163470, 6875577, 167697, 7066227, 172347, 7317270, 178470, 7620342, 185862, 7835715, 191115, 8072736, 196896, 8315538, 202818, 8623284, 210324, 8948373, 218253, 9199416, 224376, 9502488, 231768, 9852300, 240300, 10223760, 249360, 10601001, 258561, 10908747, 266067, 11233836, 273996, 11619318, 283398, 11922390, 290790, 12272202, 299322, 12643662, 308382, 13020903, 317583, 13463088, 328368, 13922616, 339576, 14308098, 348978, 14745609, 359649, 15229860, 371460, 9060, 511680, 12480, 576624, 14064, 593967, 14487, 654360, 15960, 706389, 17229, 753129, 18369, 774777, 18897, 914997, 22317, 979941, 23901, 1131723, 27603, 1192116, 29076, 1244145, 30345, 1290885, 31485, 1446972, 35292, 1587192, 38712, 1652136, 40296, 1803918, 43998, 1864311, 45471, 1916340, 46740, 1140, 156087, 3807, 274659, 6699, 333822, 8142, 420660, 10260, 463710, 11310, 589785, 14385, 718935, 17535, 828282, 20202, 946854, 23094, 1006017, 24537, 1092855, 26655, 1135905, 27705, 1261980, 30780, 1391130, 33930, 1500477, 36597, 1619049, 39489, 1678212, 40932, 1765050, 43050, 1050, 126075, 3075, 75, 114636, 2796, 143664, 3504, 209469, 5109, 296553, 7233, 359529, 8769, 486342, 11862, 540831, 13191, 652392, 15912, 681420, 16620, 747225, 18225, 834309, 20349, 897285, 21885, 1024098, 24978, 1078587, 26307, 1190148, 29028, 708, 65805, 1605, 87084, 2124, 197415, 4815, 261252, 6372, 323367, 7887, 380439, 9279, 432345, 10545, 469122, 11442, 490401, 11961, 600732, 14652, 664569, 16209, 726684, 17724, 783756, 19116, 835662, 20382, 872439, 21279, 519, 110331, 2691, 198276, 4836, 330993, 8073, 460389, 11229, 589662, 14382, 708972, 17292, 827913, 20193, 916965, 22365, 1004910, 24510, 1137627, 27747, 1267023, 30903, 1396296, 34056, 1515606, 36966, 1634547, 39867, 1723599, 42039, 1811544, 44184, 1944261, 47421, 2073657, 50577, 2202930, 53730, 2322240, 56640, 2441181, 59541, 2530233, 61713, 2618178, 63858, 2750895, 67095, 2880291, 70251, 3009564, 73404, 3128874, 76314, 3247815, 79215, 3336867, 81387, 3424812, 83532, 3557529, 86769, 3686925, 89925, 3816198, 93078, 3935508, 95988, 4054449, 98889, 4277940, 104340, 4500324, 109764, 4633041, 113001, 4762437, 116157, 4891710, 119310, 2910, 253380, 6180, 357930, 8730, 491262, 11982, 536034, 13074, 667152, 16272, 801468, 19548, 925944, 22584, 1060014, 25854, 1164564, 28404, 1297896, 31656, 1342668, 32748, 1473786, 35946, 1608102, 39222, 1732578, 42258, 1866648, 45528, 1971198, 48078, 2104530, 51330, 2283741, 55701, 2414859, 58899, 2549175, 62175, 2673651, 65211, 2807721, 68481, 2912271, 71031, 3045603, 74283, 3224814, 78654, 3355932, 81852, 3490248, 85128, 3614724, 88164, 3748794, 91434, 3853344, 93984, 3986676, 97236, 4165887, 101607, 4297005, 104805, 4431321, 108081, 4555797, 111117, 4689867, 114387, 4928856, 120216, 5062188, 123468, 5241399, 127839, 5372517, 131037, 5506833, 134313, 5765748, 140628, 6034257, 147177, 6273246, 153006, 6541017, 159537, 6720228, 163908, 6985785, 170385, 7254540, 176940, 7513455, 183255, 7781964, 189804, 8020953, 195633, 8288724, 202164, 8602374, 209814, 8867931, 216291, 9136686, 222846, 9395601, 229161, 9664110, 235710, 9903099, 241539, 10170870, 248070, 10484520, 255720, 10750077, 262197, 11018832, 268752, 11412186, 278346, 11815134, 288174, 12188562, 297282, 12590772, 307092, 12904422, 314742, 13304418, 324498, 13707612, 334332, 14100966, 343926, 14503914, 353754, 14877342, 362862, 15279552, 372672, 15727641, 383601, 16127637, 393357, 16530831, 403191, 17058624, 416064, 17596011, 429171, 18103878, 441558, 18640527, 454647, 19223055, 468855, 19757490, 481890, 20295123, 495003, 20822916, 507876, 21360303, 520983, 22002609, 536649, 13089, 582528, 14208, 668874, 16314, 806511, 19671, 931110, 22710, 1075143, 26223, 1180062, 28782, 702, 45879, 1119, 86346, 2106, 137637, 3357, 259038, 6318, 278472, 6792, 373797, 9117, 432099, 10539, 449196, 10956, 489663, 11943, 540954, 13194, 662355, 16155, 681789, 16629, 777114, 18954, 835416, 20376, 986952, 24072, 1027419, 25059, 1078710, 26310, 1200111, 29271, 1353984, 33024, 1449309, 35349, 1507611, 36771, 1659147, 40467, 987, 51291, 1251, 121401, 2961, 153873, 3753, 229764, 5604, 327180, 7980, 420414, 10254, 443784, 10824, 264, 70110, 1710, 166911, 4071, 210330, 5130, 231855, 5655, 362112, 8832, 426687, 10407, 548580, 13380, 607866, 14826, 704667, 17187, 748086, 18246, 769611, 18771, 899868, 21948, 964443, 23523, 1086336, 26496, 1145622, 27942, 1242423, 30303, 1285842, 31362, 1441806, 35166, 1572063, 38343, 1636638, 39918, 1758531, 42891, 1817817, 44337, 1914618, 46698, 2092476, 51036, 2248440, 54840, 2378697, 58017, 2443272, 59592, 2565165, 62565, 2758890, 67290, 2855691, 69651, 3033549, 73989, 3189513, 77793, 3319770, 80970, 3518784, 85824, 3640677, 88797, 3834402, 93522, 3931203, 95883, 4109061, 100221, 4265025, 104025, 4395282, 107202, 4594296, 112056, 4716189, 115029, 4909914, 119754, 5141154, 125394, 5319012, 129732, 5474976, 133536, 5739672, 139992, 5938686, 144846, 6195018, 151098, 6388743, 155823, 6619983, 161463, 6797841, 165801, 7088244, 172884, 7352940, 179340, 7551954, 184194, 7808286, 190446, 8002011, 195171, 8233251, 200811, 8545548, 208428, 8835951, 215511, 9100647, 221967, 9434100, 230100, 9690432, 236352, 10018596, 244356, 10384275, 253275, 10696572, 260892, 10986975, 267975, 11386110, 277710, 11719563, 285843, 12110334, 295374, 12438498, 303378, 12804177, 312297, 7617, 424842, 10362, 533574, 13014, 602331, 14691, 659649, 16089, 731481, 17841, 768996, 18756, 850053, 20733, 962598, 23478, 1071330, 26130, 1140087, 27807, 1197405, 29205, 1269237, 30957, 1306752, 31872, 1387809, 33849, 1500354, 36594, 1609086, 39246, 1677843, 40923, 1735161, 42321, 1806993, 44073, 1978947, 48267, 2060004, 50244, 2172549, 52989, 2281281, 55641, 2350038, 57318, 1398, 71832, 1752, 171954, 4194, 215496, 5256, 246984, 6024, 377610, 9210, 472074, 11514, 595074, 14514, 354, 100122, 2442, 177981, 4341, 300366, 7326, 399504, 9744, 497781, 12141, 526317, 12837, 552270, 13470, 637878, 15558, 715737, 17457, 838122, 20442, 937260, 22860, 1035537, 25257, 1064073, 25953, 633, 85608, 2088, 212298, 5178, 256824, 6264, 368016, 8976, 501594, 12234, 566292, 13812, 698148, 17028, 757803, 18483, 884493, 21573, 929019, 22659, 1040211, 25371, 1173789, 28629, 1238487, 30207, 1370343, 33423, 1429998, 34878, 1556688, 37968, 1601214, 39054, 1712406, 41766, 1845984, 45024, 1910682, 46602, 2042538, 49818, 2102193, 51273, 2228883, 54363, 2407848, 58728, 2519040, 61440, 2652618, 64698, 1578, 131856, 3216, 194094, 4734, 261129, 6369, 313404, 7644, 380070, 9270, 402456, 9816, 468015, 11415, 535173, 13053, 597411, 14571, 664446, 16206, 716721, 17481, 783387, 19107, 805773, 19653, 871332, 21252, 938490, 22890, 1000728, 24408, 1067763, 26043, 1120038, 27318, 1186704, 28944, 1343529, 32769, 1409088, 34368, 1476246, 36006, 1538484, 37524, 1605519, 39159, 1657794, 40434, 1724460, 42060, 1881285, 45885, 1946844, 47484, 2014002, 49122, 2076240, 50640, 2143275, 52275, 1275, 66666, 1626, 156825, 3825, 199998, 4878, 336036, 8196, 465555, 11355, 604791, 14751, 724470, 17670, 873300, 21300, 963459, 23499, 1006632, 24552, 1142670, 27870, 1272189, 31029, 1411425, 34425, 1531104, 37344, 1679934, 40974, 1770093, 43173, 1053, 136038, 3318, 263958, 6438, 273675, 6675, 388557, 9477, 417708, 10188, 493476, 12036, 580929, 14169, 673794, 16434, 801714, 19554, 945870, 23070, 1060752, 25872, 1089903, 26583, 1165671, 28431, 1253124, 30564, 1345989, 32829, 1473909, 35949, 1618065, 39465, 1732947, 42267, 1896537, 46257, 1972305, 48105, 2059758, 50238, 2152623, 52503, 2280543, 55623, 2424699, 59139, 2539581, 61941, 2703171, 65931, 2778939, 67779, 2866392, 69912, 2959257, 72177, 3087177, 75297, 3231333, 78813, 3346215, 81615, 3509805, 85605, 3720012, 90732, 3941904, 96144, 4169208, 101688, 4297128, 104808, 4441284, 108324, 4556166, 111126, 4719756, 115116, 4929963, 120243, 5151855, 125655, 5379159, 131199, 5641518, 137598, 5785674, 141114, 6034995, 147195, 6198585, 151185, 6408792, 156312, 6630684, 161724, 6857988, 167268, 7120347, 173667, 7398942, 180462, 7648263, 186543, 7946292, 193812, 8156499, 198939, 8378391, 204351, 8605695, 209895, 8868054, 216294, 9146649, 223089, 9395970, 229170, 9693999, 236439, 10038645, 244845, 10394976, 253536, 10756719, 262359, 6399, 278595, 6795, 383760, 9360, 432468, 10548, 479085, 11685, 285, 139851, 3411, 169494, 4134, 285114, 6954, 374043, 9123, 452025, 11025, 584373, 14253, 683880, 16680, 812046, 19806, 841689, 20529, 957309, 23349, 1046238, 25518, 1124220, 27420, 1256568, 30648, 1356075, 33075, 1484241, 36201, 1648323, 40203, 1763943, 43023, 1852872, 45192, 1930854, 47094, 2063202, 50322, 2162709, 52749, 2290875, 55875, 2454957, 59877, 2570577, 62697, 2659506, 64866, 2737488, 66768, 2869836, 69996, 2969343, 72423, 3097509, 75549, 3261591, 79551, 3377211, 82371, 3466140, 84540, 3678561, 89721, 3810909, 92949, 3910416, 95376, 4038582, 98502, 4202664, 102504, 4318284, 105324, 4541652, 110772, 4754073, 115953, 4886421, 119181, 5120367, 124887, 5248533, 128013, 5412615, 132015, 5662674, 138114, 5886042, 143562, 6098463, 148743, 6365250, 155250, 6599196, 160956, 6861801, 167361, 7160322, 174642, 7410381, 180741, 7633749, 186189, 7846170, 191370, 8112957, 197877, 8346903, 203583, 8609508, 209988, 8908029, 217269, 9158088, 223368, 5448, 346860, 8460, 401226, 9786, 502824, 12264, 531483, 12963, 567399, 13839, 653376, 15936, 761124, 18564, 884616, 21576, 938982, 22902, 1040580, 25380, 1069239, 26079, 1105155, 26955, 1191132, 29052, 1298880, 31680, 1422372, 34692, 1476738, 36018, 1578336, 38496, 1741434, 42474, 1911789, 46629, 1997766, 48726, 2105514, 51354, 2229006, 54366, 1326, 101598, 2478, 163098, 3978, 170355, 4155, 220416, 5376, 242187, 5907, 257931, 6291, 323244, 7884, 370476, 9036, 431976, 10536, 573672, 13992, 623733, 15213, 645504, 15744, 384, 65313, 1593, 181671, 4431, 195939, 4779, 276135, 6735, 318939, 7779, 425088, 10368, 553500, 13500, 603069, 14709, 719427, 17547, 868134, 21174, 948330, 23130, 991134, 24174, 1097283, 26763, 1225695, 29895, 1275264, 31104, 1391622, 33942, 1540329, 37569, 1620525, 39525, 1663329, 40569, 1769478, 43158, 1897890, 46290, 1947459, 47499, 2063817, 50337, 2212524, 53964, 2292720, 55920, 2469963, 60243, 2576112, 62832, 2704524, 65964, 2888532, 70452, 3004890, 73290, 3153597, 76917, 3233793, 78873, 3411036, 83196, 3517185, 85785, 3645597, 88917, 3829605, 93405, 3945963, 96243, 4094670, 99870, 4309305, 105105, 4486548, 109428, 4727136, 115296, 4855548, 118428, 5039556, 122916, 5290353, 129033, 5439060, 132660, 5653695, 137895, 5830938, 142218, 6071526, 148086, 6334377, 154497, 6518385, 158985, 6769182, 165102, 7052328, 172008, 7266963, 177243, 4323, 240588, 5868, 262851, 6411, 318447, 7767, 385236, 9396, 417585, 10185, 483513, 11793, 580560, 14160, 643905, 15705, 666168, 16248, 721764, 17604, 788553, 19233, 820902, 20022, 886830, 21630, 983877, 23997, 1047222, 25542, 1203924, 29364, 1259520, 30720, 1326309, 32349, 789, 65928, 1608, 97047, 2367, 197784, 4824, 291141, 7101, 324474, 7914, 335667, 8187, 435666, 10626, 469245, 11445, 500364, 12204, 601101, 14661, 694458, 16938, 727791, 17751, 873423, 21303, 973422, 23742, 1007001, 24561, 1038120, 25320, 1138857, 27777, 1232214, 30054, 1265547, 30867, 1411179, 34419, 1511178, 36858, 1679196, 40956, 1844754, 44994, 1945491, 47451, 2038848, 49728, 2206620, 53820, 2352252, 57372, 2452251, 59811, 2620269, 63909, 2785827, 67947, 2886564, 70404, 2979921, 72681, 3147693, 76773, 3293325, 80325, 3393324, 82764, 3561342, 86862, 3726900, 90900, 3827637, 93357, 2277, 167772, 4092, 280071, 6831, 368877, 8997, 436896, 10656, 568875, 13875, 638493, 15573, 765552, 18672, 839967, 20487, 952266, 23226, 1041072, 25392, 1109091, 27051, 1241070, 30270, 1310688, 31968, 1437747, 35067, 1512162, 36882, 1624461, 39621, 1713267, 41787, 1781286, 43446, 1913265, 46665, 1982883, 48363, 2109942, 51462, 2184357, 53277, 2296656, 56016, 2385462, 58182, 2453481, 59841, 2585460, 63060, 2655078, 64758, 2782137, 67857, 2856552, 69672, 2968851, 72411, 3057657, 74577, 3260115, 79515, 3392094, 82734, 3596151, 87711, 3723210, 90810, 3932064, 95904, 4044363, 98643, 4267608, 104088, 4470066, 109026, 4602045, 112245, 4806102, 117222, 4933161, 120321, 5142015, 125415, 5388753, 131433, 5611998, 136878, 5814456, 141816, 6080874, 148314, 6284931, 153291, 6546429, 159669, 6755283, 164763, 7002021, 170781, 7225266, 176226, 7427724, 181164, 7694142, 187662, 7898199, 192639, 8159697, 199017, 8368551, 204111, 8615289, 210129, 8838534, 215574, 9175431, 223791, 9441849, 230289, 9780345, 238545, 10041843, 244923, 10385136, 253296, 10766313, 262593, 11123997, 271317, 11460894, 279534, 11861751, 289311, 12200247, 297567, 12596184, 307224, 12939477, 315597, 13320654, 324894, 13678338, 333618, 14015235, 341835, 14416092, 351612, 14889027, 363147, 15284964, 372804, 15762696, 384456, 16278312, 397032, 16770435, 409035, 17241771, 420531, 17777067, 433587, 18250002, 445122, 18780378, 458058, 19258110, 469710, 19773726, 482286, 20265849, 494289, 20871624, 509064, 21406920, 522120, 22014294, 536934, 22679109, 553149, 23291280, 568080, 23941335, 583935, 24567897, 599217, 25173672, 613992, 25843407, 630327, 26585220, 648420, 27250035, 664635, 27996645, 682845, 28781139, 701979, 29542140, 720540, 30282354, 738594, 31086528, 758208, 31962780, 779580, 32762034, 799074, 33643083, 820563, 34562016, 842976, 35457456, 864816, 36332109, 886149, 37270722, 909042, 38281413, 933693, 22773, 1015488, 24768, 1053372, 25692, 1164318, 28398, 1277970, 31170, 1341930, 32730, 1414008, 34488, 1471449, 35889, 1553244, 37884, 924, 110946, 2706, 66, 84747, 2067, 142557, 3477, 254241, 6201, 293232, 7152, 359406, 8766, 476379, 11619, 540462, 13182, 622503, 15183, 680313, 16593, 791997, 19317, 830988, 20268, 897162, 21882, 1014135, 24735, 1078218, 26298, 1160259, 28299, 1218069, 29709, 1329753, 32433, 1368744, 33384, 1434918, 34998, 1551891, 37851, 1615974, 39414, 1698015, 41415, 1755825, 42825, 1867509, 45549, 2040939, 49779, 2107113, 51393, 2224086, 54246, 2288169, 55809, 2370210, 57810, 1410, 111684, 2724, 173430, 4230, 200613, 4893, 251412, 6132, 332961, 8121, 350919, 8559, 461127, 11247, 515001, 12561, 576747, 14067, 603930, 14730, 654729, 15969, 736278, 17958, 438, 110208, 2688, 188313, 4593, 196185, 4785, 296061, 7221, 319677, 7797, 350427, 8547, 421275, 10275, 513525, 12525, 591630, 14430, 733941, 17901, 833817, 20337, 857433, 20913, 888183, 21663, 959031, 23391, 1051281, 25641, 1129386, 27546, 1271697, 31017, 1371573, 33453, 1529628, 37308, 1694817, 41337, 1765665, 43065, 1857915, 45315, 1936020, 47220, 2078331, 50691, 2178207, 53127, 2336262, 56982, 2501451, 61011, 2572299, 62739, 2664549, 64989, 2742654, 66894, 2884965, 70365, 2984841, 72801, 3142896, 76656, 3308085, 80685, 3513372, 85692, 3605622, 87942, 3818166, 93126, 3960477, 96597, 4060353, 99033, 4218408, 102888, 4383597, 106917, 4588884, 111924, 4815573, 117453, 5028117, 122637, 5170428, 126108, 5404743, 131823, 5562798, 135678, 5727987, 139707, 5933274, 144714, 6159963, 150243, 6372507, 155427, 6649257, 162177, 6883572, 167892, 7176066, 175026, 7475694, 182334, 7680981, 187341, 7907670, 192870, 8120214, 198054, 8396964, 204804, 8631279, 210519, 8923773, 217653, 9223401, 224961, 9563127, 233247, 9924255, 242055, 10271238, 250518, 10547988, 257268, 10916742, 266262, 11209236, 273396, 11508864, 280704, 11848590, 288990, 12209718, 297798, 12556701, 306261, 12967890, 316290, 13336644, 325284, 13763577, 335697, 14197644, 346284, 14671809, 357849, 15032937, 366657, 15514359, 378399, 15925548, 388428, 16428741, 400701, 16855674, 411114, 17289741, 421701, 17763906, 433266, 18259473, 445353, 18740895, 457095, 19286523, 470403, 19789716, 482676, 20351088, 496368, 20919594, 510234, 21528198, 525078, 22158204, 540444, 22774065, 555465, 23454132, 572052, 24091764, 587604, 24787575, 604575, 25490520, 621720, 26233563, 639843, 26998008, 658488, 27748308, 676788, 28428375, 693375, 29200446, 712206, 30030696, 732456, 30868080, 752880, 31745562, 774282, 32644446, 796206, 33529185, 817785, 34478130, 840930, 35384640, 863040, 36349329, 886569, 37321152, 910272, 38333073, 934953, 39366396, 960156, 40385574, 985014, 41468958, 1011438, 42509907, 1036827, 43609035, 1063635, 44715297, 1090617, 45861657, 1118577, 47029419, 1147059, 48183036, 1175196, 49400859, 1204899, 50710686, 1236846, 52078692, 1270212, 53453832, 1303752, 54869070, 1338270, 56305710, 1373310, 57728205, 1408005, 59214906, 1444266, 35226, 1502445, 36645, 1644018, 40098, 978, 155841, 3801, 254733, 6213, 333084, 8124, 360882, 8802, 461496, 11256, 544890, 13290, 577854, 14094, 693597, 16917, 792489, 19329, 870840, 21240, 898638, 21918, 999252, 24372, 1082646, 26406, 1115610, 27210, 1231353, 30033, 1330245, 32445, 1408596, 34356, 1570833, 38313, 1671447, 40767, 1754841, 42801, 1922244, 46884, 2037987, 49707, 2136879, 52119, 2215230, 54030, 2377467, 57987, 2478081, 60441, 2561475, 62475, 2728878, 66558, 2844621, 69381, 2943513, 71793, 3021864, 73704, 3184101, 77661, 3284715, 80115, 3368109, 82149, 3535512, 86232, 3651255, 89055, 3750147, 91467, 3962937, 96657, 4125174, 100614, 2454, 217833, 5313, 301842, 7362, 384621, 9381, 502209, 12249, 616107, 15027, 699993, 17073, 772809, 18849, 890028, 21708, 974037, 23757, 1056816, 25776, 1174404, 28644, 1288302, 31422, 1372188, 33468, 1445004, 35244, 1562223, 38103, 1646232, 40152, 1729011, 42171, 1846599, 45039, 1960497, 47817, 2044383, 49863, 2117199, 51639, 2234418, 54498, 2318427, 56547, 2401206, 58566, 2518794, 61434, 2632692, 64212, 2716578, 66258, 2789394, 68034, 2906613, 70893, 2990622, 72942, 3073401, 74961, 3190989, 77829, 3304887, 80607, 3388773, 82653, 3596028, 87708, 3713247, 90567, 3931695, 95895, 4148913, 101193, 4266501, 104061, 4380399, 106839, 4598724, 112164, 4805979, 117219, 2859, 218448, 5328, 351657, 8577, 386466, 9426, 517215, 12615, 621642, 15162, 745011, 18171, 789414, 19254, 890643, 21723, 1023852, 24972, 1058661, 25821, 1189410, 29010, 1293837, 31557, 1417206, 34566, 1461609, 35649, 1562838, 38118, 1696047, 41367, 1865295, 45495, 1996044, 48684, 2100471, 51231, 2223840, 54240, 2402682, 58602, 2503911, 61071, 2637120, 64320, 2806368, 68448, 2937117, 71637, 3041544, 74184, 3164913, 77193, 3343755, 81555, 3444984, 84024, 3578193, 87273, 3747441, 91401, 3878190, 94590, 3982617, 97137, 4105986, 100146, 4284828, 104508, 4520496, 110256, 4653705, 113505, 4822953, 117633, 4953702, 120822, 5192568, 126648, 5450376, 132936, 5629218, 137298, 5864886, 143046, 6132534, 149574, 6301782, 153702, 6566970, 160170, 6805836, 165996, 7063644, 172284, 7242486, 176646, 7478154, 182394, 7745802, 188922, 8049489, 196329, 8314677, 202797, 8553543, 208623, 8811351, 214911, 9124632, 222552, 9360300, 228300, 9627948, 234828, 9931635, 242235, 10196823, 248703, 10570128, 257808, 6288, 313281, 7641, 370107, 9027, 402087, 9807, 438126, 10686, 534066, 13026, 642183, 15663, 661125, 16125, 716598, 17478, 773424, 18864, 805404, 19644, 841443, 20523, 937383, 22863, 1045500, 25500, 1198881, 29241, 1254354, 30594, 1311180, 31980, 780, 36039, 879, 95940, 2340, 108117, 2637, 153381, 3741, 189912, 4632, 325704, 7944, 435297, 10617, 573795, 13995, 633696, 15456, 780312, 19032, 825576, 20136, 862107, 21027, 997899, 24339, 1107492, 27012, 1245990, 30390, 1305891, 31851, 1452507, 35427, 1497771, 36531, 891, 135792, 3312, 244032, 5952, 272937, 6657, 328779, 8019, 415494, 10134, 448581, 10941, 574287, 14007, 673548, 16428, 781788, 19068, 810693, 19773, 866535, 21135, 953250, 23250, 986337, 24057, 1112043, 27123, 1211304, 29544, 1319544, 32184, 1482888, 36168, 1538730, 37530, 1625445, 39645, 1792971, 43731, 1918677, 46797, 2017938, 49218, 2126178, 51858, 2289522, 55842, 1362, 86715, 2115, 167526, 4086, 260145, 6345, 368139, 8979, 219, 55104, 1344, 161376, 3936, 96, 49938, 1218, 146247, 3567, 87, 20049, 489, 145140, 3540, 194586, 4746, 300981, 7341, 314880, 7680, 365187, 8907, 406884, 9924, 423366, 10326, 548457, 13377, 597903, 14583, 704298, 17178, 852636, 20796, 902943, 22023, 944640, 23040, 1095561, 26721, 1220652, 29772, 1270098, 30978, 1376493, 33573, 1524831, 37191, 1575138, 38418, 1616835, 39435, 1767756, 43116, 1892847, 46167, 1942293, 47373, 2048688, 49968, 2197026, 53586, 2381772, 58092, 2557908, 62388, 2708829, 66069, 2833920, 69120, 3017805, 73605, 3124200, 76200, 3272538, 79818, 3457284, 84324, 3633420, 88620, 3784341, 92301, 3909432, 95352, 4093317, 99837, 4199712, 102432, 4348050, 106050, 4532796, 110556, 4708932, 114852, 4859853, 118533, 4984944, 121584, 5168829, 126069, 5409663, 131943, 5558001, 135561, 5742747, 140067, 5918883, 144363, 6069804, 148044, 6329334, 154374, 6513219, 158859, 6754053, 164733, 7036830, 171630, 7221576, 176136, 4296, 285360, 6960, 393969, 9609, 452763, 11043, 509712, 12432, 551655, 13455, 588063, 14343, 713892, 17412, 823116, 20076, 931725, 22725, 990519, 24159, 1047468, 25548, 1089411, 26571, 1125819, 27459, 1251648, 30528, 1360872, 33192, 1469481, 35841, 1528275, 37275, 1585224, 38664, 1627167, 39687, 1798014, 43854, 1923843, 46923, 2033067, 49587, 2141676, 52236, 2200470, 53670, 2257419, 55059, 2433801, 59361, 2604648, 63528, 2730477, 66597, 2839701, 69261, 2948310, 71910, 3141543, 76623, 3332931, 81291, 3509313, 85593, 3680160, 89760, 3805989, 92829, 3915213, 95493, 4023822, 98142, 4217055, 102855, 4408443, 107523, 4584825, 111825, 4755672, 115992, 4881501, 119061, 5125164, 125004, 5368212, 130932, 5561445, 135645, 5752833, 140313, 5929215, 144615, 6100062, 148782, 6360330, 155130, 6603993, 161073, 6847041, 167001, 7040274, 171714, 7231662, 176382, 4302, 305286, 7446, 394707, 9627, 512541, 12501, 646365, 15765, 730989, 17829, 863583, 21063, 983016, 23976, 1111920, 27120, 1201341, 29301, 1319175, 32175, 1452999, 35439, 1537623, 37503, 1670217, 40737, 1789650, 43650, 1918554, 46794, 2007975, 48975, 2125809, 51849, 2259633, 55113, 2344257, 57177, 2476851, 60411, 2596284, 63324, 2725188, 66468, 2814609, 68649, 2932443, 71523, 3066267, 74787, 3150891, 76851, 3283485, 80085, 3402918, 82998, 3531822, 86142, 3621243, 88323, 3739077, 91197, 3872901, 94461, 4091964, 99804, 4224558, 103038, 4343991, 105951, 4472895, 109095, 4696755, 114555, 4814589, 117429, 4948413, 120693, 5167476, 126036, 5300070, 129270, 5553942, 135462, 5817285, 141885, 6041145, 147345, 6293418, 153498, 6561681, 160041, 6780744, 165384, 7047777, 171897, 7301649, 178089, 7564992, 184512, 7788852, 189972, 8041125, 196125, 8309388, 202668, 8528451, 208011, 8795484, 214524, 9049356, 220716, 9312699, 227139, 9670998, 235878, 9923271, 242031, 10191534, 248574, 10545036, 257196, 10812069, 263709, 11200380, 273180, 11598162, 282882, 11956461, 291621, 12343173, 301053, 12745875, 310875, 13099377, 319497, 13500849, 329289, 13889160, 338760, 14286942, 348462, 14645241, 357201, 15031953, 366633, 15434655, 376455, 15922596, 388356, 16324068, 398148, 16846818, 410898, 17379039, 423879, 17871777, 435897, 18392928, 448608, 18930069, 461709, 19418010, 473610, 19953921, 486681, 20476671, 499431, 21008892, 512412, 21636069, 527709, 22291659, 543699, 22963239, 560079, 23585619, 575259, 24255969, 591609, 24913158, 607638, 25579818, 623898, 26206995, 639195, 26862585, 655185, 27534165, 671565, 28290984, 690024, 29095773, 709653, 29887401, 728961, 30688500, 748500, 31450116, 767076, 32240145, 786345, 33046164, 806004, 33937422, 827742, 34876650, 850650, 35802717, 873237, 36738255, 896055, 21855, 924468, 22548, 1074897, 26217, 1160136, 28296, 1208106, 29466, 1329384, 32424, 1473294, 35934, 1568250, 38250, 1731102, 42222, 1881531, 45891, 1966770, 47970, 1170, 121278, 2958, 143910, 3510, 229395, 5595, 297291, 7251, 419307, 10227, 488556, 11916, 585726, 14286, 659034, 16074, 681666, 16626, 767151, 18711, 835047, 20367, 957063, 23343, 1026312, 25032, 1123482, 27402, 1196790, 29190, 1353861, 33021, 1439346, 35106, 1507242, 36762, 1629258, 39738, 1698507, 41427, 1795677, 43797, 1868985, 45585, 2026056, 49416, 2111541, 51501, 2179437, 53157, 2301453, 56133, 2370702, 57822, 2467872, 60192, 2541180, 61980, 2698251, 65811, 2783736, 67896, 1656, 122016, 2976, 203688, 4968, 231609, 5649, 342186, 8346, 425949, 10389, 488802, 11922, 605652, 14772, 659772, 16092, 741444, 18084, 769365, 18765, 879942, 21462, 963705, 23505, 1026558, 25038, 1143408, 27888, 1197528, 29208, 1279200, 31200, 1441560, 35160, 1552137, 37857, 1635900, 39900, 1698753, 41433, 1815603, 44283, 1869723, 45603, 1951395, 47595, 2113755, 51555, 2224332, 54252, 2308095, 56295, 2370948, 57828, 2487798, 60678, 2676357, 65277, 2758029, 67269, 2920389, 71229, 3030966, 73926, 3114729, 75969, 3312021, 80781, 3428871, 83631, 3617430, 88230, 3833541, 93501, 3995901, 97461, 4106478, 100158, 4324680, 105480, 4521972, 110292, 4638822, 113142, 4827381, 117741, 5043492, 123012, 5205852, 126972, 5450868, 132948, 5669070, 138270, 5866362, 143082, 6117651, 149211, 6306210, 153810, 6522321, 159081, 6684681, 163041, 6929697, 169017, 7147899, 174339, 7345191, 179151, 7596480, 185280, 7785039, 189879, 8001150, 195150, 8297949, 202389, 8542965, 208365, 8761167, 213687, 9092898, 221778, 9344187, 227907, 9667185, 235785, 10017735, 244335, 10314534, 251574, 10693989, 260829, 11046630, 269430, 11378361, 277521, 11764089, 286929, 12087087, 294807, 12437637, 303357, 12868875, 313875, 13248330, 323130, 13600971, 331731, 8091, 385728, 9408, 457437, 11157, 484989, 11829, 565677, 13797, 648333, 15813, 755958, 18438, 869487, 21207, 923484, 22524, 995193, 24273, 1022745, 24945, 1103433, 26913, 1186089, 28929, 1293714, 31554, 1407243, 34323, 1461240, 35640, 1532949, 37389, 1694940, 41340, 1775628, 43308, 1858284, 45324, 1965909, 47949, 2079438, 50718, 2133435, 52035, 2205144, 53784, 2367135, 57735, 2447823, 59703, 2530479, 61719, 2638104, 64344, 2751633, 67113, 2940069, 71709, 1749, 161991, 3951, 215127, 5247, 351534, 8574, 376503, 9183, 516846, 12606, 591753, 14433, 609465, 14865, 699747, 17067, 752883, 18363, 889290, 21690, 914259, 22299, 1054602, 25722, 1129509, 27549, 1281660, 31260, 1371942, 33462, 1425078, 34758, 1561485, 38085, 1720893, 41973, 1861236, 45396, 1936143, 47223, 2088294, 50934, 2178576, 53136, 1296, 136407, 3327, 159408, 3888, 274782, 6702, 343785, 8385, 421029, 10269, 493599, 12039, 590892, 14412, 674163, 16443, 697164, 17004, 812538, 19818, 881541, 21501, 958785, 23385, 1031355, 25155, 1128648, 27528, 1211919, 29559, 1369359, 33399, 1484733, 36213, 1553736, 37896, 1630980, 39780, 1703550, 41550, 1800843, 43923, 1884114, 45954, 2041554, 49794, 2156928, 52608, 2225931, 54291, 2303175, 56175, 2375745, 57945, 2473038, 60318, 2556309, 62349, 2713749, 66189, 2829123, 69003, 1683, 77244, 1884, 207009, 5049, 231732, 5652, 352149, 8589, 426318, 10398, 518691, 12651, 606759, 14799, 749439, 18279, 879204, 21444, 903927, 22047, 1024344, 24984, 1098513, 26793, 1190886, 29046, 1278954, 31194, 1421634, 34674, 1551399, 37839, 1710561, 41721, 1830978, 44658, 1905147, 46467, 1997520, 48720, 2085588, 50868, 2228268, 54348, 2358033, 57513, 2517195, 61395, 2637612, 64332, 2711781, 66141, 2804154, 68394, 2892222, 70542, 3034902, 74022, 3164667, 77187, 3323829, 81069, 3444246, 84006, 3652854, 89094, 3745227, 91347, 3967734, 96774, 4110414, 100254, 4240179, 103419, 4399341, 107301, 4519758, 110238, 4728366, 115326, 4955178, 120858, 5177685, 126285, 5320365, 129765, 3165, 159162, 3882, 254856, 6216, 343047, 8367, 361251, 8811, 491385, 11985, 545997, 13317, 667521, 16281, 696918, 16998, 792612, 19332, 880803, 21483, 1033446, 25206, 1163580, 28380, 1218192, 29712, 1339716, 32676, 1503552, 36672, 1599246, 39006, 1687437, 41157, 1840080, 44880, 1970214, 48054, 2024826, 49386, 2146350, 52350, 2310186, 56346, 2405880, 58680, 2494071, 60831, 2646714, 64554, 2776848, 67728, 2965899, 72339, 3087423, 75303, 3251259, 79299, 3346953, 81633, 3435144, 83784, 3587787, 87507, 3717921, 90681, 3906972, 95292, 4028496, 98256, 4192332, 102252, 4422465, 107865, 4645095, 113295, 4797738, 117018, 4927872, 120192, 5116923, 124803, 5372886, 131046, 5536722, 135042, 5766855, 140655, 5989485, 146085, 6142128, 149808, 6406701, 156261, 6595752, 160872, 6851715, 167115, 7149990, 174390, 7380123, 180003, 7602753, 185433, 7889835, 192435, 8154408, 198888, 8477898, 206778, 8733861, 213021, 9032136, 220296, 9262269, 225909, 9619338, 234618, 9906420, 241620, 10170993, 248073, 10494483, 255963, 6243, 298275, 7275, 364572, 8892, 491508, 11988, 555960, 13560, 667890, 16290, 726807, 17727, 793719, 19359, 836031, 20391, 902328, 22008, 1029264, 25104, 1093716, 26676, 1205646, 29406, 1264563, 30843, 1331475, 32475, 1373787, 33507, 1440084, 35124, 1567020, 38220, 1631472, 39792, 1743402, 42522, 1802319, 43959, 1869231, 45591, 2045982, 49902, 2112279, 51519, 2239215, 54615, 2303667, 56187, 2415597, 58917, 1437, 66912, 1632, 176751, 4311, 200736, 4896, 261375, 6375, 333330, 8130, 380808, 9288, 462234, 11274, 604668, 14748, 714507, 17427, 738492, 18012, 799131, 19491, 871086, 21246, 918564, 22404, 999990, 24390, 1142424, 27864, 1252263, 30543, 1410687, 34407, 1471326, 35886, 1543281, 37641, 1590759, 38799, 1672185, 40785, 1814619, 44259, 1924458, 46938, 2082882, 50802, 2143521, 52281, 2215476, 54036, 2397393, 58473, 2478819, 60459, 2621253, 63933, 2731092, 66612, 2889516, 70476, 3084594, 75234, 3290988, 80268, 3472905, 84705, 3688770, 89970, 3831204, 93444, 3941043, 96123, 4099467, 99987, 4294545, 104745, 4500939, 109779, 4682856, 114216, 4898721, 119481, 5041155, 122955, 5285433, 128913, 5443857, 132777, 5638935, 137535, 5845329, 142569, 6027246, 147006, 6243111, 152271, 6519984, 159024, 6764262, 164982, 7057125, 172125, 7252203, 176883, 7458597, 181917, 4437, 215865, 5265, 276873, 6753, 378717, 9237, 427302, 10422, 463956, 11316, 276, 109962, 2682, 168387, 4107, 195447, 4767, 236283, 5763, 317463, 7743, 439971, 10731, 549072, 13392, 647718, 15798, 706143, 17223, 733203, 17883, 774039, 18879, 855219, 20859, 977727, 23847, 1086828, 26508, 1185474, 28914, 1243899, 30339, 1405398, 34278, 1446234, 35274, 1527414, 37254, 1649922, 40242, 1759023, 42903, 1857669, 45309, 1916094, 46734, 2077593, 50673, 2252868, 54948, 2334048, 56928, 2456556, 59916, 2565657, 62577, 2664303, 64983, 2857167, 69687, 3018666, 73626, 3193941, 77901, 3275121, 79881, 3397629, 82869, 3506730, 85530, 3605376, 87936, 3798240, 92640, 3959739, 96579, 4135014, 100854, 4350633, 106113, 4473141, 109101, 2661, 233085, 5685, 327303, 7983, 430377, 10497, 444153, 10833, 484497, 11817, 525825, 12825, 646857, 15777, 770841, 18801, 865059, 21099, 968133, 23613, 1116348, 27228, 1156692, 28212, 1198020, 29220, 1319052, 32172, 1443036, 35196, 1537254, 37494, 1640328, 40008, 1788543, 43623, 1963326, 47886, 2139093, 52173, 2260125, 55125, 2384109, 58149, 2478327, 60447, 2581401, 62961, 2729616, 66576, 2904399, 70839, 3080166, 75126, 3201198, 78078, 3325182, 81102, 3419400, 83400, 3522474, 85914, 3670689, 89529, 3845472, 93792, 4021239, 98079, 4142271, 101031, 4266255, 104055, 4494912, 109632, 4732425, 115425, 4880640, 119040, 5055423, 123303, 5231190, 127590, 5486661, 133821, 5745084, 140124, 5973741, 145701, 6211254, 151494, 6493908, 158388, 6668691, 162651, 6844458, 166938, 7099929, 173169, 7358352, 179472, 7587009, 185049, 7824522, 190842, 8107176, 197736, 8416398, 205278, 8726604, 212844, 8982075, 219075, 9240498, 225378, 9469155, 230955, 9706668, 236748, 9989322, 243642, 10298544, 251184, 10608750, 258750, 10998660, 268260, 11391522, 277842, 11754618, 286698, 12126570, 295770, 12543663, 305943, 12852885, 313485, 13297530, 324330, 13687440, 333840, 14080302, 343422, 14443398, 352278, 14815350, 361350, 15232443, 371523, 15676104, 382344, 16120749, 393189, 16645098, 405978, 17172399, 418839, 17669934, 430974, 18176325, 443325, 18727857, 456777, 19305957, 470877, 19885041, 485001, 20409390, 497790, 20936691, 510651, 21568665, 526065, 22209495, 541695, 22761027, 555147, 23339127, 569247, 23918211, 583371, 24576999, 599439, 25238739, 615579, 25870713, 630993, 26511543, 646623, 27197514, 663354, 27910053, 680733, 28623576, 698136, 29416803, 717483, 30212982, 736902, 30979395, 755595, 31754664, 774504, 32575074, 794514, 33422052, 815172, 34270014, 835854, 35197680, 858480, 36128298, 881178, 37029150, 903150, 37938858, 925338, 38893707, 948627, 39875124, 972564, 40857525, 996525, 41919630, 1022430, 42984687, 1048407, 44154417, 1076937, 45333003, 1105683, 46556730, 1135530, 47807025, 1166025, 49058304, 1196544, 29184, 1333935, 32535, 1438608, 35088, 1581903, 38583, 1627044, 39684, 1788051, 43611, 1923474, 46914, 2003178, 48858, 2140569, 52209, 2245242, 54762, 2388537, 58257, 2568117, 62637, 2729124, 66564, 2864547, 69867, 2944251, 71811, 3081642, 75162, 3186315, 77715, 3329610, 81210, 3509190, 85590, 3670197, 89517, 3805620, 92820, 4019763, 98043, 4157154, 101394, 4261827, 103947, 4405122, 107442, 4584702, 111822, 4745709, 115749, 4881132, 119052, 5095275, 124275, 5232666, 127626, 5471778, 133458, 5615073, 136953, 5794653, 141333, 5955660, 145260, 6225522, 151842, 6439665, 157065, 6711495, 163695, 6950607, 169527, 7228341, 176301, 7407921, 180681, 7703367, 187887, 7973229, 194469, 8187372, 199692, 8459202, 206322, 8698314, 212154, 8976048, 218928, 9290067, 226587, 9585513, 233793, 9855375, 240375, 10203957, 248877, 10475787, 255507, 10849338, 264618, 11127072, 271392, 11441091, 279051, 11736537, 286257, 12140838, 296118, 12489420, 304620, 12895689, 314529, 13269240, 323640, 13681413, 333693, 14129871, 344631, 14559756, 355116, 14964057, 364977, 15447078, 376758, 15853347, 386667, 16361337, 399057, 16773510, 409110, 17221968, 420048, 17651853, 430533, 18190593, 443673, 18673614, 455454, 19214322, 468642, 19722312, 481032, 20268924, 494364, 20851821, 508581, 21416145, 522345, 21954885, 535485, 22572345, 550545, 23247492, 567012, 23889921, 582681, 24570972, 599292, 25288308, 616788, 25987071, 633831, 26660250, 650250, 27412149, 668589, 28087296, 685056, 28864164, 704004, 29679654, 723894, 30531429, 744669, 31364631, 764991, 32172249, 784689, 33058587, 806307, 33868173, 826053, 34779480, 848280, 35729409, 871449, 36715623, 895503, 37683264, 919104, 38625321, 942081, 39646098, 966978, 40724562, 993282, 41770308, 1018788, 42854676, 1045236, 43975329, 1072569, 45077409, 1099449, 46288344, 1128984, 47443560, 1157160, 48656463, 1186743, 49971087, 1218807, 29727, 1255092, 30612, 1370958, 33438, 1479813, 36093, 1558533, 38013, 1616220, 39420, 1717941, 41901, 1891002, 46122, 2061726, 50286, 2177592, 53112, 2286447, 55767, 2365167, 57687, 1407, 101721, 2481, 173061, 4221, 305163, 7443, 384744, 9384, 512172, 12492, 616476, 15036, 729882, 17802, 773916, 18876, 845256, 20616, 977358, 23838, 1056939, 25779, 1184367, 28887, 1288671, 31431, 1402077, 34197, 1446111, 35271, 1517451, 37011, 1649553, 40233, 1729134, 42174, 1856562, 45282, 1960866, 47826, 2074272, 50592, 2252745, 54945, 2324085, 56685, 2456187, 59907, 2535768, 61848, 2663196, 64956, 2767500, 67500, 2880906, 70266, 3059379, 74619, 3265158, 79638, 3397260, 82860, 3611280, 88080, 3738708, 91188, 3843012, 93732, 3956418, 96498, 4134891, 100851, 4340670, 105870, 4472772, 109092, 4686792, 114312, 4814220, 117420, 5052963, 123243, 5300808, 129288, 5479281, 133641, 5685060, 138660, 5951601, 145161, 6165621, 150381, 6427488, 156768, 6666231, 162591, 6914076, 168636, 7092549, 172989, 7298328, 178008, 7564869, 184509, 7778889, 189729, 8040756, 196116, 8279499, 201939, 8527344, 207984, 8840256, 215616, 9180474, 223914, 9447015, 230415, 9795474, 238914, 10057341, 245301, 10430523, 254403, 10812807, 263727, 11125719, 271359, 11465937, 279657, 11866917, 289437, 12215376, 297936, 12611682, 307602, 12984864, 316704, 13367148, 326028, 13814499, 336939, 14154717, 345237, 14555697, 355017, 15038595, 366795, 15434901, 376461, 15942522, 388842, 16459245, 401445, 16906596, 412356, 17381253, 423933, 17916672, 436992, 18399570, 448770, 18930315, 461715, 19437936, 474096, 19954659, 486699, 20536449, 500889, 21145545, 515745, 21680964, 528804, 22298301, 543861, 22963485, 560085, 23605545, 575745, 24256707, 591627, 24972936, 609096, 14856, 669858, 16338, 751776, 18336, 799623, 19503, 910938, 22218, 1054479, 25719, 1119546, 27306, 666, 60762, 1482, 81918, 1998, 182286, 4446, 245754, 5994, 277980, 6780, 333945, 8145, 430623, 10503, 464079, 11319, 485235, 11835, 585603, 14283, 649071, 15831, 681297, 16617, 737262, 17982, 833940, 20340, 867396, 21156, 516, 100368, 2448, 197907, 4827, 301104, 7344, 324843, 7923, 365556, 8916, 436773, 10653, 558912, 13632, 638124, 15564, 735663, 17943, 838860, 20460, 862599, 21039, 903312, 22032, 974529, 23769, 1096668, 26748, 1175880, 28680, 1273419, 31059, 1376616, 33576, 1534794, 37434, 1575507, 38427, 1646724, 40164, 1768863, 43143, 1848075, 45075, 1945614, 47454, 2048811, 49971, 2206989, 53829, 2382141, 58101, 2453358, 59838, 2575497, 62817, 2654709, 64749, 2752248, 67128, 2855445, 69645, 3013623, 73503, 3188775, 77775, 3394431, 82791, 3516570, 85770, 3730221, 90981, 3827760, 93360, 3930957, 95877, 4089135, 99735, 4264287, 104007, 4469943, 109023, 4592082, 112002, 4805733, 117213, 5037711, 122871, 5275347, 128667, 5433525, 132525, 5608677, 136797, 5814333, 141813, 6070911, 148071, 6284562, 153282, 6516540, 158940, 6754176, 164736, 7046793, 171873, 7221945, 176145, 7427601, 181161, 7684179, 187419, 7897830, 192630, 8129808, 198288, 8367444, 204084, 8660061, 211221, 8969652, 218772, 9309747, 227067, 9566325, 233325, 9914415, 241815, 10280832, 250752, 10652907, 259827, 10945524, 266964, 11255115, 274515, 11595210, 282810, 11986227, 292347, 12334317, 300837, 12700734, 309774, 13072809, 318849, 13499865, 329265, 13943895, 340095, 8295, 391017, 9537, 482529, 11769, 500856, 12216, 640953, 15633, 695934, 16974, 414, 30504, 744, 50922, 1242, 91512, 2232, 152766, 3726, 274536, 6696, 323859, 7899, 420291, 10251, 433821, 10581, 454239, 11079, 494829, 12069, 556083, 13563, 677853, 16533, 727176, 17736, 823608, 20088, 971577, 23697, 1126434, 27474, 1167024, 28464, 1228278, 29958, 1350048, 32928, 1399371, 34131, 1495803, 36483, 1643772, 40092, 1798629, 43869, 1973658, 48138, 2034912, 49632, 2156682, 52602, 2340444, 57084, 2436876, 59436, 2584845, 63045, 2739702, 66822, 2914731, 71091, 3110424, 75864, 3232194, 78834, 3415956, 83316, 3512388, 85668, 3660357, 89277, 3815214, 93054, 3990243, 97323, 4185936, 102096, 4307706, 105066, 4491468, 109548, 4722339, 115179, 4870308, 118788, 5025165, 122565, 5200194, 126834, 5395887, 131607, 5652096, 137856, 5835858, 142338, 6066729, 147969, 3609, 154857, 3777, 175029, 4269, 195693, 4773, 256209, 6249, 318201, 7761, 365310, 8910, 416847, 10167, 558174, 13614, 578346, 14106, 599010, 14610, 659526, 16086, 721518, 17598, 768627, 18747, 820164, 20004, 961491, 23451, 1116102, 27222, 1271205, 31005, 1331721, 32481, 1393713, 33993, 1440822, 35142, 1492359, 36399, 1633686, 39846, 1788297, 43617, 1943400, 47400, 2003916, 48876, 2065908, 50388, 2247456, 54816, 2433432, 59352, 2574759, 62799, 2729370, 66570, 2884473, 70353, 3079428, 75108, 3275859, 79899, 3457407, 84327, 3643383, 88863, 3784710, 92310, 3939321, 96081, 4094424, 99864, 4289379, 104619, 4485810, 109410, 4667358, 113838, 4853334, 118374, 4994661, 121821, 5149272, 125592, 5304375, 129375, 5499330, 134130, 5695761, 138921, 5877309, 143349, 6063285, 147885, 6339051, 154611, 3771, 289542, 7062, 329394, 8034, 465309, 11349, 584865, 14265, 723732, 17652, 813522, 19842, 961245, 23445, 1096176, 26736, 1136028, 27708, 1271943, 31023, 1391499, 33939, 1530366, 37326, 1620156, 39516, 1767879, 43119, 1902810, 46410, 2077101, 50661, 2213016, 53976, 2332572, 56892, 2471439, 60279, 2561229, 62469, 2708952, 66072, 2843883, 69363, 3018174, 73614, 3154089, 76929, 3273645, 79845, 3412512, 83232, 3502302, 85422, 3650025, 89025, 3784956, 92316, 3959247, 96567, 4095162, 99882, 4214718, 102798, 4353585, 106185, 4577814, 111654, 4725537, 115257, 4860468, 118548, 5034759, 122799, 5170674, 126114, 5424669, 132309, 5563536, 135696, 5787765, 141165, 5935488, 144768, 6204858, 151338, 6379149, 155589, 6649503, 162183, 6903498, 168378, 7176804, 175044, 7401033, 180513, 7683195, 187395, 7952565, 193965, 8261295, 201495, 8531649, 208089, 8785644, 214284, 9058950, 220950, 9283179, 226419, 9565341, 233301, 9834711, 239871, 10143441, 247401, 10413795, 253995, 6195, 273306, 6666, 358668, 8748, 416601, 10161, 538248, 13128, 577608, 14088, 673671, 16431, 791751, 19311, 471, 85362, 2082, 192372, 4692, 256086, 6246, 308238, 7518, 364941, 8901, 386958, 9438, 422628, 10308, 488679, 11919, 595689, 14529, 659403, 16083, 711555, 17355, 768258, 18738, 790275, 19275, 825945, 20145, 891996, 21756, 999006, 24366, 1062720, 25920, 1114872, 27192, 1171575, 28575, 1328031, 32391, 1363701, 33261, 1429752, 34872, 1536762, 37482, 1600476, 39036, 1652628, 40308, 1709331, 41691, 1865787, 45507, 2035896, 49656, 2101947, 51267, 2208957, 53877, 2272671, 55431, 2459262, 59982, 2650404, 64644, 2806860, 68460, 2976969, 72609, 3177459, 77499, 3284469, 80109, 3482622, 84942, 3669213, 89493, 3860355, 94155, 4016811, 97971, 4186920, 102120, 4387410, 107010, 2610, 198153, 4833, 321030, 7830, 460020, 11220, 559773, 13653, 333, 30381, 741, 40959, 999, 91143, 2223, 122877, 2997, 138990, 3390, 234192, 5712, 282531, 6891, 299259, 7299, 309837, 7557, 360021, 8781, 391755, 9555, 407868, 9948, 503070, 12270, 551409, 13449, 568137, 13857, 713154, 17394, 763338, 18618, 795072, 19392, 945624, 23064, 1040826, 25386, 1089165, 26565, 1240332, 30252, 1385349, 33789, 1435533, 35013, 1601706, 39066, 1752258, 42738, 1847460, 45060, 1895799, 46239, 2046966, 49926, 2191983, 53463, 2376606, 57966, 2542779, 62019, 2693331, 65691, 2788533, 68013, 2971311, 72471, 3122478, 76158, 3267495, 79695, 3452118, 84198, 3618291, 88251, 3768843, 91923, 3864045, 94245, 4046823, 98703, 4197990, 102390, 4343007, 105927, 4527630, 110430, 4693803, 114483, 4844355, 118155, 5073996, 123756, 5256774, 128214, 5407941, 131901, 5552958, 135438, 5737581, 139941, 5903754, 143994, 6054306, 147666, 6283947, 153267, 6466725, 157725, 6752331, 164691, 7031787, 171507, 7216410, 176010, 7517022, 183342, 7802013, 190293, 8031654, 195894, 8348871, 203631, 8634477, 210597, 8913933, 217413, 9232995, 225195, 9533607, 232527, 9818598, 239478, 10182678, 248358, 10499895, 256095, 10785501, 263061, 11064957, 269877, 11384019, 277659, 11684631, 284991, 6951, 364080, 8880, 451656, 11016, 554484, 13524, 682773, 16653, 722379, 17619, 838368, 20448, 957186, 23346, 1036275, 25275, 1123851, 27411, 1226679, 29919, 1354968, 33048, 1394574, 34014, 1510563, 36843, 1629381, 39741, 1708470, 41670, 1796046, 43806, 1898874, 46314, 2027163, 49443, 2201208, 53688, 2317197, 56517, 2436015, 59415, 2515104, 61344, 2602680, 63480, 2705508, 65988, 2833797, 69117, 3007842, 73362, 3123831, 76191, 3242649, 79089, 1929, 87576, 2136, 102828, 2508, 128289, 3129, 174045, 4245, 250428, 6108, 387696, 9456, 482406, 11766, 625332, 15252, 372, 25461, 621, 45756, 1116, 76383, 1863, 137268, 3348, 229149, 5589, 277365, 6765, 165, 10209, 249, 20295, 495, 30627, 747, 60885, 1485, 91881, 2241, 182655, 4455, 275643, 6723, 413526, 10086, 246, 6, 19926, 486, 135177, 3297, 194217, 4737, 271092, 6612, 313773, 7653, 409959, 9999, 538002, 13122, 557682, 13602, 672933, 16413, 731973, 17853, 808848, 19728, 851529, 20769, 947715, 23115, 1075758, 26238, 1229877, 29997, 1345128, 32808, 1404168, 34248, 1481043, 36123, 1523724, 37164, 1619910, 39510, 1747953, 42633, 1902072, 46392, 2017323, 49203, 2076363, 50643, 2153238, 52518, 2330358, 56838, 2426544, 59184, 2554587, 62307, 2708706, 66066, 2823957, 68877, 3017436, 73596, 3094311, 75471, 3271431, 79791, 3367617, 82137, 3495660, 85260, 3649779, 89019, 3765030, 91830, 3958509, 96549, 4169823, 101703, 4346943, 106023, 4577568, 111648, 4705611, 114771, 4859730, 118530, 5109420, 124620, 5302899, 129339, 5514213, 134493, 5691333, 138813, 5921958, 144438, 6184440, 150840, 6338559, 154599, 6588249, 160689, 6781728, 165408, 6993042, 170562, 7170162, 174882, 7400787, 180507, 7663269, 186909, 7951827, 193947, 8201517, 200037, 8529435, 208035, 8740749, 213189, 9052308, 220788, 9282933, 226413, 9545415, 232815, 9833973, 239853, 10083663, 245943, 10411581, 253941, 10757334, 262374, 11068893, 269973, 11433957, 278877, 11830878, 288558, 7038, 384129, 9369, 462357, 11277, 480192, 11712, 580437, 14157, 633942, 15462, 665799, 16239, 691875, 16875, 787446, 19206, 865674, 21114, 1017948, 24828, 1118193, 27273, 1171698, 28578, 1203555, 29355, 1364070, 33270, 1459641, 35601, 1537869, 37509, 1690143, 41223, 1790388, 43668, 1843893, 44973, 2010189, 49029, 2170704, 52944, 2266275, 55275, 2344503, 57183, 2496777, 60897, 2597022, 63342, 2784966, 67926, 2951262, 71982, 3111777, 75897, 3207348, 78228, 1908, 152274, 3714, 234684, 5724, 322383, 7863, 435174, 10614, 563832, 13752, 633327, 15447, 750423, 18303, 824469, 20109, 906879, 22119, 994578, 24258, 1107369, 27009, 1236027, 30147, 1305522, 31842, 1422618, 34698, 1496664, 36504, 1579074, 38514, 1666773, 40653, 1779564, 43404, 1908222, 46542, 1977717, 48237, 2094813, 51093, 2168859, 52899, 2251269, 54909, 2338968, 57048, 2451759, 59799, 2580417, 62937, 2649912, 64632, 2767008, 67488, 2841054, 69294, 2923464, 71304, 3011163, 73443, 3123954, 76194, 3252612, 79332, 3456546, 84306, 3573642, 87162, 3782127, 92247, 3998976, 97536, 4221114, 102954, 4333905, 105705, 4462563, 108843, 4666497, 113817, 4783593, 116673, 4992078, 121758, 5208927, 127047, 5431065, 132465, 5678295, 138495, 5941392, 144912, 6145326, 149886, 6396861, 156021, 6605346, 161106, 6822195, 166395, 7044333, 171813, 7291563, 177843, 7554660, 184260, 7758594, 189234, 8010129, 195369, 8218614, 200454, 8435463, 205743, 8657601, 211161, 8904831, 217191, 9167928, 223608, 9506301, 231861, 9757836, 237996, 10100760, 246360, 10452048, 254928, 10808625, 263625, 11190294, 272934, 11587830, 282630, 11926203, 290883, 12312177, 300297, 12655101, 308661, 13006389, 317229, 13362966, 325926, 13744635, 335235, 14142171, 344931, 14614983, 356463, 15000957, 365877, 15478320, 377520, 15964047, 389367, 16455063, 401343, 16971171, 413931, 17503146, 426906, 17975958, 438438, 18496371, 451131, 18973734, 462774, 19459461, 474621, 19950477, 486597, 20466585, 499185, 20998560, 512160, 21605811, 526971, 22260663, 542943, 22872465, 557865, 23492631, 572991, 24118086, 588246, 24768633, 604113, 25435047, 620367, 26176737, 638457, 26831589, 654429, 27577830, 672630, 28332435, 691035, 29092329, 709569, 29877315, 728715, 30678168, 748248, 31554297, 769617, 32343588, 788868, 33224268, 810348, 34113312, 832032, 35007645, 853845, 35927070, 876270, 36862362, 899082, 37872930, 923730, 22530, 1015119, 24759, 1157922, 28242, 1297650, 31650, 1457181, 35541, 1607487, 39207, 1682763, 41043, 1730364, 42204, 1821753, 44433, 1964556, 47916, 2104284, 51324, 2263815, 55215, 2414121, 58881, 2489397, 60717, 2671437, 65157, 2762826, 67386, 2905629, 70869, 3045357, 74277, 3204888, 78168, 3355194, 81834, 3564909, 86949, 3746949, 91389, 2229, 142803, 3483, 274167, 6687, 293970, 7170, 419184, 10224, 478593, 11673, 585357, 14277, 629145, 15345, 680559, 16599, 811923, 19803, 483, 125214, 3054, 193848, 4728, 241203, 5883, 312666, 7626, 186, 79950, 1950, 157317, 3837, 239850, 5850, 337512, 8232, 450672, 10992, 474780, 11580, 545382, 13302, 617706, 15066, 695073, 16953, 777606, 18966, 875268, 21348, 988428, 24108, 588, 70602, 1722, 42, 5043, 123]
41,1,83,[3402, 278964, 6804, 418446, 10206, 557928, 13608, 697410, 17010, 836892, 20412, 976374, 23814, 1115856, 27216, 1255338, 30618, 1394820, 34020, 1534302, 37422, 1673784, 40824, 1813266, 44226, 1952748, 47628, 2092230, 51030, 2231712, 54432, 2371194, 57834, 2510676, 61236, 2650158, 64638, 2789640, 68040, 2929122, 71442, 3068604, 74844, 3208086, 78246, 3347568, 81648, 3487050, 85050, 3626532, 88452, 3766014, 91854, 3905496, 95256, 4044978, 98658, 4184460, 102060, 4323942, 105462, 4463424, 108864, 4602906, 112266, 4742388, 115668, 4881870, 119070, 5021352, 122472, 5160834, 125874, 5300316, 129276, 5439798, 132678, 5579280, 136080, 5718762, 139482]
41,1,115,[2, 9512, 232, 137022, 3342, 239358, 5838, 320620, 7820, 469860, 11460, 580314, 14154, 636894, 15534, 822132, 20052, 856326, 20886, 957350, 23350, 1079694, 26334, 1162596, 28356, 1308802, 31922, 1453860, 35460, 1659024, 40464, 1878620, 45820, 2032862, 49582, 2143726, 52286, 2247866, 54826, 2345118, 57198, 2416458, 58938, 2574390, 62790, 2726746, 66506, 2812108, 68588, 3050400, 74400, 3247364, 79204, 3482130, 84930, 3656626, 89186, 3797666, 92626, 3923290, 95690, 4193398, 102278, 4408812, 107532, 4657764, 113604, 4931644, 120284, 5198062, 126782, 5371984, 131024, 5639714, 137554, 5965828, 145508, 6299896, 153656, 6590258, 160738, 6835848, 166728, 7106284, 173324, 7359746, 179506, 7576964, 184804, 7841906, 191266, 8037886, 196046, 8351782, 203702, 8621480, 210280, 8982608, 219088, 9319546, 227306, 9556280, 233080, 9959064, 242904, 10296248, 251128, 10561518, 257598, 10988820, 268020, 11270982, 274902, 11725016, 285976, 12015706, 293066, 12492618, 304698, 12924594, 315234, 13362392, 325912, 13702446, 334206, 14107362, 344082, 14498584, 353624, 15040768, 366848, 15506610, 378210, 16007384, 390424, 16501516, 402476, 16998272, 414592, 10112, 547268, 13348, 669038, 16318, 398, 153422, 3742, 209018, 5098, 280112, 6832, 409508, 9988, 537346, 13106, 677730, 16530, 727258, 17738, 867560, 21160, 907576, 22136, 1104130, 26930, 1291336, 31496, 1360544, 33184, 1464438, 35718, 1533154, 37394, 1579976, 38536, 1792930, 43730, 1949796, 47556, 2171770, 52970, 2408586, 58746, 2627608, 64088, 2715266, 66226, 2833346, 69106, 3001446, 73206, 3173646, 77406, 3434898, 83778, 3589386, 87546, 3728786, 90946, 3857444, 94084, 4092948, 99828, 4353052, 106172, 4567646, 111406, 4721478, 115158, 4978056, 121416, 5170182, 126102, 5423562, 132282, 5631268, 137348, 5952462, 145182, 6102358, 148838, 6288908, 153388, 6475294, 157934, 6642656, 162016, 6922522, 168842, 7110220, 173420, 7429774, 181214, 7775978, 189658, 8121198, 198078, 8352274, 203714, 8678552, 211672, 9031644, 220284, 9402776, 229336, 9740534, 237574, 10072388, 245668, 10492474, 255914, 10903950, 265950, 11283036, 275196, 11577088, 282368, 11864170, 289370, 12309102, 300222, 12703604, 309844, 13046446, 318206, 13388222, 326542, 13799616, 336576, 14169190, 345590, 14519494, 354134, 14953766, 364726, 15464626, 377186, 15969090, 389490, 16504714, 402554, 16982692, 414212, 17538324, 427764, 18017942, 439462, 18570540, 452940, 19084762, 465482, 19592670, 477870, 20141250, 491250, 20769206, 506566, 21327626, 520186, 21937378, 535058, 22510148, 549028, 23238308, 566788, 23823952, 581072, 24499304, 597544, 25143988, 613268, 25903390, 631790, 26634174, 649614, 27330928, 666608, 28138956, 686316, 28905410, 705010, 29681130, 723930, 30565336, 745496, 31471108, 767588, 32365974, 789414, 19254, 926518, 22598, 982114, 23954, 1053208, 25688, 1182604, 28844, 1310442, 31962, 1450826, 35386, 1500354, 36594, 1640656, 40016, 976, 196554, 4794, 380480, 9280, 455756, 11116, 490442, 11962, 648538, 15818, 819918, 19998, 986050, 24050, 1123236, 27396, 1188344, 28984, 1396460, 34060, 1571940, 38340, 1633850, 39850, 1857546, 45306, 1907566, 46526, 2104940, 51340, 2193992, 53512, 2280502, 55622, 2458688, 59968, 2641220, 64420, 2748066, 67026, 2965940, 72340, 3113704, 75944, 3246216, 79176, 3348962, 81682, 3477784, 84824, 3732312, 91032, 3879912, 94632, 3993400, 97400, 4208650, 102650, 4438578, 108258, 4631688, 112968, 4805938, 117218, 5111716, 124676, 5406096, 131856, 3216, 219924, 5364, 385564, 9404, 465678, 11358, 481750, 11750, 606636, 14796, 791136, 19296, 932996, 22756, 960466, 23426, 1054602, 25722, 1151034, 28074, 1320528, 32208, 1461158, 35638, 1539222, 37542, 1704042, 41562, 1882310, 45910, 2074354, 50594, 1234, 70684, 1724, 81836, 1996, 215824, 5264, 296512, 7232, 379168, 9248, 496838, 12118, 617378, 15058, 684290, 16690, 715122, 17442, 812702, 19822, 922090, 22490, 1048288, 25568, 1191706, 29066, 1399904, 34144, 1584896, 38656, 1783828, 43508, 1860334, 45374, 2037700, 49700, 2125112, 51832, 2214656, 54016, 2358238, 57518, 2585460, 63060, 2657948, 64828, 2755774, 67214, 2893698, 70578, 3044414, 74254, 3132810, 76410, 3336498, 81378, 3578152, 87272, 3778560, 92160, 4026282, 98202, 4157482, 101402, 4301310, 104910, 4557068, 111148, 4847348, 118228, 5083426, 123986, 5216840, 127240, 5424218, 132298, 5707364, 139204, 5888994, 143634, 6084482, 148402, 6341306, 154666, 6561968, 160048, 6839866, 166826, 7185824, 175264, 7502508, 182988, 7709066, 188026, 4586, 357602, 8722, 507744, 12384, 529556, 12916, 547186, 13346, 659526, 16086, 741608, 18088, 792694, 19334, 920450, 22450, 1051322, 25642, 1157102, 28222, 1251320, 30520, 1357264, 33104, 1470506, 35866, 1657220, 40420, 1862630, 45430, 1917488, 46768, 2096248, 51128, 2152090, 52490, 2251720, 54920, 2405634, 58674, 2478450, 60450, 2614324, 63764, 2720514, 66354, 2862292, 69812, 3073524, 74964, 3223912, 78632, 3467534, 84574, 3702956, 90316, 3953548, 96428, 4224394, 103034, 4332142, 105662, 4461374, 108814, 2654, 252888, 6168, 343908, 8388, 465432, 11352, 646488, 15768, 775392, 18912, 846158, 20638, 937506, 22866, 1097078, 26758, 1246400, 30400, 1366366, 33326, 1559968, 38048, 928, 161540, 3940, 184336, 4496, 316110, 7710, 333248, 8128, 388516, 9476, 421562, 10282, 582692, 14212, 719468, 17548, 428, 102828, 2508, 138334, 3374, 198276, 4836, 386958, 9438, 434108, 10588, 491836, 11996, 616968, 15048, 636730, 15530, 803108, 19588, 968830, 23630, 1058456, 25816, 1211550, 29550, 1382520, 33720, 1501092, 36612, 1726264, 42104, 1947500, 47500, 2098708, 51188, 2244176, 54736, 2303626, 56186, 2435236, 59396, 2626624, 64064, 2794396, 68156, 2928548, 71428, 3028260, 73860, 3191686, 77846, 3401524, 82964, 3583482, 87402, 3817018, 93098, 4042108, 98588, 4253832, 103752, 4461292, 108812, 4753950, 115950, 4879328, 119008, 5120900, 124900, 5311796, 129556, 5615770, 136970, 5894160, 143760, 6103916, 148876, 6276362, 153082, 6566150, 160150, 6745156, 164516, 7022808, 171288, 7340230, 179030, 7632396, 186156, 7893976, 192536, 4696, 300940, 7340, 312994, 7634, 358340, 8740, 400078, 9758, 238, 165558, 4038, 263876, 6436, 458872, 11192, 658624, 16064, 830250, 20250, 1024918, 24998, 1186622, 28942, 1389982, 33902, 1593588, 38868, 948, 63386, 1546, 201638, 4918, 390402, 9522, 447064, 10904, 641814, 15654, 813030, 19830, 960138, 23418, 1016554, 24794, 1182768, 28848, 1329466, 32426, 1531596, 37356, 1592522, 38842, 1702074, 41514, 1847296, 45056, 2071484, 50524, 2178576, 53136, 1296, 172282, 4202, 270764, 6604, 291510, 7110, 378758, 9238, 449278, 10958, 512090, 12490, 647144, 15784, 851488, 20768, 975964, 23804, 1112904, 27144, 1149476, 28036, 1333074, 32514, 1370302, 33422, 1436722, 35042, 1603756, 39116, 1652300, 40300, 1871732, 45652, 2006950, 48950, 2230318, 54398, 2435564, 59404, 2664672, 64992, 2762662, 67382, 2919610, 71210, 3151096, 76856, 3331660, 81260, 3596766, 87726, 3811770, 92970, 4013162, 97882, 4181754, 101994, 4411026, 107586, 4528040, 110440, 4765758, 116238, 4896138, 119418, 5138120, 125320, 5376576, 131136, 5592564, 136404, 5908100, 144100, 6174764, 150604, 6377222, 155542, 6669470, 162670, 6940562, 169282, 7270120, 177320, 7617144, 185784, 7864210, 191810, 8112588, 197868, 8319884, 202924, 8593518, 209598, 8831400, 215400, 9174078, 223758, 9496830, 231630, 9827454, 239694, 10104860, 246460, 10393746, 253506, 10661394, 260034, 10977996, 267756, 11368316, 277276, 11805868, 287948, 12117386, 295546, 12497784, 304824, 12944028, 315708, 13297448, 324328, 13706628, 334308, 14205926, 346486, 14722116, 359076, 15265038, 372318, 15816488, 385768, 16390816, 399776, 16913156, 412516, 17396382, 424302, 17980960, 438560, 18532656, 452016, 19135520, 466720, 19682378, 480058, 20303856, 495216, 20883924, 509364, 21492282, 524202, 22096622, 538942, 22814696, 556456, 23390008, 570488, 24026492, 586012, 24801064, 604904, 25552102, 623222, 26279032, 640952, 27108544, 661184, 27854580, 679380, 28581100, 697100, 29363052, 716172, 30197074, 736514, 31079722, 758042, 31998040, 780440, 32802050, 800050, 33682238, 821518, 34508470, 841670, 35453848, 864728, 36497708, 890188, 37562314, 916154, 38520894, 939534, 39549994, 964634, 40641906, 991266, 41675598, 1016478, 42720360, 1041960, 43889598, 1070478, 45002502, 1097622, 46151978, 1125658, 47291778, 1153458, 48468806, 1182166, 49712254, 1212494, 50929462, 1242182, 52195214, 1273054, 53487124, 1304564, 54914252, 1339372, 56371474, 1374914, 57840668, 1410748, 59345696, 1447456, 60948714, 1486554, 62515406, 1524766, 64120310, 1563910, 65712504, 1602744, 67376530, 1643330, 69062286, 1684446, 70756160, 1725760, 72618626, 1771186, 74517090, 1817490, 76339294, 1861934, 78205942, 1907462, 80202970, 1956170, 82248706, 2006066, 84339624, 2057064, 86453256, 2108616, 88689150, 2163150, 90998434, 2219474, 93316902, 2276022, 95734344, 2334984, 98229604, 2395844, 100667874, 2455314, 103259894, 2518534, 105905706, 2583066, 108606622, 2648942, 111321560, 2715160, 114116858, 2783338, 116956764, 2852604, 119946074, 2925514, 71354, 3062864, 74704, 3146996, 76756, 3242608, 79088, 3510256, 85616, 3633584, 88624, 3830630, 93430, 4074908, 99388, 4193152, 102272, 4380276, 106836, 4633246, 113006, 4793392, 116912, 5009298, 122178, 5315322, 129642, 3162, 156374, 3814, 164902, 4022, 187780, 4580, 329066, 8026, 483226, 11786, 584578, 14258, 744970, 18170, 796138, 19418, 933406, 22766, 1008026, 24586, 1159890, 28290, 690, 189256, 4616, 307008, 7488, 437060, 10660, 260, 76916, 1876, 224926, 5486, 385974, 9414, 513238, 12518, 587038, 14318, 643782, 15702, 848044, 20684, 963008, 23488, 1156200, 28200, 1339962, 32682, 1396214, 34054, 1543404, 37644, 1609332, 39252, 1719294, 41934, 1912076, 46636, 2048278, 49958, 2192516, 53476, 2302560, 56160, 2504854, 61094, 2584804, 63044, 2775126, 67686, 3012516, 73476, 3104848, 75728, 3185290, 77690, 3432684, 83724, 3525836, 85996, 3701398, 90278, 3966094, 96734, 4133538, 100818, 4422916, 107876, 4554362, 111082, 4726726, 115286, 5007002, 122122, 5242260, 127860, 5473828, 133508, 5663904, 138144, 5872758, 143238, 6133846, 149606, 6462584, 157624, 6714488, 163768, 6944252, 169372, 7118338, 173618, 7405092, 180612, 7618702, 185822, 7851664, 191504, 8203444, 200084, 8422384, 205424, 8693804, 212044, 9061410, 221010, 9376700, 228700, 9614828, 234508, 9986042, 243562, 10333312, 252032, 10608914, 258754, 10881810, 265410, 11227358, 273838, 11689756, 285116, 11984300, 292300, 12328454, 300694, 7334, 477732, 11652, 527096, 12856, 648374, 15814, 800894, 19534, 905280, 22080, 1031068, 25148, 1126926, 27486, 1229836, 29996, 1377682, 33602, 1519706, 37066, 1566200, 38200, 1741106, 42466, 1929706, 47066, 2160618, 52698, 2274598, 55478, 2353646, 57406, 2439336, 59496, 2522402, 61522, 2687632, 65552, 2913460, 71060, 3017518, 73598, 3105258, 75738, 3232850, 78850, 3344698, 81578, 3562982, 86902, 3758306, 91666, 3996106, 97466, 4135998, 100878, 4321728, 105408, 4606268, 112348, 4756328, 116008, 4961902, 121022, 5229058, 127538, 5488588, 133868, 5636598, 137478, 5797646, 141406, 6118184, 149224, 6385258, 155738, 6635276, 161836, 6839538, 166818, 7147776, 174336, 7340968, 179048, 7524730, 183530, 7774256, 189616, 8114720, 197920, 8373922, 204242, 8677158, 211638, 9063214, 221054, 9392690, 229090, 9730202, 237322, 10033520, 244720, 10429088, 254368, 10702312, 261032, 11085908, 270388, 11516572, 280892, 11802178, 287858, 12269168, 299248, 12709836, 309996, 13189536, 321696, 13558372, 330692, 14016342, 341862, 14377060, 350660, 14859712, 362432, 15377706, 375066, 15936618, 388698, 16410168, 400248, 16838700, 410700, 17263542, 421062, 17840166, 435126, 18435568, 449648, 18889930, 460730, 19411942, 473462, 20050394, 489034, 20666706, 504066, 21227340, 517740, 21900642, 534162, 22500800, 548800, 23120310, 563910, 23858638, 581918, 24464126, 596686, 25122094, 612734, 25876248, 631128, 26578086, 648246, 27396036, 668196, 28153798, 686678, 28887616, 704576, 29743040, 725440, 30595758, 746238, 31521128, 768808, 32370074, 789514, 33244440, 810840, 34168416, 833376, 35048932, 854852, 35913212, 875932, 36826856, 898216, 37861778, 923458, 38855946, 947706, 39954500, 974500, 40985568, 999648, 42112494, 1027134, 43149056, 1052416, 44333464, 1081304, 45466622, 1108942, 46646274, 1137714, 47807558, 1166038, 49157442, 1198962, 50544964, 1232804, 51853192, 1264712, 53240468, 1298548, 54713434, 1334474, 56076192, 1367712, 57604180, 1404980, 59164722, 1443042, 60636048, 1478928, 62195114, 1516954, 63881772, 1558092, 65487004, 1597244, 67117246, 1637006, 68942812, 1681532, 70812904, 1727144, 72629614, 1771454, 74438780, 1815580, 76339212, 1861932, 78389704, 1911944, 80452496, 1962256, 82589170, 2014370, 84792100, 2068100, 86949766, 2120726, 89075206, 2172566, 91327910, 2227510, 93654414, 2284254, 96037662, 2342382, 98431898, 2400778, 100941098, 2461978, 103450216, 2523176, 106143096, 2588856, 108892228, 2655908, 111595276, 2721836, 114364252, 2789372, 117243190, 2859590, 120121636, 2929796, 123136284, 3003324, 126295170, 3080370, 129564100, 3160100, 132842050, 3240050, 136199950, 3321950, 139554898, 3403778, 143147236, 3491396, 85156, 3765112, 91832, 4012506, 97866, 4298932, 104852, 4474494, 109134, 4739190, 115590, 4906634, 119674, 5196012, 126732, 5327458, 129938, 5499822, 134142, 5780098, 140978, 6015356, 146716, 6246924, 152364, 6437000, 157000, 6645854, 162094, 6906942, 168462, 7235680, 176480, 7487584, 182624, 7717348, 188228, 8084708, 197188, 8371462, 204182, 8585072, 209392, 8818034, 215074, 9169814, 223654, 9582028, 233708, 9853448, 240328, 10221054, 249294, 10536344, 256984, 10967746, 267506, 11338960, 276560, 11686230, 285030, 12155106, 296466, 12621276, 307836, 12966824, 316264, 13429222, 327542, 13917040, 339440, 14261194, 347834, 14755162, 359882, 15232894, 371534, 15759990, 384390, 16215090, 395490, 16629436, 405596, 17148168, 418248, 17599414, 429254, 18146518, 442598, 18603258, 453738, 19207844, 468484, 19761180, 481980, 20361010, 496610, 20942472, 510792, 21519260, 524860, 22133686, 539846, 22862092, 557612, 23476272, 572592, 24176142, 589662, 14382, 754892, 18412, 787446, 19206, 891504, 21744, 979244, 23884, 1106836, 26996, 1218684, 29724, 1436968, 35048, 1632292, 39812, 1676818, 40898, 1816710, 44310, 2002440, 48840, 2093706, 51066, 2243766, 54726, 2449340, 59740, 2523222, 61542, 2589478, 63158, 2737488, 66768, 2898536, 70696, 3025800, 73800, 1800, 250018, 6098, 397536, 9696, 501512, 12232, 579740, 14140, 763584, 18624, 829348, 20228, 920286, 22446, 1032298, 25178, 1076332, 26252, 1159152, 28272, 1295846, 31606, 1497156, 36516, 1656236, 40396, 1748486, 42646, 1819416, 44376, 1929788, 47068, 1148, 28, 133168, 3248, 178842, 4362, 258628, 6308, 429926, 10486, 586546, 14306, 779984, 19024, 464, 80770, 1970, 92168, 2248, 254692, 6212, 359898, 8778, 387532, 9452, 500692, 12212, 677894, 16534, 746282, 18202, 948330, 23130, 999744, 24384, 1165548, 28428, 1264686, 30846, 1361528, 33208, 1578582, 38502, 1631226, 39786, 1746436, 42596, 1968164, 48004, 2176444, 53084, 2370948, 57828, 2513628, 61308, 2636218, 64298, 2747656, 67016, 2918380, 71180, 3008416, 73376, 3209070, 78270, 3292054, 80294, 3447772, 84092, 3536578, 86258, 3787826, 92386, 3941494, 96134, 4179048, 101928, 4290404, 104644, 4451616, 108576, 4597904, 112144, 4752474, 115914, 4901386, 119546, 5167066, 126026, 5448654, 132894, 5642830, 137630, 5940736, 144896, 6095060, 148660, 6408710, 156310, 6649872, 162192, 6986482, 170402, 7185168, 175248, 7426412, 181132, 7772534, 189574, 8108242, 197762, 8395570, 204770, 8675764, 211604, 8901510, 217110, 9189330, 224130, 9526596, 232356, 9801378, 239058, 10172428, 248108, 10500674, 256114, 10888780, 265580, 11262782, 274702, 11546912, 281632, 11842686, 288846, 12136246, 296006, 12559530, 306330, 12955426, 315986, 13459972, 328292, 13811834, 336874, 14233560, 347160, 14642002, 357122, 15055692, 367212, 15498328, 378008, 16013042, 390562, 16578022, 404342, 9862, 517912, 12632, 549400, 13400, 723076, 17636, 768996, 18756, 877318, 21398, 1073134, 26174, 1174732, 28652, 1363660, 33260, 1439346, 35106, 1521592, 37112, 1591702, 38822, 1800228, 43908, 2023268, 49348, 2190466, 53426, 2258034, 55074, 2364962, 57682, 2592348, 63228, 2683860, 65460, 2862456, 69816, 3092548, 75428, 3304682, 80602, 3559702, 86822, 3764374, 91814, 3926898, 95778, 4032104, 98344, 4253012, 103732, 4366172, 106492, 4543374, 110814, 4805036, 117196, 5007084, 122124, 5251772, 128092, 5417576, 132136, 5709988, 139268, 6000104, 146344, 6217158, 151638, 6463076, 157636, 6771560, 165160, 6993288, 170568, 7201568, 175648, 7396072, 180392, 7732026, 188586, 8047890, 196290, 8352602, 203722, 8716600, 212600, 8999910, 219510, 9393838, 229118, 9670096, 235856, 10019088, 244368, 10301168, 251248, 6128, 346942, 8462, 430828, 10508, 497904, 12144, 547760, 13360, 726110, 17710, 927666, 22626, 1115282, 27202, 1232050, 30050, 1441232, 35152, 1547094, 37734, 1650824, 40264, 1700516, 41476, 1859842, 45362, 1980628, 48308, 2076076, 50636, 2131426, 51986, 2367258, 57738, 2472136, 60296, 2654996, 64756, 2799890, 68290, 2986030, 72830, 3124856, 76216, 3380204, 82444, 3622924, 88364, 3753714, 91554, 3849982, 93902, 4000452, 97572, 4253586, 103746, 4432756, 108116, 4729432, 115352, 4934350, 120350, 5125410, 125010, 5255134, 128174, 5421020, 132220, 5722944, 139584, 5956808, 145288, 6219946, 151706, 6399936, 156096, 6598458, 160938, 6820678, 166358, 7086030, 172830, 7329570, 178770, 7555480, 184280, 7862324, 191764, 8087086, 197246, 8454036, 206196, 8693230, 212030, 8994826, 219386, 9383916, 228876, 9678788, 236068, 10060990, 245390, 10329950, 251950, 10605470, 258670, 10868854, 265094, 11270654, 274894, 11686968, 285048, 12047440, 293840, 12501556, 304916, 12995032, 316952, 13415692, 327212, 13893752, 338872, 14265622, 347942, 14688988, 358268, 15094396, 368156, 15542690, 379090, 15940636, 388796, 16489708, 402188, 16981462, 414182, 10102, 499708, 12188, 563750, 13750, 648210, 15810, 781870, 19070, 824510, 20110, 938900, 22900, 1065508, 25988, 1256486, 30646, 1376698, 33578, 1598836, 38996, 1661402, 40522, 1767920, 43120, 1947746, 47506, 2127244, 51884, 2268694, 55334, 2441878, 59558, 2624000, 64000, 2876560, 70160, 2989146, 72906, 3099764, 75604, 1844, 266008, 6488, 319636, 7796, 355716, 8676, 482242, 11762, 663708, 16188, 840172, 20492, 1016226, 24786, 1144720, 27920, 1361200, 33200, 1540534, 37574, 1662960, 40560, 1755374, 42814, 1845328, 45008, 2036470, 49670, 2175706, 53066, 2285340, 55740, 2440074, 59514, 2608010, 63610, 2761186, 67346, 2941668, 71748, 3197262, 77982, 1902, 155308, 3788, 234520, 5720, 339234, 8274, 503070, 12270, 567194, 13834, 661166, 16126, 738574, 18014, 827298, 20178, 875760, 21360, 1085680, 26480, 1277150, 31150, 1454434, 35474, 1532334, 37374, 1678130, 40930, 1775628, 43308, 1875504, 45744, 2057954, 50194, 2155288, 52568, 2236140, 54540, 2337820, 57020, 2536260, 61860, 2748968, 67048, 2877298, 70178, 3074754, 74994, 3173318, 77398, 3396850, 82850, 3621120, 88320, 3737724, 91164, 3927882, 95802, 4146248, 101128, 4351084, 106124, 4532632, 110552, 4718608, 115088, 4838410, 118010, 5012988, 122268, 5163540, 125940, 5426186, 132346, 5742378, 140058, 5891864, 143704, 6224128, 151808, 6498500, 158500, 6821990, 166390, 7044948, 171828, 7395908, 180388, 7713002, 188122, 7967120, 194320, 8260434, 201474, 4914, 371378, 9058, 559568, 13648, 742920, 18120, 944886, 23046, 986788, 24068, 1015570, 24770, 1068624, 26064, 1231394, 30034, 1365136, 33296, 1417288, 34568, 1475426, 35986, 1648118, 40198, 1773168, 43248, 1976692, 48212, 2199322, 53642, 2318960, 56560, 2474514, 60354, 2544296, 62056, 2714774, 66214, 2969548, 72428, 3145684, 76724, 3283690, 80090, 3443918, 83998, 3669336, 89496, 3919108, 95588, 4094834, 99874, 4378554, 106794, 4626768, 112848, 4815040, 117440, 5007904, 122144, 5153618, 125698, 5434878, 132558, 5591006, 136366, 3326, 163262, 3982, 190814, 4654, 294462, 7182, 334642, 8162, 356946, 8706, 431648, 10528, 593024, 14464, 758336, 18496, 800402, 19522, 848208, 20688, 982032, 23952, 1043696, 25456, 1238856, 30216, 1457632, 35552, 1516754, 36994, 1610316, 39276, 1833438, 44718, 2010148, 49028, 2214738, 54018, 2367750, 57750, 2529208, 61688, 2704032, 65952, 2883120, 70320, 2977010, 72610, 3238180, 78980, 3383156, 82516, 3578808, 87288, 3854656, 94016, 3962814, 96654, 4139606, 100966, 4353708, 106188, 4643742, 113262, 4851284, 118324, 5153454, 125694, 5415854, 132094, 5703510, 139110, 6021752, 146872, 6215764, 151604, 6494646, 158406, 6761474, 164914, 6982956, 170316, 7162700, 174700, 7525960, 183560, 7723662, 188382, 8044036, 196196, 8292086, 202246, 8654608, 211088, 8959976, 218536, 9206796, 224556, 9619912, 234632, 9995964, 243804, 10324620, 251820, 10760286, 262446, 11046302, 269422, 11367578, 277258, 11720260, 285860, 12043832, 293752, 12469576, 304136, 12957558, 316038, 13320736, 324896, 13702200, 334200, 14078826, 343386, 14474066, 353026, 14902516, 363476, 15317846, 373606, 15757448, 384328, 16306766, 397726, 16827056, 410416, 17265756, 421116, 17710442, 431962, 18269682, 445602, 18781280, 458080, 19371352, 472472, 19980530, 487330, 20486716, 499676, 21028818, 512898, 21678422, 528742, 22235448, 542328, 22876770, 557970, 23439454, 571694, 24157282, 589202, 24897332, 607252, 25509298, 622178, 26145618, 637698, 26901166, 656126, 27571434, 672474, 28399470, 692670, 29167564, 711404, 29940250, 730250, 30859060, 752660, 31720142, 773662, 32649366, 796326, 33558828, 818508, 34495186, 841346, 35459096, 864856, 36333380, 886180, 37247844, 908484, 38184612, 931332, 39196082, 956002, 40175654, 979894, 41320538, 1007818, 42507488, 1036768, 43548970, 1062170, 44724276, 1090836, 45961246, 1121006, 47200102, 1151222, 48464460, 1182060, 49787940, 1214340, 51011708, 1244188, 52265324, 1274764, 53695650, 1309650, 55137292, 1344812, 56538672, 1378992, 58101510, 1417110, 59645898, 1454778, 61176100, 1492100, 62800192, 1531712, 64492180, 1572980, 66135870, 1613070, 67781938, 1653218, 69510580, 1695380, 71347380, 1740180, 73167698, 1784578, 75008844, 1829484, 76946750, 1876750, 78898924, 1924364, 80959994, 1974634, 83090190, 2026590, 85121494, 2076134, 87277766, 2128726, 89434776, 2181336, 91677394, 2236034, 93993566, 2292526, 96337946, 2349706, 98862070, 2411270, 101362906, 2472266, 103868170, 2533370, 106500534, 2597574, 109187674, 2663114, 64954, 2775208, 67688, 3022028, 73708, 3241870, 79070, 3424648, 83528, 3560030, 86830, 3802422, 92742, 2262, 128002, 3122, 159408, 3888, 323572, 7892, 425744, 10384, 487982, 11902, 556452, 13572, 574738, 14018, 763174, 18614, 454, 33210, 810, 180154, 4394, 217546, 5306, 302990, 7390, 357520, 8720, 498232, 12152, 585808, 14288, 694376, 16936, 725454, 17694, 851570, 20770, 985476, 24036, 1056652, 25772, 1195560, 29160, 1267146, 30906, 1453614, 35454, 1630488, 39768, 1854102, 45222, 2087884, 50924, 2148236, 52396, 2384478, 58158, 2536916, 61876, 2631790, 64190, 2813830, 68630, 3056878, 74558, 3225716, 78676, 3483524, 84964, 3625056, 88416, 3807752, 92872, 3933622, 95942, 4038992, 98512, 4278924, 104364, 4472854, 109094, 4742224, 115664, 4872030, 118830, 5047428, 123108, 5293100, 129100, 5573048, 135928, 5770258, 140738, 6033560, 147160, 6232574, 152014, 6511866, 158826, 6826254, 166494, 7153024, 174464, 7369914, 179754, 7596808, 185288, 7824522, 190842, 8147356, 198716, 8487492, 207012, 8708646, 212406, 9043616, 220576, 9438610, 230210, 9838524, 239964, 10229336, 249496, 10530686, 256846, 10891240, 265640, 11161594, 272234, 11598818, 282898, 12065562, 294282, 12477694, 304334, 12932876, 315436, 13356734, 325774, 13819214, 337054, 14316544, 349184, 14797720, 360920, 15337772, 374092, 15749576, 384136, 16166710, 394310, 16622302, 405422, 17093720, 416920, 17661488, 430768, 18195964, 443804, 18734048, 456928, 19304112, 470832, 19911650, 485650, 20420870, 498070, 20928368, 510448, 21622662, 527382, 22338604, 544844, 23053152, 562272, 23799270, 580470, 24535302, 598422, 25261002, 616122, 25947834, 632874, 26764554, 652794, 27572910, 672510, 28377412, 692132, 29121398, 710278, 29996666, 731626, 30832000, 752000, 31673566, 772526, 32464948, 791828, 33426480, 815280, 34411464, 839304, 35411044, 863684, 36364294, 886934, 37354936, 911096, 38431022, 937342, 22862, 1078054, 26294, 1165630, 28430, 1274198, 31078, 758, 126116, 3076, 133906, 3266, 264450, 6450, 332182, 8102, 458134, 11174, 573016, 13976, 756696, 18456, 803436, 19596, 1006878, 24558, 1219996, 29756, 1395886, 34046, 1505356, 36716, 1641066, 40026, 1728232, 42152, 1789240, 43640, 1908304, 46544, 1997274, 48714, 2074272, 50592, 2308710, 56310, 2445158, 59638, 2617932, 63852, 2752494, 67134, 2899766, 70726, 2975206, 72566, 3222190, 78590, 3461056, 84416, 3724604, 90844, 3952154, 96394, 4062690, 99090, 4322056, 105416, 4451042, 108562, 4724594, 115234, 4952964, 120804, 5158620, 125820, 5435288, 132568, 5638566, 137526, 5832660, 142260, 6121054, 149294, 6331630, 154430, 6599196, 160956, 6906286, 168446, 7159584, 174624, 7357778, 179458, 7541950, 183950, 7839036, 191196, 8091514, 197354, 8387862, 204582, 8748006, 213366, 8970800, 218800, 9302736, 226896, 9539060, 232660, 9894284, 241324, 10319454, 251694, 10740852, 261972, 11111246, 271006, 11556670, 281870, 12008244, 292884, 12400122, 302442, 12825128, 312808, 13227502, 322622, 13710400, 334400, 14063656, 343016, 14453812, 352532, 14872340, 362740, 15296362, 373082, 15777866, 384826, 9386, 573344, 13984, 601470, 14670, 771702, 18822, 804666, 19626, 956284, 23324, 1149312, 28032, 1314050, 32050, 1482806, 36166, 1537828, 37508, 1735612, 42332, 1872224, 45664, 2064022, 50342, 2279354, 55594, 2518794, 61434, 2655652, 64772, 2875986, 70146, 3115836, 75996, 3300254, 80494, 3432602, 83722, 2042, 241326, 5886, 355634, 8674, 472730, 11530, 526686, 12846, 600814, 14654, 695606, 16966, 868134, 21174, 974160, 23760, 1096914, 26754, 1227376, 29936, 1285596, 31356, 1467800, 35800, 1536598, 37478, 1592932, 38852, 1749634, 42674, 1952584, 47624, 2108630, 51430, 2235484, 54524, 2454998, 59878, 2599728, 63408, 2766844, 67484, 3018174, 73614, 3181354, 77594, 3362656, 82016, 3520096, 85856, 3615380, 88180, 3844980, 93780, 4000042, 97562, 4206026, 102586, 4327468, 105548, 4499012, 109732, 4684168, 114248, 4902124, 119564, 5059400, 123400, 5328934, 129974, 5477764, 133604, 5733932, 139852, 5878498, 143378, 6026590, 146990, 6197150, 151150, 6461436, 157596, 6774594, 165234, 6958684, 169724, 7246258, 176738, 7554988, 184268, 7805252, 190372, 8038050, 196050, 8370806, 204166, 8702250, 212250, 9074776, 221336, 9380964, 228804, 9722904, 237144, 5784, 257070, 6270, 442472, 10792, 495690, 12090, 677484, 16524, 698722, 17042, 843042, 20562, 962598, 23478, 1108640, 27040, 1234674, 30114, 1359068, 33148, 1486496, 36256, 1579320, 38520, 1716834, 41874, 1819990, 44390, 1996372, 48692, 2162914, 52754, 2347660, 57260, 2518056, 61416, 2763318, 67398, 2995706, 73066, 3087628, 75308, 3313784, 80824, 3455890, 84290, 3705170, 90370, 3823824, 93264, 4058508, 98988, 4223492, 103012, 4420784, 107824, 4693598, 114478, 4836360, 117960, 4968462, 121182, 5216922, 127242, 5433730, 132530, 5651112, 137832, 5935078, 144758, 6211828, 151508, 6424618, 156698, 6755734, 164774, 7090212, 172932, 7428134, 181174, 7779012, 189732, 8086594, 197234, 8396964, 204804, 8644194, 210834, 8911596, 217356, 9199662, 224382, 9565464, 233304, 9864764, 240604, 10180792, 248312, 10504528, 256208, 10949296, 267056, 11324774, 276214, 11780120, 287320, 12223002, 298122, 12572978, 306658, 12969202, 316322, 13318522, 324842, 13831924, 337364, 14244712, 347432, 14775990, 360390, 8790, 444604, 10844, 549728, 13408, 567850, 13850, 737262, 17982, 868380, 21180, 1002696, 24456, 1121432, 27352, 1172354, 28594, 1281086, 31246, 1331188, 32468, 1538074, 37514, 1764148, 43028, 1896742, 46262, 2009000, 49000, 2081570, 50770, 2188908, 53388, 2270580, 55380, 2467380, 60180, 2683122, 65442, 2776848, 67728, 3018994, 73634, 3276474, 79914, 3379958, 82438, 3594388, 87668, 3729196, 90956, 3905004, 95244, 4004962, 97682, 4196924, 102364, 4431280, 108080, 4558216, 111176, 4787242, 116762, 5068994, 123634, 5282194, 128834, 5467596, 133356, 5714088, 139368, 5895882, 143802, 6110394, 149034, 6447988, 157268, 6760818, 164898, 7100134, 173174, 7419442, 180962, 7737110, 188710, 8057812, 196532, 8343910, 203510, 8674698, 211578, 8971128, 218808, 9340784, 227824, 9700600, 236600, 10078620, 245820, 10442290, 254690, 10880826, 265386, 11306488, 275768, 11591684, 282724, 12011114, 292954, 12346494, 301134, 12789048, 311928, 7608, 427958, 10438, 551532, 13452, 583840, 14240, 659362, 16082, 722584, 17624, 905198, 22078, 1021556, 24916, 1183178, 28858, 1377026, 33586, 1443610, 35210, 1629668, 39748, 1758982, 42902, 1877308, 45788, 2073944, 50584, 2270662, 55382, 2476892, 60412, 2626870, 64070, 2822932, 68852, 2953066, 72026, 3166512, 77232, 3380450, 82450, 3651460, 89060, 3778232, 92152, 3988234, 97274, 4189216, 102176, 4310248, 105128, 4434232, 108152, 4707374, 114814, 4888184, 119224, 5181826, 126386, 5421348, 132228, 5567718, 135798, 5731800, 139800, 6017734, 146774, 6329498, 154378, 6545158, 159638, 6822646, 166406, 7121044, 173684, 7332440, 178840, 7695126, 187686, 8019518, 195598, 8347108, 203588, 8659118, 211198, 8903314, 217154, 9205320, 224520, 9448696, 230456, 9848856, 240216, 10268204, 250444, 10594072, 258392, 10899604, 265844, 6484, 300612, 7332, 468220, 11420, 583348, 14228, 602290, 14690, 673548, 16428, 821968, 20048, 1030576, 25136, 1069854, 26094, 1180800, 28800, 1294452, 31572, 1335452, 32572, 1452876, 35436, 1544880, 37680, 1587274, 38714, 1673128, 40808, 1775218, 43298, 1827944, 44584, 1952666, 47626, 2118142, 51662, 2179232, 53152, 2307808, 56288, 2533800, 61800, 2656882, 64802, 2825392, 68912, 3045152, 74272, 3218418, 78498, 3410052, 83172, 3606360, 87960, 3765030, 91830, 4002994, 97634, 4161910, 101510, 4428410, 108010, 4611844, 112484, 4823322, 117642, 5002246, 122006, 5270386, 128546, 5450786, 132946, 5696868, 138948, 6024376, 146936, 6326874, 154314, 6627322, 161642, 6883244, 167884, 7192548, 175428, 7509396, 183156, 7734978, 188658, 8003774, 195214, 8260270, 201470, 8636158, 210638, 8945790, 218190, 9300686, 226846, 9687808, 236288, 9947666, 242626, 10326998, 251878, 10649586, 259746, 10961186, 267346, 11351096, 276856, 11741088, 286368, 12140592, 296112, 12483844, 304484, 12873180, 313980, 13196588, 321868, 13603308, 331788, 14010520, 341720, 14474804, 353044, 14988124, 365564, 15391400, 375400, 15785656, 385016, 16293236, 397396, 16803768, 409848, 17270184, 421224, 17837542, 435062, 18324458, 446938, 18950528, 462208, 19483446, 475206, 20034076, 488636, 20706558, 505038, 12318, 602208, 14688, 664036, 16196, 684946, 16706, 791218, 19298, 942508, 22988, 1097488, 26768, 1293960, 31560, 1471654, 35894, 1597114, 38954, 1654924, 40364, 1789568, 43648, 1946352, 47472, 2158814, 52654, 2258608, 55088, 2431546, 59306, 2585132, 63052, 2813174, 68614, 2980782, 72702, 3095910, 75510, 3308126, 80686, 3572658, 87138, 3721078, 90758, 3929686, 95846, 4162238, 101518, 4273184, 104224, 4386836, 106996, 4621110, 112710, 4738534, 115574, 5023812, 122532, 5259480, 128280, 5538608, 135088, 5833972, 142292, 6079972, 148292, 6397968, 156048, 6563444, 160084, 6817808, 166288, 7139658, 174138, 7365650, 179650, 7682006, 187366, 8043790, 196190, 8263550, 201550, 8630090, 210490, 9014998, 219878, 9404580, 229380, 9756524, 237964, 5804, 352190, 8590, 459774, 11214, 569982, 13902, 598026, 14586, 758746, 18506, 847962, 20682, 953496, 23256, 1019178, 24858, 1100604, 26844, 1268868, 30948, 1460092, 35612, 1608840, 39240, 1662222, 40542, 1863040, 45440, 1965048, 47928, 2201536, 53696, 2382510, 58110, 2501902, 61022, 2628920, 64120, 2867458, 69938, 3092958, 75438, 3352242, 81762, 3471716, 84676, 3608246, 88006, 3790532, 92452, 4062116, 99076, 4255472, 103792, 4458258, 108738, 4595280, 112080, 4834638, 117918, 4961984, 121024, 5238570, 127770, 5432336, 132496, 5682682, 138602, 5924992, 144512, 6201496, 151256, 6385750, 155750, 6692348, 163228, 6888574, 168014, 7231006, 176366, 7525222, 183542, 7831328, 191008, 8163756, 199116, 8457152, 206272, 8668138, 211418, 8983264, 219104, 5344, 290444, 7084, 448376, 10936, 600732, 14652, 686094, 16734, 731112, 17832, 928076, 22636, 969568, 23648, 1144064, 27904, 1285104, 31344, 1410728, 34408, 1487562, 36282, 1702976, 41536, 1758654, 42894, 1839260, 44860, 1912404, 46644, 2086326, 50886, 2160782, 52702, 2293622, 55942, 2434416, 59376, 2531504, 61744, 2777094, 67734, 2854256, 69616, 3107718, 75798, 3324936, 81096, 3589878, 87558, 3785858, 92338, 3906480, 95280, 4176178, 101858, 4344032, 105952, 4487696, 109456, 4724430, 115230, 4933940, 120340, 5077850, 123850, 5343120, 130320, 5577148, 136028, 5859310, 142910, 6120070, 149270, 6410760, 156360, 6694398, 163278, 6933100, 169100, 7177624, 175064, 7517678, 183358, 7729320, 188520, 7927268, 193348, 8276178, 201858, 8548746, 208506, 8856246, 216006, 9157104, 223344, 9460586, 230746, 9875178, 240858, 10229172, 249492, 10511662, 256382, 10810470, 263670, 11262700, 274700, 6700, 361538, 8818, 384498, 9378, 535296, 13056, 633204, 15444, 780640, 19040, 875104, 21344, 1009584, 24624, 1147344, 27984, 1279036, 31196, 1479936, 36096, 1591456, 38816, 1771692, 43212, 1998750, 48750, 2052214, 50054, 2262544, 55184, 2501574, 61014, 2590872, 63192, 2705918, 65998, 2908622, 70942, 3036132, 74052, 3138468, 76548, 3219730, 78530, 3368970, 82170, 3479424, 84864, 3729278, 90958, 3914516, 95476, 4141984, 101024, 2464, 122344, 2984, 276176, 6736, 339480, 8280, 531606, 12966, 591712, 14432, 352, 127920, 3120, 149896, 3656, 186550, 4550, 379660, 9260, 553910, 13510, 666414, 16254, 767520, 18720, 899376, 21936, 926026, 22586, 1118316, 27276, 1197446, 29206, 1292648, 31528, 1512736, 36896, 1724050, 42050, 1883950, 45950, 2071320, 50520, 2159552, 52672, 2344216, 57176, 2505100, 61100, 2613340, 63740, 2799644, 68284, 2957494, 72134, 3100338, 75618, 3241952, 79072, 3434160, 83760, 3697052, 90172, 3848506, 93866, 4022510, 98110, 4299752, 104872, 4569614, 111454, 4756492, 116012, 4980926, 121486, 5116554, 124794, 5387482, 131402, 5698016, 138976, 5964270, 145470, 6119168, 149248, 6306128, 153808, 6540074, 159514, 6812724, 166164, 7129736, 173896, 7374342, 179862, 7723908, 188388, 8072572, 196892, 8316604, 202844, 8599586, 209746, 8955466, 218426, 9263458, 225938, 9621388, 234668, 9973906, 243266, 10278454, 250694, 10623428, 259108, 11019242, 268762, 11321002, 276122, 11729116, 286076, 12104758, 295238, 12579128, 306808, 12909506, 314866, 13351650, 325650, 13809292, 336812, 14325236, 349396, 14839622, 361942, 15366554, 374794, 15802630, 385430, 16329480, 398280, 16756044, 408684, 17339146, 422906, 17912900, 436900, 18368656, 448016, 18859098, 459978, 19507636, 475796, 20134280, 491080, 20733782, 505702, 21277196, 518956, 21885718, 533798, 22509082, 549002, 23114652, 563772, 23782132, 580052, 24480034, 597074, 25227956, 615316, 25979978, 633658, 26627778, 649458, 27362088, 667368, 28081310, 684910, 28789790, 702190, 29605116, 722076, 30445042, 742562, 31239458, 761938, 32166386, 784546, 33002786, 804946, 33968008, 828488, 34801210, 848810, 35782012, 872732, 36683028, 894708, 37606020, 917220, 38565666, 940626, 39525148, 964028, 40658880, 991680, 41711842, 1017362, 42865910, 1045510, 43958560, 1072160, 45077860, 1099460, 46196176, 1126736, 47393622, 1155942, 48686270, 1187470, 50005732, 1219652, 51343234, 1252274, 52647362, 1284082, 53945586, 1315746, 55332042, 1349562, 56709888, 1383168, 58248618, 1420698, 59702314, 1456154, 61342314, 1496154, 62946890, 1535290, 64501036, 1573196, 66196796, 1614556, 67891490, 1655890, 69655802, 1698922, 71378294, 1740934, 73274790, 1787190, 43590, 1863778, 45458, 2050656, 50016, 2275090, 55490, 2410718, 58798, 2488372, 60692, 2605632, 63552, 2678612, 65332, 2833510, 69110, 3020470, 73670, 3254416, 79376, 1936, 123738, 3018, 244606, 5966, 349566, 8526, 541938, 13218, 630580, 15380, 669530, 16330, 742428, 18108, 887814, 21654, 937752, 22872, 1125614, 27454, 1270918, 30998, 1311344, 31984, 1362184, 33224, 1461404, 35644, 1567758, 38238, 1728560, 42160, 1827288, 44568, 1876570, 45770, 1988336, 48496, 2197108, 53588, 2255410, 55010, 2447126, 59686, 2652946, 64706, 2755364, 67204, 2846138, 69418, 2939126, 71686, 3095664, 75504, 3279590, 79990, 3548140, 86540, 3776100, 92100, 3934196, 95956, 4105576, 100136, 4271708, 104188, 4408894, 107534, 4667276, 113836, 4875392, 118912, 5050872, 123192, 5306056, 129416, 5529752, 134872, 5773046, 140806, 5970420, 145620, 6252746, 152506, 6532530, 159330, 6710716, 163676, 6893248, 168128, 7193368, 175448, 7411242, 180762, 7752280, 189080, 8078066, 197026, 8374086, 204246, 8696182, 212102, 8950710, 218310, 9291584, 226624, 9598346, 234106, 10006870, 244070, 10430072, 254392, 10816456, 263816, 11183980, 272780, 11489758, 280238, 11784138, 287418, 12109268, 295348, 12522466, 305426, 12908030, 314830, 13373708, 326188, 13855458, 337938, 14268820, 348020, 14673408, 357888, 15219856, 371216, 15600500, 380500, 16075280, 392080, 16646492, 406012, 17193924, 419364, 17688712, 431432, 18261564, 445404, 18805962, 458682, 19335354, 471594, 19863516, 484476, 20442272, 498592, 21091712, 514432, 21629714, 527554, 22190266, 541226, 22854056, 557416, 23510466, 573426, 13986, 610982, 14902, 715450, 17450, 850750, 20750, 890356, 21716, 1039350, 25350, 1121268, 27348, 1153330, 28130, 1200316, 29276, 1239020, 30220, 1283382, 31302, 1404250, 34250, 1509210, 36810, 1701582, 41502, 1790224, 43664, 2022448, 49328, 2095346, 51106, 2240732, 54652, 2483944, 60584, 2671806, 65166, 2817110, 68710, 3050810, 74410, 3294924, 80364, 3394144, 82784, 3500498, 85378, 3661300, 89300, 3760028, 91708, 4002584, 97624, 4114350, 100350, 4323122, 105442, 4574698, 111578, 4766414, 116254, 4972234, 121274, 5267926, 128486, 5551974, 135414, 5838236, 142396, 5994774, 146214, 6178700, 150700, 6447250, 157250, 6675210, 162810, 7026580, 171380, 4180, 359406, 8766, 523734, 12774, 644930, 15730, 787938, 19218, 948576, 23136, 1028280, 25080, 1190066, 29026, 1402938, 34218, 1550292, 37812, 1635244, 39884, 1825976, 44536, 1917652, 46772, 2115272, 51592, 2232860, 54460, 2343888, 57168, 2467052, 60172, 2645074, 64514, 2808582, 68502, 3027932, 73852, 3153638, 76918, 3239984, 79024, 3399146, 82906, 3500908, 85388, 3708860, 90460, 3865316, 94276, 4039730, 98530, 4171258, 101738, 4353134, 106174, 4577158, 111638, 4858500, 118500, 5024140, 122540, 5297528, 129208, 5506874, 134314, 5825034, 142074, 6009534, 146574, 6344668, 154748, 6565412, 160132, 6852822, 167142, 7142528, 174208, 7505296, 183056, 7839200, 191200, 8110538, 197818, 8468632, 206552, 8840174, 215614, 9225492, 225012, 9469360, 230960, 9733318, 237398, 10008428, 244108, 10417526, 254086, 10714038, 261318, 11093206, 270566, 11396770, 277970, 11820874, 288314, 12118616, 295576, 12447190, 303590, 12873344, 313984, 13215612, 322332, 13684078, 333758, 14102688, 343968, 14536222, 354542, 14961474, 364914, 15392384, 375424, 15899800, 387800, 16391308, 399788, 16970228, 413908, 17445418, 425498, 10378, 459446, 11206, 531934, 12974, 629760, 15360, 767684, 18724, 918400, 22400, 1006796, 24556, 1210484, 29524, 1258864, 30704, 1459272, 35592, 1513720, 36920, 1644920, 40120, 1788748, 43628, 1851232, 45152, 1948238, 47518, 2184316, 53276, 2317730, 56530, 2525108, 61588, 2614980, 63780, 2796610, 68210, 2992098, 72978, 3248922, 79242, 3469584, 84624, 2064, 152684, 3724, 316684, 7724, 399832, 9752, 574574, 14014, 744150, 18150, 894292, 21812, 532, 210904, 5144, 305614, 7454, 468630, 11430, 630908, 15388, 707578, 17258, 903968, 22048, 1072150, 26150, 1253862, 30582, 1458862, 35582, 1659434, 40474, 1732906, 42266, 1944876, 47436, 2180872, 53192, 2304774, 56214, 2375130, 57930, 2612192, 63712, 2859750, 69750, 2971926, 72486, 3228258, 78738, 3391848, 82728, 3620710, 88310, 3883438, 94718, 4015868, 97948, 4302376, 104936, 4487450, 109450, 4695894, 114534, 4909422, 119742, 5132872, 125192, 5347630, 130430, 5520486, 134646, 5664560, 138160, 5948854, 145094, 6263652, 152772, 6444708, 157188, 6766886, 165046, 7030926, 171486, 7315548, 178428, 7668394, 187034, 8010990, 195390, 8324230, 203030, 8711106, 212466, 8942428, 218108, 9297242, 226762, 9674852, 235972, 9990962, 243682, 10324210, 251810, 10712726, 261286, 11134288, 271568, 11523706, 281066, 11856626, 289186, 12207094, 297734, 12660390, 308790, 13058746, 318506, 13462104, 328344, 13865872, 338192, 14317200, 349200, 14680542, 358062, 15081030, 367830, 15538426, 378986, 16025834, 390874, 16515702, 402822, 17097656, 417016, 17538242, 427762, 18008430, 439230, 18626792, 454312, 19231952, 469072, 19851872, 484192, 20444486, 498646, 20961988, 511268, 21657102, 528222, 22274890, 543290, 23006740, 561140, 23633876, 576436, 24290450, 592450, 14450, 691752, 16872, 807618, 19698, 912168, 22248, 1056980, 25780, 1233608, 30088, 1428686, 34846, 1637950, 39950, 1753324, 42764, 1800802, 43922, 1896578, 46258, 1989976, 48536, 2194074, 53514, 2290014, 55854, 2402436, 58596, 2494030, 60830, 2682138, 65418, 2855978, 69658, 3114196, 75956, 3303288, 80568, 3397998, 82878, 3561014, 86854, 3723292, 90812, 3993236, 97396, 4189626, 102186, 4357808, 106288, 4539520, 110720, 4744520, 115720, 4945092, 120612, 5211838, 127118, 5423808, 132288, 5659804, 138044, 5976980, 145780, 6240610, 152210, 6477672, 157992, 6725230, 164030, 7030680, 171480, 7287012, 177732, 7643876, 186436, 7872738, 192018, 8135466, 198426, 8461170, 206370, 8747678, 213358, 9126026, 222586, 9527744, 232384, 9934546, 242306, 10351270, 252470, 10759302, 262422, 11125432, 271352, 11462780, 279580, 11747074, 286514, 12061872, 294192, 12436202, 303322, 12758380, 311180, 13215694, 322334, 13693590, 333990, 14046436, 342596, 8356, 506514, 12354, 580150, 14150, 617870, 15070, 741362, 18082, 764158, 18638, 895932, 21852, 1106344, 26984, 1161612, 28332, 1194658, 29138, 1355788, 33068, 1492564, 36404, 1703386, 41546, 1806214, 44054, 1944548, 47428, 2142824, 52264, 2336508, 56988, 2577342, 62862, 2682630, 65430, 2913050, 71050, 3163232, 77152, 3386518, 82598, 3582252, 87372, 3674338, 89618, 3919518, 95598, 4142394, 101034, 4290568, 104648, 4470640, 109040, 4678674, 114114, 4844642, 118162, 2882, 177612, 4332, 309222, 7542, 500610, 12210, 668382, 16302, 802534, 19574, 902246, 22006, 1065672, 25992, 1275510, 31110, 1457468, 35548, 1497730, 36530, 1722820, 42020, 1934544, 47184, 2142004, 52244, 2241388, 54668, 2366766, 57726, 2608338, 63618, 2799234, 68274, 2909934, 70974, 2995050, 73050, 3204806, 78166, 3377252, 82372, 3473766, 84726, 3652772, 89092, 3930424, 95864, 4054572, 98892, 2412, 261580, 6380, 385810, 9410, 494214, 12054, 294, 45346, 1106, 235012, 5732, 396306, 9666, 552106, 13466, 650424, 15864, 845420, 20620, 1045172, 25492, 1216798, 29678, 1411466, 34426, 1573170, 38370, 1776530, 43330, 1980136, 48296, 2212278, 53958, 2275664, 55504, 2477302, 60422, 2674430, 65230, 2928220, 71420, 3183486, 77646, 3416694, 83334, 3603736, 87896, 3847194, 93834, 4063592, 99112, 4233414, 103254, 4412092, 107612, 4651696, 113456, 4807578, 117258, 5108682, 124602, 5247426, 127986, 5493262, 133982, 5792234, 141274, 6070214, 148054, 6232410, 152010, 6492842, 158362, 6745484, 164524, 7060856, 172216, 7308496, 178256, 7623458, 185938, 7823538, 190818, 8033212, 195932, 8389420, 204620, 8735460, 213060, 9061656, 221016, 9405236, 229396, 9639346, 235106, 9931020, 242220, 10328802, 251922, 10665576, 260136, 11076560, 270160, 11398574, 278014, 11836864, 288704, 12233990, 298390, 12687942, 309462, 13162394, 321034, 13502284, 329324, 13888176, 338736, 14391902, 351022, 14841918, 361998, 15246342, 371862, 15773766, 384726, 16266914, 396754, 16842800, 410800, 17352594, 423234, 17926676, 437236, 18420480, 449280, 18879188, 460468, 19518788, 476068, 20074994, 489634, 20621196, 502956, 21166578, 516258, 21810114, 531954, 22436348, 547228, 22988290, 560690, 23619690, 576090, 24384340, 594740, 25144070, 613270, 25912902, 632022, 26577922, 648242, 27377012, 667732, 28073028, 684708, 28795448, 702328, 29681622, 723942, 30429134, 742174, 31326870, 764070, 32255930, 786730, 33146368, 808448, 34001956, 829316, 34873698, 850578, 35879838, 875118, 36820952, 898072, 37756736, 920896, 38847336, 947496, 39922110, 973710, 40900534, 997574, 41912250, 1022250, 43113632, 1051552, 44283034, 1080074, 45414962, 1107682, 46645208, 1137688, 47877176, 1167736, 49115622, 1197942, 50332420, 1227620, 51743886, 1262046, 53123782, 1295702, 54513764, 1329604, 55914078, 1363758, 57353260, 1398860, 58855828, 1435508, 60366760, 1472360, 61881546, 1509306, 63456848, 1547728, 65094142, 1587662, 66771370, 1628570, 68442366, 1669326, 70163546, 1711306, 71907850, 1753850, 73821976, 1800536, 75721506, 1846866, 77667366, 1894326, 79575834, 1940874, 81592132, 1990052, 83747174, 2042614, 85954778, 2096458, 88074806, 2148166, 90279540, 2201940, 92646470, 2259670, 95080558, 2319038, 97574014, 2379854, 99996294, 2438934, 102472940, 2499340, 105071274, 2562714, 107676414, 2626254, 110491228, 2694908, 113275702, 2762822, 116212942, 2834462, 119089830, 2904630, 122117024, 2978464, 125185054, 3053294, 128351484, 3130524, 131529148, 3208028, 134850312, 3289032, 138195912, 3370632, 141670252, 3455372, 145196334, 3541374, 148926268, 3632348, 152723606, 3724966, 156608848, 3819728, 160447432, 3913352, 164478634, 4011674, 168627014, 4112854, 172838862, 4215582, 177068586, 4318746, 181439186, 4425346, 185916386, 4534546, 190582924, 4648364, 195372708, 4765188, 200156752, 4881872, 205048052, 5001172, 210204786, 5126946, 215421298, 5254178, 220807468, 5385548, 226353292, 5520812, 232057950, 5659950, 237826322, 5800642, 243641106, 5942466, 249621284, 6088324, 255846314, 6240154, 262256172, 6396492, 156012, 6585502, 160622, 6863974, 167414, 7083242, 172762, 7392710, 180310, 7728582, 188502, 8034934, 195974, 8395898, 204778, 8713812, 212532, 9063050, 221050, 9373666, 228626, 9649432, 235352, 9941352, 242472, 10367670, 252870, 10728962, 261682, 11084924, 270364, 11402428, 278108, 11704106, 285466, 12102708, 295188, 12534602, 305722, 12962888, 316168, 13359194, 325834, 13718026, 334586, 14175176, 345736, 14634048, 356928, 15099398, 368278, 15543100, 379100, 15988196, 389956, 16401722, 400042, 16825334, 410374, 17259278, 420958, 17732090, 432490, 18268288, 445568, 18812850, 458850, 19361266, 472226, 19970198, 487078, 20641122, 503442, 21158706, 516066, 21863332, 533252, 22424868, 546948, 23009528, 561208, 13688, 739886, 18046, 786216, 19176, 942098, 22978, 1049928, 25608, 1188672, 28992, 1241234, 30274, 1346932, 32852, 1431638, 34918, 1593834, 38874, 1660992, 40512, 1720360, 41960, 1842458, 44938, 1896824, 46264, 2018512, 49232, 2218592, 54112, 2428266, 59226, 2591200, 63200, 2743966, 66926, 2876888, 70168, 3027194, 73834, 3261304, 79544, 3359704, 81944, 3564212, 86932, 3707712, 90432, 3925422, 95742, 4054162, 98882, 4299178, 104858, 4503030, 109830, 4763708, 116188, 5044886, 123046, 5191502, 126622, 5384120, 131320, 5694572, 138892, 5951314, 145154, 6162464, 150304, 6496614, 158454, 6796488, 165768, 6985826, 170386, 7302346, 178106, 7489880, 182680, 7790410, 190010, 8055844, 196484, 8308896, 202656, 8671828, 211508, 9024756, 220116, 9376864, 228704, 9633852, 234972, 9873538, 240818, 10232206, 249566, 10670332, 260252, 11048434, 269474, 11421616, 278576, 11803900, 287900, 12275646, 299406, 12688188, 309468, 7548, 335872, 8192, 499626, 12186, 554238, 13518, 704462, 17182, 735786, 17946, 890438, 21718, 1048862, 25582, 1258290, 30690, 1392688, 33968, 1520936, 37096, 1708880, 41680, 1863696, 45456, 2041144, 49784, 2138068, 52148, 2364634, 57674, 2554300, 62300, 2715594, 66234, 2871394, 70034, 2969712, 72432, 3164708, 77188, 3364460, 82060, 3536086, 86246, 3730754, 90994, 3892458, 94938, 4095818, 99898, 4299424, 104864, 4531566, 110526, 4788226, 116786, 4989864, 121704, 5186992, 126512, 5440782, 132702, 5696048, 138928, 5929256, 144616, 6116298, 149178, 6359756, 155116, 6576154, 160394, 6745976, 164536, 6924654, 168894, 7164258, 174738, 7513414, 183254, 7814518, 190598, 8146536, 198696, 8392372, 204692, 8691344, 211984, 8969324, 218764, 9324794, 227434, 9585226, 233786, 9837868, 239948, 10153240, 247640, 6040, 314962, 7682, 393354, 9594, 234, 146534, 3574, 183106, 4466, 366704, 8944, 403932, 9852, 470352, 11472, 637386, 15546, 685930, 16730, 712088, 17368, 847306, 20666, 877400, 21400, 1082646, 26406, 1118480, 27280, 1216470, 29670, 1373418, 33498, 1411630, 34430, 1592194, 38834, 1664026, 40586, 1879030, 45830, 2080422, 50742, 2249014, 54854, 2478286, 60446, 2595300, 63300, 2833018, 69098, 2963398, 72278, 3205380, 78180, 3443836, 83996, 3659824, 89264, 3782086, 92246, 4048750, 98750, 4251208, 103688, 4543456, 110816, 4814548, 117428, 4950832, 120752, 5104582, 124502, 5351648, 130528, 5600026, 136586, 5807322, 141642, 6080956, 148316, 6318838, 154118, 6661516, 162476, 6984268, 170348, 7314892, 178412, 7592298, 185178, 7881184, 192224, 8148832, 198752, 8465434, 206474, 8855754, 215994, 9100032, 221952, 9411550, 229550, 9791948, 238828, 10044918, 244998, 10398338, 253618, 10807518, 263598, 11113542, 271062, 11436458, 278938, 11786106, 287466, 12144282, 296202, 12525336, 305496, 12854402, 313522, 13337628, 325308, 13728932, 334852, 14087354, 343594, 14496944, 353584, 8624, 428204, 10444, 580068, 14148, 608358, 14838, 797614, 19454, 911348, 22228, 961860, 23460, 1023032, 24952, 1161120, 28320, 1330860, 32460, 1500026, 36586, 1602608, 39088, 1712406, 41766, 1886164, 46004, 1941596, 47356, 1993666, 48626, 1186, 228944, 5584, 272240, 6640, 462726, 11286, 525866, 12826, 698968, 17048, 871578, 21258, 987116, 24076, 1053618, 25698, 1230164, 30004, 1415730, 34530, 1487972, 36292, 1557262, 37982, 1670668, 40748, 1876406, 45766, 1969312, 48032, 2116338, 51618, 2356516, 57476, 2578982, 62902, 2679596, 65356, 2754380, 67180, 2925268, 71348, 3034328, 74008, 3122478, 76158, 3297630, 80430, 3514766, 85726, 3770196, 91956, 4022428, 98108, 4290240, 104640, 4432592, 108112, 4710408, 114888, 4853580, 118380, 5033242, 122762, 5193716, 126676, 5447670, 132870, 5721960, 139560, 6035938, 147218, 6315148, 154028, 6620024, 161464, 6809772, 166092, 6980578, 170258, 7273400, 177400, 7611076, 185636, 7933418, 193498, 8216482, 200402, 8581874, 209314, 8833614, 215454, 9237628, 225308, 9524218, 232298, 9912078, 241758, 10257544, 250184, 10517156, 256516, 10867952, 265072, 11166022, 272342, 11532644, 281284, 11927064, 290904, 12260394, 299034, 12658422, 308742, 13023732, 317652, 13459234, 328274, 13919500, 339500, 14353280, 350080, 14807068, 361148, 15262496, 372256, 15714890, 383290, 16201888, 395168, 16644196, 405956, 17120862, 417582, 17717576, 432136, 18324130, 446930, 18912480, 461280, 19515180, 475980, 20043014, 488854, 20583722, 502042, 21264896, 518656, 21811836, 531996, 22442826, 547386, 23159916, 564876, 23814358, 580838, 24546044, 598684, 25154156, 613516, 25923234, 632274, 26616790, 649190, 27440398, 669278, 28274666, 689626, 28992576, 707136, 29742138, 725418, 30491126, 743686, 31366804, 765044, 32249698, 786578, 33196552, 809672, 34025080, 829880, 35043520, 854720, 36058516, 879476, 37060556, 903916, 38105892, 929412, 39148440, 954840, 40254128, 981808, 41339644, 1008284, 42404496, 1034256, 43584886, 1063046, 44831778, 1093458, 46061942, 1123462, 47284398, 1153278, 48579096, 1184856, 49943084, 1218124, 51227204, 1249444, 52523788, 1281068, 53913278, 1314958, 55256520, 1347720, 56646666, 1381626, 58066004, 1416244, 59585956, 1453316, 61180692, 1492212, 62753042, 1530562, 64434452, 1571572, 66010738, 1610018, 67762176, 1652736, 69537476, 1696036, 71374932, 1740852, 73271346, 1787106, 75242298, 1835178, 77162328, 1882008, 79166900, 1930900, 81121370, 1978570, 83255502, 2030622, 85356834, 2081874, 87518846, 2134606, 89761874, 2189314, 92125606, 2246966, 94382000, 2302000, 96749996, 2359756, 99114466, 2417426, 101649742, 2479262, 104284566, 2543526, 106870518, 2606598, 109585538, 2672818, 112390348, 2741228, 115174002, 2809122, 118016122, 2878442, 121068982, 2952902, 72022, 3147488, 76768, 3299680, 80480, 3559292, 86812, 3716814, 90654, 3821610, 93210, 3994958, 97438, 4196104, 102344, 4336160, 105760, 4540914, 110754, 4712950, 114950, 4955178, 120858, 5222170, 127370, 5462676, 133236, 5723190, 139590, 5985344, 145984, 6244464, 152304, 6538188, 159468, 6787222, 165542, 7070614, 172454, 7280780, 177580, 7500786, 182946, 7702588, 187868, 7918740, 193140, 8253300, 201300, 8600734, 209774, 8895360, 216960, 9249026, 225586, 9493468, 231548, 9824010, 239610, 10091904, 246144, 10437042, 254562, 10851880, 264680, 11234410, 274010, 11541418, 281498, 11978478, 292158, 12426198, 303078, 12757560, 311160, 13120574, 320014, 13483014, 328854, 13972144, 340784, 14468490, 352890, 14835522, 361842, 15277502, 372622, 15716120, 383320, 16151294, 393934, 16573512, 404232, 17039026, 415586, 17501752, 426872, 18027618, 439698, 18533312, 452032, 19018342, 463862, 19618910, 478510, 20285980, 494780, 20936322, 510642, 21578956, 526316, 22293832, 543752, 22884724, 558164, 23589022, 575342, 24305784, 592824, 24922178, 607858, 25685598, 626478, 26495922, 646242, 15762, 746856, 18216, 821640, 20040, 992528, 24208, 1101588, 26868, 1189738, 29018, 1364890, 33290, 1582026, 38586, 1644182, 40102, 1703140, 41540, 1777678, 43358, 1920030, 46830, 2004572, 48892, 2147744, 52384, 2327406, 56766, 2487880, 60680, 1480, 81016, 1976, 120704, 2944, 279210, 6810, 304876, 7436, 383022, 9342, 557354, 13594, 679370, 16570, 724224, 17664, 902164, 22004, 1056160, 25760, 1138488, 27768, 1218110, 29710, 1370384, 33424, 1446234, 35274, 1547504, 37744, 1698384, 41424, 1805804, 44044, 1896988, 46268, 2037536, 49696, 2106088, 51368, 2327160, 56760, 2459344, 59984, 2524042, 61562, 2684598, 65478, 2754790, 67190, 2972828, 72508, 3139616, 76576, 3352898, 81778, 3547812, 86532, 3738052, 91172, 3965930, 96730, 4114514, 100354, 4342146, 105906, 4462194, 108834, 4665308, 113788, 4840378, 118058, 5048002, 123122, 5359684, 130724, 5565832, 135752, 5706298, 139178, 5958612, 145332, 6235936, 152096, 6515310, 158910, 6839210, 166810, 7109728, 173408, 7372702, 179822, 7726942, 188462, 8037968, 196048, 8361294, 203934, 4974, 270190, 6590, 418200, 10200, 579248, 14128, 706512, 17232, 780312, 19032, 837056, 20416, 1041318, 25398, 1156282, 28202, 1349474, 32914, 1533236, 37396, 1589488, 38768, 1736678, 42358, 1802606, 43966, 1912568, 46648, 2105350, 51350, 2241552, 54672, 2385790, 58190, 2495834, 60874, 2698128, 65808, 2778078, 67758, 2968400, 72400, 3205790, 78190, 3298122, 80442, 1962, 247394, 6034, 286426, 6986, 368836, 8996, 457970, 11170, 553992, 13512, 675926, 16486, 711268, 17348, 752186, 18346, 860098, 20978, 1008354, 24594, 1197938, 29218, 1349720, 32920, 1561772, 38092, 1614006, 39366, 1681656, 41016, 1798096, 43856, 1969230, 48030, 2106826, 51386, 2219494, 54134, 2339624, 57064, 2552250, 62250, 2671068, 65148, 2924776, 71336, 3170530, 77330, 3266716, 79676, 3407674, 83114, 3523786, 85946, 3656872, 89192, 3826202, 93322, 3947808, 96288, 4138376, 100936, 4404302, 107422, 4521152, 110272, 4739846, 115606, 4982730, 121530, 5132544, 125184, 5309582, 129502, 5552220, 135420, 5866772, 143092, 6019292, 146812, 6316952, 154072, 6636014, 161854, 6925146, 168906, 7221330, 176130, 7562450, 184450, 7897748, 192628, 8137516, 198476, 8505696, 207456, 8887570, 216770, 9118482, 222402, 9425736, 229896, 9698058, 236538, 9977022, 243342, 10253362, 250082, 10611866, 258826, 11030968, 269048, 11328300, 276300, 11609314, 283154, 11930180, 290980, 12235302, 298422, 12646860, 308460, 13035458, 317938, 13466532, 328452, 13799698, 336578, 14178702, 345822, 14656516, 357476, 15193124, 370564, 15591972, 380292, 16052402, 391522, 16505206, 402566, 17039764, 415604, 17587360, 428960, 18101172, 441492, 18561520, 452720, 19198086, 468246, 19788896, 482656, 20290408, 494888, 20870148, 509028, 21440458, 522938, 22076532, 538452, 22803544, 556184, 23449294, 571934, 24139078, 588758, 24911682, 607602, 25627706, 625066, 26351766, 642726, 27041632, 659552, 27823748, 678628, 28676794, 699434, 29446938, 718218, 30264150, 738150, 31129578, 759258, 31983116, 780076, 32810332, 800252, 33676580, 821380, 34625238, 844518, 20598, 940540, 22940, 1062474, 25914, 1097816, 26776, 1138734, 27774, 1246646, 30406, 1394902, 34022, 1584486, 38646, 1736268, 42348, 1948320, 47520, 2000554, 48794, 2068204, 50444, 2184644, 53284, 2355778, 57458, 2493374, 60814, 2606042, 63562, 2726172, 66492, 2938798, 71678, 3057616, 74576, 3311324, 80764, 3557078, 86758, 3653264, 89104, 3794222, 92542, 3910334, 95374, 4043420, 98620, 4212750, 102750, 4334356, 105716, 4524924, 110364, 4790850, 116850, 2850, 218694, 5334, 242884, 5924, 343088, 8368, 370312, 9032, 435912, 10632, 507826, 12386, 539068, 13148, 684208, 16688, 705610, 17210, 868954, 21194, 1069280, 26080, 1114216, 27176, 1301668, 31748, 1399412, 34132, 1527824, 37264, 1734792, 42312, 1032, 76342, 1862, 158342, 3862, 199916, 4876, 383924, 9364, 468712, 11432, 640420, 15620, 844600, 20600, 950052, 23172, 1006222, 24542, 1143900, 27900, 1266080, 30880, 1329958, 32438, 1395394, 34034, 1448284, 35324, 1592030, 38830, 1645002, 40122, 1798260, 43860, 1988254, 48494, 2187596, 53356, 2311662, 56382, 2401042, 58562, 2525600, 61600, 2672052, 65172, 2845646, 69406, 3075328, 75008, 3239902, 79022, 3389634, 82674, 3557160, 86760, 3662776, 89336, 3931244, 95884, 4149692, 101212, 4364040, 106440, 4489336, 109496, 4721396, 115156, 4968544, 121184, 5226434, 127474, 5377478, 131158, 5697196, 138956, 5869150, 143150, 6101866, 148826, 6425110, 156710, 6619532, 161452, 6945974, 169414, 7124816, 173776, 7383444, 180084, 7620096, 185856, 7820094, 190734, 8020256, 195616, 8239442, 200962, 8539398, 208278, 8931522, 217842, 9191790, 224190, 9425408, 229888, 9660010, 235610, 10008756, 244116, 10262300, 250300, 10682304, 260544, 11084268, 270348, 11519606, 280966, 11960848, 291728, 12313858, 300338, 12675478, 309158, 13069488, 318768, 13548532, 330452, 14034546, 342306, 14555984, 355024, 14934578, 364258, 15364832, 374752, 15796152, 385272, 16351128, 398808, 16754650, 408650, 17177442, 418962, 17709540, 431940, 18165050, 443050, 18626956, 454316, 19250976, 469536, 19739368, 481448, 20343380, 496180, 21023406, 512766, 21630452, 527572, 22275874, 543314, 22927610, 559210, 23538674, 574114, 24263636, 591796, 24864860, 606460, 25608026, 624586, 26388174, 643614, 27206206, 663566, 27973480, 682280, 28844320, 703520, 29552554, 720794, 30339344, 739984, 31154752, 759872, 32004190, 780590, 32935628, 803308, 33908640, 827040, 34872386, 850546, 35727646, 871406, 36754614, 896454, 37792488, 921768, 38742540, 944940, 39748762, 969482, 40892662, 997382, 41965468, 1023548, 43102152, 1051272, 44304272, 1080592, 45559282, 1111202, 46764764, 1140604, 48023218, 1171298, 49241656, 1201016, 50456814, 1230654, 51871314, 1265154, 53216606, 1297966, 54651278, 1332958, 56017234, 1366274, 57529642, 1403162, 59022370, 1439570, 60551506, 1476866, 62051942, 1513462, 63702110, 1553710, 65326530, 1593330, 67056566, 1635526, 68861796, 1679556, 70692200, 1724200, 72543678, 1769358, 74327178, 1812858, 76149464, 1857304, 78025624, 1903064, 79966400, 1950400, 82058220, 2001420, 84083210, 2050810, 86280154, 2104394, 88516540, 2158940, 90689622, 2211942, 93057126, 2269686, 95364524, 2325964, 97850764, 2386604, 100402358, 2448838, 102997330, 2512130, 105599026, 2575586, 108207610, 2639210, 111035380, 2708180, 113776558, 2775038, 116716586, 2846746, 119723608, 2920088, 122770974, 2994414, 125859668, 3069748, 129103834, 3148874, 132408270, 3229470, 135746162, 3310882, 139099470, 3392670, 142501568, 3475648, 146151634, 3564674, 149768162, 3652882, 153553036, 3745196, 157345372, 3837692, 161230204, 3932444, 165214502, 4029622, 169333690, 4130090, 173638198, 4235078, 177986412, 4341132, 182379398, 4448278, 186940812, 4559532, 191519200, 4671200, 196327106, 4788466, 201280562, 4909282, 206302980, 5031780, 211400756, 5156116, 216736004, 5286244, 222173096, 5418856, 227634378, 5552058, 233195864, 5687704, 238977848, 5828728, 244825432, 5971352, 250938204, 6120444, 257082218, 6270298, 263371372, 6423692, 269875202, 6582322, 276542376, 6744936, 283409876, 6912436, 168596, 7099888, 173168, 7390906, 180266, 7712592, 188112, 7919560, 193160, 8155146, 198906, 8424762, 205482, 8776378, 214058, 9169568, 223648, 9553492, 233012, 9828930, 239730, 10082802, 245922, 10347580, 252380, 10717810, 261410, 11144210, 271810, 11515014, 280854, 11814724, 288164, 12178312, 297032, 12607336, 307496, 13089250, 319250, 13521636, 329796, 14006994, 341634, 14452336, 352496, 14894398, 363278, 15342528, 374208, 15721450, 383450, 16189752, 394872, 16589338, 404618, 17135376, 417936, 17661734, 430774, 18224500, 444500, 18758566, 457526, 19249090, 469490, 19907140, 485540, 20477532, 499452, 21123118, 515198, 21793878, 531558, 22485712, 548432, 23109568, 563648, 23772210, 579810, 24488726, 597286, 25269858, 616338, 26008760, 634360, 26680832, 650752, 15872, 690194, 16834, 820164, 20004, 1014586, 24746, 1147754, 27994, 1326596, 32356, 1391950, 33950, 1435328, 35008, 1635326, 39886, 1835488, 44768, 2054674, 50114, 2161356, 52716, 2360206, 57566, 2427200, 59200, 2660818, 64898, 2895420, 70620, 3050892, 74412, 3304436, 80596, 3531166, 86126, 3739856, 91216, 3981920, 97120, 4229888, 103168, 4389624, 107064, 4557970, 111170, 4758706, 116066, 5044476, 123036, 5337216, 130176, 5472106, 133466, 5657426, 137986, 5894406, 143766, 6132452, 149572, 6300880, 153680, 6511128, 158808, 6740646, 164406, 7079470, 172670, 7341706, 179066, 7610338, 185618, 7847810, 191410, 8142928, 198608, 8360392, 203912, 8653870, 211070, 8874368, 216448, 9133242, 222762, 9398430, 229230, 9816220, 239420, 10154634, 247674, 10562584, 257624, 10919202, 266322, 11312802, 275922, 11744286, 286446, 12125012, 295732, 12609304, 307544, 12930990, 315390, 13331232, 325152, 13760092, 335612, 14222982, 346902, 14574598, 355478, 14967788, 365068, 15351712, 374432, 15820424, 385864, 16267570, 396770, 16725622, 407942, 17289126, 421686, 17715526, 432086, 18279604, 445844, 18772588, 457868, 19329450, 471450, 19951748, 486628, 20626936, 503096, 21252596, 518356, 21931228, 534908, 22569844, 550484, 23205180, 565980, 23846584, 581624, 24612054, 600294, 25273630, 616430, 26059764, 635604, 26799076, 653636, 27518708, 671188, 28274748, 689628, 29002088, 707368, 29879160, 728760, 30730484, 749524, 31494150, 768150, 32333010, 788610, 33197044, 809684, 34082152, 831272, 35092556, 855916, 20876, 909790, 22190, 974406, 23766, 1125450, 27450, 1251894, 30534, 1423848, 34728, 1463290, 35690, 1593260, 38860, 1787682, 43602, 1920850, 46850, 2099692, 51212, 2165046, 52806, 2401698, 58578, 2601696, 63456, 2801858, 68338, 3021044, 73684, 3127726, 76286, 3326576, 81136, 3586844, 87484, 3820462, 93182, 4055064, 98904, 4210536, 102696, 4464080, 108880, 4690810, 114410, 4899500, 119500, 5141564, 125404, 5389532, 131452, 5549268, 135348, 5717614, 139454, 5918350, 144350, 6204120, 151320, 6496860, 158460, 6825024, 166464, 7010344, 170984, 7247324, 176764, 7485370, 182570, 7847072, 191392, 8057320, 196520, 8286838, 202118, 8625662, 210382, 8887898, 216778, 9156530, 223330, 9394002, 229122, 9689120, 236320, 10099858, 246338, 10393336, 253496, 10807108, 263588, 11259256, 274616, 11717718, 285798, 12135508, 295988, 12473922, 304242, 12881872, 314192, 13238490, 322890, 13632090, 332490, 14063574, 343014, 14444300, 352300, 14928592, 364112, 15443552, 376672, 15843794, 386434, 16272654, 396894, 16735544, 408184, 17280434, 421474, 17866898, 435778, 18444096, 449856, 18912808, 461288, 19553228, 476908, 20204554, 492794, 20768058, 506538, 21387732, 521652, 21951810, 535410, 22638068, 552148, 23194930, 565730, 23817228, 580908, 24492416, 597376, 25118076, 612636, 25796708, 629188, 26435324, 644764, 27263934, 664974, 28098612, 685332, 28864082, 704002, 29718932, 724852, 30505066, 744026, 31437652, 766772, 32350558, 789038, 33299872, 812192, 34220486, 834646, 35097558, 856038, 36142156, 881516, 37099096, 904856, 38131230, 930030, 39188538, 955818, 40266920, 982120, 41277324, 1006764, 42326514, 1032354, 43429578, 1059258, 44597258, 1087738, 45722708, 1115188, 46974602, 1145722, 48205176, 1175736, 49475192, 1206712, 29432, 1401134, 34174, 1534302, 37422, 1713144, 41784, 1778498, 43378, 1058, 199998, 4878, 393436, 9596, 412460, 10060, 493230, 12030, 585398, 14278, 646816, 15776, 813440, 19840, 1007698, 24578, 1121842, 27362, 1219914, 29754, 1386374, 33814, 1561608, 38088, 1788256, 43616, 1987434, 48474, 2092476, 51036, 2294360, 55960, 2520024, 61464, 2605058, 63538, 2805302, 68422, 3034000, 74000, 3277704, 79944, 3522638, 85918, 3716978, 90658, 3840634, 93674, 4075728, 99408, 4288272, 104592, 4397578, 107258, 4514264, 110104, 4713934, 114974, 4876048, 118928, 5126968, 125048, 5435862, 132582, 5705150, 139150, 6018718, 146798, 6250368, 152448, 6449956, 157316, 6795832, 165752, 7103004, 173244, 7365814, 179654, 7701030, 187830, 7931286, 193446, 8162444, 199084, 8498234, 207274, 8795074, 214514, 9019016, 219976, 9290846, 226606, 9706012, 236732, 10126590, 246990, 10401864, 253704, 10829986, 264146, 11207268, 273348, 11485330, 280130, 11850312, 289032, 12247766, 298726, 7286, 442718, 10798, 524226, 12786, 702002, 17122, 836974, 20414, 1031806, 25166, 1212534, 29574, 1303390, 31790, 1405890, 34290, 1506176, 36736, 896, 202622, 4942, 311272, 7592, 351862, 8582, 421726, 10286, 601716, 14676, 800238, 19518, 829184, 20224, 901262, 21982, 951528, 23208, 984164, 24004, 1097734, 26774, 1129222, 27542, 1302898, 31778, 1348818, 32898, 1457140, 35540, 1652956, 40316, 1754554, 42794, 1943482, 47402, 2019168, 49248, 2101414, 51254, 2171524, 52964, 2380050, 58050, 2603090, 63490, 2770288, 67568, 1648, 106928, 2608, 227386, 5546, 284786, 6946, 371870, 9070, 423366, 10326, 598682, 14602, 641568, 15648, 784494, 19134, 935620, 22820, 1071576, 26136, 1187278, 28958, 1272804, 31044, 1336846, 32606, 1421306, 34666, 1554966, 37926, 1597606, 38966, 1711996, 41756, 1838604, 44844, 2029582, 49502, 2149794, 52434, 2371932, 57852, 2434498, 59378, 2541016, 61976, 2720842, 66362, 2900340, 70740, 3041790, 74190, 3214974, 78414, 3397096, 82856, 3649656, 89016, 3762242, 91762, 3872860, 94460, 4141738, 101018, 4407746, 107506, 4534108, 110588, 4696550, 114550, 4985518, 121598, 5262678, 128358, 5523028, 134708, 5766158, 140638, 5944508, 144988, 6146064, 149904, 6333680, 154480, 6643722, 162042, 6852904, 167144, 7152040, 174440, 7449044, 181684, 7692010, 187610, 8044610, 196210, 8358670, 203870, 8647392, 210912, 8896016, 216976, 9131848, 222728, 9430000, 230000, 9806134, 239174, 10144302, 247422, 10523716, 256676, 10855816, 264776, 11304438, 275718, 11740432, 286352, 12064496, 294256, 12547312, 306032, 12891056, 314416, 13337464, 325304, 13709908, 334388, 14199858, 346338, 14598050, 356050, 14982384, 365424, 15498656, 378016, 16051090, 391490, 16546288, 403568, 16973426, 413986, 17429838, 425118, 17996376, 438936, 18581446, 453206, 19190214, 468054, 19842114, 483954, 20472202, 499322, 21084660, 514260, 21778052, 531172, 22389362, 546082, 22949586, 559746, 23575328, 575008, 24263472, 591792, 25039110, 610710, 25720530, 627330, 26489280, 646080, 27144788, 662068, 16148, 843206, 20566, 981622, 23942, 1189410, 29010, 1326842, 32362, 1420486, 34646, 1459846, 35606, 1580304, 38544, 1637704, 39944, 1724788, 42068, 1776284, 43324, 1951600, 47600, 2187760, 53360, 2330686, 56846, 2481812, 60532, 2617768, 63848, 2733470, 66670, 2818996, 68756, 3076312, 75032, 3160772, 77092, 3294432, 80352, 3530346, 86106, 3644736, 88896, 3771344, 91984, 3962322, 96642, 4082534, 99574, 4304672, 104992, 4560512, 111232, 4860304, 118544, 5040130, 122930, 5219628, 127308, 5361078, 130758, 5534262, 134982, 5716384, 139424, 5968944, 145584, 6274804, 153044, 6578696, 160456, 6847574, 167014, 7113582, 173502, 7433218, 181298, 7788934, 189974, 8077902, 197022, 8355062, 203782, 8615412, 210132, 8858542, 216062, 9230166, 225126, 9624996, 234756, 10005886, 244046, 10315928, 251608, 10718384, 261424, 11017520, 268720, 11314524, 275964, 11750764, 286604, 12103364, 295204, 12417424, 302864, 12899420, 314620, 13341318, 325398, 13770424, 335864, 14261850, 347850, 14637984, 357024, 15169426, 369986, 15548840, 379240, 16074214, 392054, 16522836, 402996, 16958830, 413630, 17476168, 426248, 17958984, 438024, 18496002, 451122, 19135684, 466724, 19701402, 480522, 20191352, 492472, 20782818, 506898, 21360426, 520986, 22069972, 538292, 22622406, 551766, 23310878, 568558, 23931290, 583690, 24580976, 599536, 25340788, 618068, 26119132, 637052, 26921174, 656614, 27766348, 677228, 28589710, 697310, 29395442, 716962, 30282108, 738588, 31086692, 758212, 32033464, 781304, 32852480, 801280, 33733898, 822778, 34702810, 846410, 35577504, 867744, 36539528, 891208, 37581584, 916624, 38630200, 942200, 39666680, 967480, 40648302, 991422, 41644438, 1015718, 42778006, 1043366, 44005218, 1073298, 26178, 1193756, 29116, 1251156, 30516, 1338240, 32640, 1389736, 33896, 1565052, 38172, 1607938, 39218, 1750864, 42704, 1901990, 46390, 2037946, 49706, 2153648, 52528, 2239174, 54614, 2303216, 56176, 2387676, 58236, 2521336, 61496, 2757250, 67250, 2871640, 70040, 2998248, 73128, 3189226, 77786, 3309438, 80718, 3531576, 86136, 3787416, 92376, 3893934, 94974, 4073760, 99360, 4253258, 103738, 4394708, 107188, 4567892, 111412, 4750014, 115854, 5002574, 122014, 5308434, 129474, 5612326, 136886, 5881204, 143444, 6147212, 149932, 6466848, 157728, 6629290, 161690, 6918258, 168738, 7195418, 175498, 7455768, 181848, 7698898, 187778, 8070522, 196842, 8272078, 201758, 8652968, 211048, 8963010, 218610, 9365466, 228426, 9664602, 235722, 9961606, 242966, 5926, 352600, 8600, 507334, 12374, 675270, 16470, 828446, 20206, 1008928, 24608, 1071248, 26128, 1149230, 28030, 1304538, 31818, 1345784, 32824, 1491744, 36384, 1608266, 39226, 1788912, 43632, 1870256, 45616, 2029008, 49488, 2083210, 50810, 2185874, 53314, 2305184, 56224, 2422690, 59090, 2524206, 61566, 2703622, 65942, 2835560, 69160, 3064996, 74756, 3201034, 78074, 3326248, 81128, 3548796, 86556, 3658922, 89242, 3870728, 94408, 4087700, 99700, 4324106, 105466, 4495568, 109648, 4671212, 113932, 4945420, 120620, 5249886, 128046, 5392074, 131514, 5650866, 137826, 5906542, 144062, 6187310, 150910, 6479640, 158040, 6760244, 164884, 7033550, 171550, 7233384, 176424, 7414522, 180842, 7746212, 188932, 7954000, 194000, 8284706, 202066, 8571624, 209064, 8804258, 214738, 9117990, 222390, 9368664, 228504, 9649022, 235342, 9893792, 241312, 10262382, 250302, 10691816, 260776, 11028016, 268976, 11372416, 277376, 11701646, 285406, 12010622, 292942, 12482696, 304456, 12933286, 315446, 13404294, 326934, 7974, 429188, 10468, 500938, 12218, 298, 64370, 1570, 122508, 2988, 295200, 7200, 420250, 10250, 250, 29356, 716, 119638, 2918, 155554, 3794, 263056, 6416, 363752, 8872, 448048, 10928, 562684, 13724, 717828, 17508, 740050, 18050, 805240, 19640, 829594, 20234, 948822, 23142, 1056816, 25776, 1214584, 29624, 1347916, 32876, 1545782, 37702, 1691906, 41266, 1827452, 44572, 1895594, 46234, 2069106, 50466, 2289276, 55836, 2510102, 61222, 2613750, 63750, 2847204, 69444, 3062782, 74702, 1822, 161376, 3936, 96, 70028, 1708, 199014, 4854, 279292, 6812, 314388, 7668, 326770, 7970, 410164, 10004, 244, 194094, 4734, 288394, 7034, 403850, 9850, 460840, 11240, 500364, 12204, 639846, 15606, 778016, 18976, 957268, 23348, 1070182, 26102, 1218848, 29728, 1262718, 30798, 1326514, 32354, 1382438, 33718, 1491580, 36380, 1589242, 38762, 1708142, 41662, 1778088, 43368, 1967590, 47990, 2109860, 51460, 2184890, 53290, 2384314, 58154, 2517892, 61412, 2744294, 66934, 2914936, 71096, 2995460, 73060, 3252366, 79326, 3482540, 84940, 3704186, 90346, 3902954, 95194, 4153710, 101310, 4443580, 108380, 4632098, 112978, 4853498, 118378, 5023730, 122530, 5249968, 128048, 5401586, 131746, 5594614, 136454, 5759352, 140472, 5928108, 144588, 6176404, 150644, 6374188, 155468, 6704074, 163514, 6895872, 168192, 7111204, 173444, 7350644, 179284, 7680776, 187336, 7901110, 192710, 8140960, 198560, 8518652, 207772, 8844274, 215714, 9121270, 222470, 9362596, 228356, 9718230, 237030, 9997686, 243846, 10331098, 251978, 10738638, 261918, 11047696, 269456, 11336008, 276488, 11730346, 286106, 12054164, 294004, 12508444, 305084, 12827670, 312870, 13329100, 325100, 13706054, 334294, 14139342, 344862, 14536058, 354538, 14942450, 364450, 15311614, 373454, 15807632, 385552, 16329890, 398290, 16803604, 409844, 17251160, 420760, 17756772, 433092, 18232290, 444690, 18695836, 455996, 19316822, 471142, 19839818, 483898, 20399140, 497540, 20920250, 510250, 21454070, 523270, 22109332, 539252, 22742864, 554704, 23368278, 569958, 24018374, 585814, 24632472, 600792, 25322830, 617630, 25968744, 633384, 26677552, 650672, 27337652, 666772, 28145844, 686484, 28931322, 705642, 29787812, 726532, 30570912, 745632, 31344828, 764508, 32213044, 785684, 33003442, 804962, 33850830, 825630, 34737742, 847262, 35764136, 872296, 36735426, 895986, 37692694, 919334, 38762876, 945436, 39788450, 970450, 40857894, 996534, 41991134, 1024174, 43180298, 1053178, 44285330, 1080130, 45488024, 1109464, 46616344, 1136984, 47814610, 1166210, 49009104, 1195344, 50345868, 1227948, 51757662, 1262382, 53175606, 1296966, 54533854, 1330094, 55925230, 1364030, 57293974, 1397414, 58743242, 1432762, 60256142, 1469662, 61805942, 1507462, 63384114, 1545954, 64967780, 1584580, 66608928, 1624608, 68346672, 1666992, 70079660, 1709260, 71840774, 1752214, 73772120, 1799320, 75736430, 1847230, 77659084, 1894124, 79581492, 1941012, 81668638, 1991918, 83731266, 2042226, 85848916, 2093876, 87971076, 2145636, 90229848, 2200728, 92487144, 2255784, 94766498, 2311378, 97092018, 2368098, 99554396, 2428156, 102043834, 2488874, 104579848, 2550728, 107300280, 2617080, 109959786, 2681946, 112703014, 2748854, 115494294, 2816934, 118447934, 2888974, 121487756, 2963116, 124474442, 3035962, 127675394, 3114034, 130798856, 3190216, 134017356, 3268716, 137436920, 3352120, 140793754, 3433994, 144411594, 3522234, 147962112, 3608832, 151627512, 3698232, 155476592, 3792112, 159372412, 3887132, 163278400, 3982400, 167397506, 4082866, 171499228, 4182908, 175710420, 4285620, 180057322, 4391642, 184491390, 4499790, 189179740, 4614140, 112540, 4896384, 119424, 5166656, 126016, 5401094, 131734, 5537542, 135062, 5710316, 139276, 6038152, 147272, 3592, 268714, 6554, 440258, 10738, 625414, 15254, 650096, 15856, 807372, 19692, 883632, 21552, 1032462, 25182, 1095356, 26716, 1239922, 30242, 1388014, 33854, 1558574, 38014, 1629586, 39746, 1749470, 42670, 1933560, 47160, 2027860, 49460, 2143316, 52276, 2200306, 53666, 2433104, 59344, 2572586, 62746, 2710756, 66116, 2890008, 70488, 3002922, 73242, 3151588, 76868, 3388732, 82652, 3645802, 88922, 3895000, 95000, 4004142, 97662, 2382, 118900, 2900, 263220, 6420, 382776, 9336, 528818, 12898, 654852, 15972, 779246, 19006, 906674, 22114, 999498, 24378, 1137012, 27732, 1240168, 30248, 1416550, 34550, 1583092, 38612, 1767838, 43118, 1938234, 47274, 1990222, 48542, 2222610, 54210, 2314532, 56452, 2540688, 61968, 2682794, 65434, 2932074, 71514, 3050728, 74408, 3285412, 80132, 3450396, 84156, 3647688, 88968, 3920502, 95622, 4063264, 99104, 4195366, 102326, 4443826, 108386, 4660634, 113674, 4878016, 118976, 5161982, 125902, 5438732, 132652, 5651522, 137842, 3362, 82]
41,1,122,[159, 186714, 4554, 206271, 5031, 356331, 8691, 565062, 13782, 608850, 14850, 663708, 16188, 849930, 20730, 995685, 24285, 1084983, 26463, 1201464, 29304, 1380798, 33678, 1499493, 36573, 1541067, 37587, 1733685, 42285, 1845984, 45024, 1921014, 46854, 2127900, 51900, 2354835, 57435, 2587305, 63105, 2680416, 65376, 2855814, 69654, 3105504, 75744, 3266265, 79665, 3355932, 81852, 3517800, 85800, 3743628, 91308, 3839937, 93657, 3998607, 97527, 4241163, 103443, 2523, 215988, 5268, 321276, 7836, 354117, 8637, 497781, 12141, 534927, 13047, 592983, 14463, 762477, 18597, 901098, 21978, 933078, 22758, 970839, 23679, 1104540, 26940, 1146483, 27963, 1179447, 28767, 1338240, 32640, 1390884, 33924, 1509825, 36825, 1581657, 38577, 1805271, 44031, 2039340, 49740, 2124087, 51807, 2295918, 55998, 2516949, 61389, 2638350, 64350, 2807721, 68481, 2931213, 71493, 3152736, 76896, 3334653, 81333, 3566016, 86976, 3728007, 90927, 3968964, 96804, 4080771, 99531, 4300326, 104886, 4445220, 108420, 4633656, 113016, 4846692, 118212, 5009913, 122193, 5197119, 126759, 5463906, 133266, 5677188, 138468, 5870667, 143187, 6088869, 148509, 6272385, 152985, 6495384, 158424, 3864, 212298, 5178, 277488, 6768, 299259, 7299, 311559, 7599, 389172, 9492, 503685, 12285, 645996, 15756, 721764, 17604, 814383, 19863, 929265, 22665, 1116963, 27243, 1239225, 30225, 1309458, 31938, 1541436, 37596, 1779072, 43392, 1892478, 46158, 2103669, 51309, 2244996, 54756, 2404773, 58653, 2578449, 62889, 2821374, 68814, 2970204, 72444, 3232686, 78846, 3326535, 81135, 3592707, 87627, 3730344, 90984, 3846333, 93813, 3965151, 96711, 4226895, 103095, 4435011, 108171, 4608195, 112395, 4790604, 116844, 5082483, 123963, 5306466, 129426, 5585922, 136242, 5922204, 144444, 6071649, 148089, 6409776, 156336, 6581115, 160515, 3915, 264450, 6450, 335913, 8193, 514140, 12540, 701715, 17115, 808848, 19728, 863583, 21063, 1034676, 25236, 1164933, 28413, 693, 214143, 5223, 299382, 7302, 326688, 7968, 404670, 9870, 564570, 13770, 753375, 18375, 806757, 19677, 1016472, 24792, 1181292, 28812, 1360134, 33174, 1418313, 34593, 1602936, 39096, 1757055, 42855, 1849920, 45120, 1995060, 48660, 2213754, 53994, 2457786, 59946, 2537736, 61896, 2734659, 66699, 2966391, 72351, 3173769, 77409, 3256179, 79419, 3345600, 81600, 3477210, 84810, 3672042, 89562, 3851622, 93942, 4000575, 97575, 4278186, 104346, 4387533, 107013, 4509549, 109989, 4754565, 115965, 4955547, 120867, 5276454, 128694, 5585184, 136224, 5831430, 142230, 5978661, 145821, 6249507, 152427, 6551964, 159804, 6846795, 166995, 7023792, 171312, 7265118, 177198, 7627353, 186033, 7893402, 192522, 8220951, 200511, 8526483, 207963, 8789457, 214377, 9148863, 223143, 9477027, 231147, 9858204, 240444, 10198668, 248748, 10452417, 254937, 10907394, 266034, 11303454, 275694, 11629158, 283638, 6918, 440586, 10746, 471336, 11496, 562848, 13728, 746610, 18210, 794826, 19386, 984246, 24006, 1113273, 27153, 1195437, 29157, 1254600, 30600, 1355214, 33054, 1428276, 34836, 1598139, 38979, 1782147, 43467, 1860621, 45381, 2081037, 50757, 2331834, 56874, 2423715, 59115, 2652864, 64704, 2747574, 67014, 2914608, 71088, 3160731, 77091, 3292833, 80313, 3548181, 86541, 3789753, 92433, 3977205, 97005, 4274250, 104250, 4518528, 110208, 2688, 227919, 5559, 353502, 8622, 422136, 10296, 457437, 11157, 493599, 12039, 635664, 15504, 681174, 16614, 742797, 18117, 940950, 22950, 1118931, 27291, 1276248, 31128, 1352385, 32985, 1490391, 36351, 1651767, 40287, 1817079, 44319, 2056437, 50157, 2176608, 53088, 2399730, 58530, 2573283, 62763, 2801079, 68319, 2934411, 71571, 3136008, 76488, 3327519, 81159, 3508698, 85578, 3649287, 89007, 3923331, 95691, 4209060, 102660, 4496757, 109677, 4616436, 112596, 4779042, 116562, 5095644, 124284, 5284941, 128901, 5603880, 136680, 5875587, 143307, 6078906, 148266, 6277182, 153102, 6470292, 157812, 6643107, 162027, 6985170, 170370, 7230555, 176355, 7476924, 182364, 7844325, 191325, 8130669, 198309, 8494011, 207171, 8896221, 216981, 9158211, 223371, 9396585, 229185, 9805806, 239166, 10109985, 246585, 10411581, 253941, 10805550, 263550, 11079102, 270222, 11509356, 280716, 11940102, 291222, 12431364, 303204, 12779577, 311697, 13166289, 321129, 13572435, 331035, 13908471, 339231, 14437740, 352140, 14949912, 364632, 15409563, 375843, 15970443, 389523, 16474989, 401829, 17021847, 415167, 17442015, 425415, 18067470, 440670, 18518142, 451662, 18999810, 463410, 19603248, 478128, 20216403, 493083, 20794503, 507183, 21366699, 521139, 22032867, 537387, 13107, 690522, 16842, 867396, 21156, 516, 141696, 3456, 205164, 5004, 220170, 5370, 425580, 10380, 470967, 11487, 517461, 12621, 700116, 17076, 817212, 19932, 867150, 21150, 1063335, 25935, 1204293, 29373, 1318683, 32163, 1445865, 35265, 1506135, 36735, 1742910, 42510, 1955454, 47694, 2058159, 50199, 2183373, 53253, 2411661, 58821, 2605509, 63549, 2869098, 69978, 3099108, 75588, 3299721, 80481, 3575241, 87201, 3837477, 93597, 4106109, 100149, 4341285, 105885, 4562193, 111273, 4873506, 118866, 5027379, 122619, 5295027, 129147, 5614212, 136932, 5916177, 144297, 6150492, 150012, 6470538, 157818, 6673365, 162765, 7016166, 171126, 7352325, 179325, 7691682, 187602, 8014311, 195471, 8329806, 203166, 8587983, 209463, 8972481, 218841, 9311346, 227106, 9573459, 233499, 9826962, 239682, 10251681, 250041, 10616745, 258945, 11025720, 268920, 11299641, 275601, 11775282, 287202, 12252522, 298842, 12721398, 310278, 13186707, 321627, 13623357, 332277, 14020647, 341967, 14497641, 353601, 14936259, 364299, 15370572, 374892, 15890493, 387573, 9453, 512049, 12489, 649563, 15843, 750423, 18303, 853743, 20823, 1054602, 25722, 1155339, 28179, 1243530, 30330, 1428891, 34851, 1468743, 35823, 1654596, 40356, 1754964, 42804, 1044, 138867, 3387, 267279, 6519]
43,1,3,[128, 11008, 256, 16512, 384, 22016, 512, 27520, 640, 33024, 768, 38528, 896, 44032, 1024, 49536, 1152, 55040, 1280, 60544, 1408, 66048, 1536, 71552, 1664, 77056, 1792, 82560, 1920, 88064, 2048, 93568, 2176, 99072, 2304, 104576, 2432, 110080, 2560, 115584, 2688, 121088, 2816, 126592, 2944, 132096, 3072, 137600, 3200, 143104, 3328, 148608, 3456, 154112, 3584, 159616, 3712, 165120, 3840, 170624, 3968, 176128, 4096, 181632, 4224, 187136, 4352, 192640, 4480, 198144, 4608, 203648, 4736, 209152, 4864, 214656, 4992, 220160, 5120, 225664, 5248, 231168, 5376, 236672, 5504]
43,1,20,[6, 5418, 126, 39904, 928, 62307, 1449, 89526, 2082, 107070, 2490, 143061, 3327, 160132, 3724, 186190, 4330, 216290, 5030, 257398, 5986, 271115, 6305, 300613, 6991, 329079, 7653, 372810, 8670, 404673, 9411, 445867, 10369, 461390, 10730, 491877, 11439, 504175, 11725, 540811, 12577, 571427, 13289, 586434, 13638, 606085, 14095, 649386, 15102, 672219, 15633, 708468, 16476, 730957, 16999, 759982, 17674, 778515, 18105, 798338, 18566, 845251, 19657, 870062, 20234, 910912, 21184, 956148, 22236, 982679, 22853, 1022712, 23784, 1050791, 24437, 1086395, 25265, 1132276, 26332, 1172352, 27264, 1201334, 27938, 1255901, 29207, 1293698, 30086, 1348695, 31365, 1395522, 32454, 1455464, 33848, 1495325, 34775, 1556729, 36203, 1627292, 37844, 1668572, 38804, 1722838, 40066, 1791251, 41657, 1861255, 43285, 1927733, 44831, 1994039, 46373, 2056733, 47831, 2117449, 49243, 2173564, 50548, 2243869, 52183, 2316668, 53876, 2404904, 55928, 2484884, 57788, 2576173, 59911, 2646392, 61544, 2717385, 63195, 2804632, 65224, 2900780, 67460, 2999164, 69748, 3070630, 71410, 3167810, 73670, 3250929, 75603, 3334263, 77541, 3422112, 79584, 3530902, 82114, 3636209, 84563, 3742247, 87029, 3863636, 89852, 3974963, 92441, 4096610, 95270, 4213355, 97985, 4337969, 100883, 4443147, 103329, 2403, 138374, 3218, 172516, 4012, 187695, 4365, 210958, 4906, 219300, 5100, 246734, 5738, 268793, 6251, 288788, 6716, 302376, 7032, 329165, 7655, 337679, 7853, 368725, 8575, 392762, 9134, 417358, 9706, 453693, 10551, 477988, 11116, 508002, 11814, 547304, 12728, 296, 45666, 1062, 72498, 1686, 81915, 1905, 94987, 2209, 110940, 2580, 60, 17243, 401, 29670, 690, 32078, 746, 45709, 1063, 73401, 1707, 100878, 2346, 123840, 2880, 162798, 3786, 168302, 3914, 173075, 4025, 199434, 4638, 235855, 5485, 261956, 6092, 292959, 6813, 316093, 7351, 358663, 8341, 403082, 9374, 218, 12169, 283, 33927, 789, 47601, 1107, 76196, 1772, 85699, 1993, 100577, 2339, 117519, 2733, 140868, 3276, 151016, 3512, 179439, 4173, 185330, 4310, 198230, 4610, 210571, 4897, 248110, 5770, 260752, 6064, 267675, 6225, 302247, 7029, 326456, 7592, 354664, 8248, 392977, 9139, 421873, 9811, 437697, 10179, 474505, 11035, 508733, 11831, 525718, 12226, 549970, 12790, 579081, 13467, 599420, 13940, 620232, 14424, 650977, 15139, 668693, 15551, 708296, 16472, 727345, 16915, 758004, 17628, 810851, 18857, 849465, 19755, 884682, 20574, 922436, 21452, 976530, 22710, 1004394, 23358, 1035483, 24081, 1060423, 24661, 1103982, 25674, 1132233, 26331, 1171449, 27243, 1219308, 28356, 1263985, 29395, 1315714, 30598, 1367787, 31809, 1427084, 33188, 1490337, 34659, 1525855, 35485, 1569930, 36510, 1609017, 37419, 1654167, 38469, 1715829, 39903, 1791810, 41670, 1836057, 42699, 993, 47128, 1096, 66263, 1541, 98728, 2296, 115627, 2689, 138073, 3211, 166195, 3865, 202702, 4714, 230609, 5363, 262601, 6107, 269567, 6269, 305042, 7094, 348214, 8098, 368338, 8566, 384635, 8945, 394439, 9173, 415638, 9666, 454510, 10570, 495145, 11515, 535866, 12462, 578393, 13451, 621909, 14463, 649257, 15099, 669510, 15570, 688516, 16012, 718272, 16704, 752156, 17492, 798854, 18578, 819150, 19050, 839059, 19513, 887778, 20646, 913578, 21246, 938260, 21820, 976401, 22707, 1001685, 23295, 1052468, 24476, 1084675, 25225, 1133093, 26351, 1189509, 27663, 1229198, 28586, 1286990, 29930, 1318638, 30666, 1355317, 31519, 733, 33970, 790, 48504, 1128, 58222, 1354, 77615, 1805, 115498, 2686, 135364, 3148, 146243, 3401, 153080, 3560, 185846, 4322, 209066, 4862, 216505, 5035, 224976, 5232, 255119, 5933, 297130, 6910, 329810, 7670, 351224, 8168, 394611, 9177, 419250, 9750, 456488, 10616, 499746, 11622, 521676, 12132, 538962, 12534, 569535, 13245, 583639, 13573, 621264, 14448, 336, 44849, 1043, 55341, 1287, 90988, 2116, 100835, 2345, 122937, 2859, 143835, 3345, 176386, 4102, 195091, 4537, 218526, 5082, 230480, 5360, 259892, 6044, 286552, 6664, 329294, 7658, 340388, 7916, 351740, 8180, 368510, 8570, 388247, 9029, 433354, 10078, 457176, 10632, 477257, 11099, 492651, 11457, 520429, 12103, 549712, 12784, 573663, 13341, 596453, 13871, 631799, 14693, 672262, 15634, 709371, 16497, 749920, 17440, 788835, 18345, 830373, 19311, 853120, 19840, 887563, 20641, 909063, 21141, 954256, 22192, 979884, 22788, 1037891, 24137, 1074054, 24978, 1131674, 26318, 1159710, 26970, 1194411, 27777, 1258266, 29262, 1306426, 30382, 1357424, 31568, 1394146, 32422, 754, 52933, 1231, 77357, 1799, 110080, 2560, 132397, 3079, 157810, 3670, 174365, 4055, 189587, 4409, 213753, 4971, 241058, 5606, 260408, 6056, 297388, 6916, 335228, 7796, 354191, 8237, 383044, 8908, 397965, 9255, 415810, 9670, 458122, 10654, 497123, 11561, 540467, 12569, 564203, 13121, 582478, 13546, 596883, 13881, 640829, 14903, 677207, 15749, 702405, 16335, 751382, 17474, 782600, 18200, 810249, 18843, 836823, 19461, 877759, 20413, 924801, 21507, 952321, 22147, 976186, 22702, 1034107, 24049, 1068464, 24848, 1125095, 26165, 1169299, 27193, 1211095, 28165, 655, 37410, 870, 46870, 1090, 60845, 1415, 95761, 2227, 127194, 2958, 159358, 3706, 169936, 3952, 207389, 4823, 218225, 5075, 224159, 5213, 237962, 5534, 269266, 6262, 298721, 6947, 326284, 7588, 351052, 8164, 390999, 9093, 417272, 9704, 451887, 10509, 476999, 11093, 524170, 12190, 554399, 12893, 598216, 13912, 631885, 14695, 674068, 15676, 710360, 16520, 733752, 17064, 781740, 18180, 829126, 19282, 863870, 20090, 891691, 20737, 921877, 21439, 964791, 22437, 1016434, 23638, 1066701, 24807, 1125009, 26163, 1167493, 27151, 1210106, 28142, 1255428, 29196, 1320702, 30714, 1361724, 31668, 1410572, 32804, 1476018, 34326, 1520652, 35364, 1571478, 36546, 1641525, 38175, 1708906, 39742, 1757238, 40866, 1811848, 42136, 1887485, 43895, 1961445, 45615, 2037125, 47375, 2111988, 49116, 2169694, 50458, 2236473, 52011, 2309100, 53700, 2393724, 55668, 2471726, 57482, 2558414, 59498, 2642823, 61461, 2716310, 63170, 2782057, 64699, 2869949, 66743, 2942705, 68435, 3030038, 70466, 3127992, 72744, 3227365, 75055, 3319600, 77200, 3409685, 79295, 3491557, 81199, 3585641, 83387, 3677618, 85526, 3799222, 88354, 3915064, 91048, 4020715, 93505, 4133977, 96139, 4259322, 99054, 4379851, 101857, 4510055, 104885, 4621812, 107484, 4752489, 110523, 4874179, 113353, 4991827, 116089, 5135404, 119428, 5269435, 122545, 5424622, 126154, 5580841, 129787, 5721795, 133065, 5874617, 136619, 6018108, 139956, 6187270, 143890, 6341468, 147476, 6513855, 151485, 6698841, 155787, 6889847, 160229, 7059525, 164175, 7224559, 168013, 7402880, 172160, 7601669, 176783, 7787042, 181094, 7986175, 185725, 8178772, 190204, 8381861, 194927, 8583660, 199620, 8795306, 204542, 9029054, 209978, 9246763, 215041, 9497023, 220861, 9729051, 226257, 9984514, 232198, 10251931, 238417, 10511823, 244461, 10761438, 250266, 11016858, 256206, 11283372, 262404, 11561238, 268866, 11855874, 275718, 12133310, 282170, 12418916, 288812, 12728344, 296008, 13057853, 303671, 13365819, 310833, 13701563, 318641, 14029653, 326271, 14381694, 334458, 14719588, 342316, 15092828, 350996, 15469594, 359758, 15846532, 368524, 16227082, 377374, 16609610, 386270, 16996739, 395273, 17406615, 404805, 17813997, 414279, 18242879, 424253, 18680017, 434419, 19142783, 445181, 19589682, 455574, 20072744, 466808, 10856, 494844, 11508, 529545, 12315, 556463, 12941, 604623, 14061, 327, 36722, 854, 69359, 1613, 89870, 2090, 114294, 2658, 147017, 3419, 169334, 3938, 194747, 4529, 211302, 4914, 226524, 5268, 250690, 5830, 277995, 6465, 297345, 6915, 334325, 7775, 372165, 8655, 391128, 9096, 419981, 9767, 434902, 10114, 452747, 10529, 495059, 11513, 534060, 12420, 577404, 13428, 601140, 13980, 619415, 14405, 335, 43946, 1022, 73315, 1705, 99072, 2304, 122851, 2857, 142029, 3303, 175397, 4079, 211259, 4913, 225621, 5247, 231727, 5389, 249142, 5794, 282424, 6568, 316480, 7360, 329853, 7671, 352127, 8189, 376637, 8759, 411166, 9562, 434472, 10104, 480654, 11178, 527051, 12257, 541026, 12582, 575942, 13394, 607375, 14125, 639539, 14873, 687054, 15978, 724507, 16849, 772280, 17960, 815151, 18957, 865891, 20137, 897195, 20865, 926650, 21550, 954213, 22191, 978981, 22767, 1018928, 23696, 1045201, 24307, 1079816, 25112, 584, 47171, 1097, 67166, 1562, 80754, 1878, 107543, 2501, 116057, 2699, 147103, 3421, 171140, 3980, 195736, 4552, 232071, 5397, 256366, 5962, 286380, 6660, 325682, 7574, 338410, 7870, 347139, 8073, 382700, 8900, 427678, 9946, 448791, 10437, 485857, 11299, 525503, 12221, 545455, 12685, 295, 44763, 1041, 53535, 1245, 89999, 2093, 117003, 2721, 130032, 3024, 145082, 3374, 165636, 3852, 190963, 4441, 205712, 4784, 219945, 5115, 260279, 6053, 294679, 6853, 315276, 7332, 341506, 7942, 375218, 8726, 418304, 9728, 436622, 10154, 451930, 10510, 477902, 11114, 506196, 11772, 546315, 12705, 576200, 13400, 612793, 14251, 642506, 14942, 675487, 15709, 703222, 16354, 731602, 17014, 773527, 17989, 804401, 18707, 824826, 19182, 847444, 19708, 879178, 20446, 917663, 21341, 950171, 22097, 1004910, 23370, 1046319, 24333, 1103294, 25658, 1154722, 26854, 1200474, 27918, 1237841, 28787, 1283808, 29856, 1325690, 30830, 1392598, 32386, 1430997, 33279, 1498636, 34852, 1552386, 36102, 1609963, 37441, 1674033, 38931, 1726708, 40156, 1798647, 41829, 1868823, 43461, 1938913, 45091, 2007197, 46679, 2074492, 48244, 2157955, 50185, 2211576, 51432, 2266444, 52708, 2347499, 54593, 2424426, 56382, 2488539, 57873, 2579054, 59978, 2669956, 62092, 1444, 85011, 1977, 123066, 2862, 146544, 3408, 159401, 3707, 170839, 3973, 189415, 4405, 210141, 4887, 239080, 5560, 255807, 5949, 274641, 6387, 300785, 6995, 332691, 7737, 374788, 8716, 409274, 9518, 431677, 10039, 458896, 10672, 476440, 11080, 512431, 11917, 529502, 12314, 555560, 12920, 585660, 13620, 626768, 14576, 677422, 15754, 706920, 16440, 735386, 17102, 779117, 18119, 810980, 18860, 852174, 19818, 904634, 21038, 935121, 21747, 984356, 22892, 1020992, 23744, 1051608, 24456, 1103552, 25664, 1160140, 26980, 1203441, 27987, 1263211, 29377, 1299460, 30220, 1358886, 31602, 1424848, 33136, 1480318, 34426, 1537078, 35746, 1583991, 36837, 1645739, 38273, 1686589, 39223, 1731825, 40275, 1795293, 41751, 1872263, 43541, 1937279, 45053, 2009820, 46740, 2092638, 48666, 2169651, 50457, 2235570, 51990, 2290137, 53259, 2364871, 54997, 1279, 83764, 1948, 96879, 2253, 113735, 2645, 135278, 3146, 144437, 3359, 152091, 3537, 165077, 3839, 179224, 4168, 217752, 5064, 251163, 5841, 287928, 6696, 321253, 7471, 356212, 8284, 388548, 9036, 402738, 9366, 442169, 10283, 457606, 10642, 486287, 11309, 263, 15867, 369, 37711, 877, 53191, 1237, 82775, 1925, 113047, 2629, 120830, 2810, 136525, 3175, 170624, 3968, 184900, 4300, 100, 16426, 382, 49450, 1150, 78088, 1816, 88494, 2058, 122335, 2845, 131193, 3051, 169463, 3941, 197456, 4592, 231254, 5378, 239209, 5563, 258516, 6012, 294593, 6851, 313470, 7290, 340517, 7919, 354449, 8243, 388462, 9034, 400932, 9324, 441180, 10260, 473774, 11018, 493382, 11474, 535780, 12460, 576587, 13409, 620920, 14440, 665425, 15475, 713542, 16594, 763637, 17759, 413, 40506, 942, 74949, 1743, 96449, 2243, 104705, 2435, 130333, 3031, 151403, 3521, 187566, 4362, 208249, 4843, 236285, 5495, 270986, 6302, 297904, 6928, 309127, 7189, 323188, 7516, 359910, 8370, 392332, 9124, 408328, 9496, 448748, 10436, 484954, 11278, 506540, 11780, 553539, 12873, 580156, 13492, 621995, 14465, 651063, 15141, 670499, 15593, 709285, 16495, 748114, 17398, 787846, 18322, 809604, 18828, 860215, 20005, 888810, 20670, 935250, 21750, 987065, 22955, 1040944, 24208, 1101230, 25610, 1148315, 26705, 1176738, 27366, 1219566, 28362, 1269403, 29521, 1318681, 30667, 1356220, 31540, 1405799, 32693, 1449659, 33713, 1484231, 34517, 1545377, 35939, 1610522, 37454, 1648835, 38345, 1714668, 39876, 1767429, 41103, 1841174, 42818, 1912339, 44473, 1966261, 45727, 2027450, 47150, 2093498, 48686, 2150774, 50018, 2208523, 51361, 2276205, 52935, 2330858, 54206, 2407398, 55986, 1302, 67596, 1572, 89784, 2088, 112488, 2616, 146028, 3396, 185502, 4314, 201842, 4694, 212549, 4943, 252711, 5877, 283499, 6593, 302118, 7026, 323747, 7529, 334712, 7784, 343355, 7985, 377110, 8770, 421099, 9793, 458380, 10660, 502541, 11687, 543434, 12638, 589573, 13711, 635067, 14769, 667016, 15512, 710016, 16512, 384, 51256, 1192, 79077, 1839, 109263, 2541, 115240, 2680, 129946, 3022, 143276, 3332, 164647, 3829, 170194, 3958, 175870, 4090, 184255, 4285, 212592, 4944, 253614, 5898, 265525, 6175, 294034, 6838, 301731, 7017, 315620, 7340, 348730, 8110, 379174, 8818, 390569, 9083, 408242, 9494, 446942, 10394, 483965, 11255, 522708, 12156, 560634, 13038, 581403, 13521, 611245, 14215, 646935, 15045, 694622, 16154, 735687, 17109, 785438, 18266, 832910, 19370, 869460, 20220, 898270, 20890, 949225, 22075, 985044, 22908, 1035440, 24080, 560, 25499, 593, 55298, 1286, 90085, 2095, 118809, 2763, 131021, 3047, 165851, 3857, 195478, 4546, 226653, 5271, 253399, 5893, 261010, 6070, 273093, 6351, 305214, 7098, 314889, 7323, 333379, 7753, 352299, 8193, 380249, 8843, 413144, 9608, 439073, 10211, 466464, 10848, 487620, 11340, 525589, 12223, 547261, 12727, 596066, 13862, 623672, 14504, 649343, 15101, 671316, 15612, 689505, 16035, 739041, 17187, 781998, 18186, 834544, 19408, 866837, 20159, 917061, 21327, 974466, 22662, 997987, 23209, 1048684, 24388, 1079085, 25095, 1126514, 26198, 1162161, 27027, 1208945, 28115, 1267984, 29488, 1325819, 30833, 1358370, 31590, 1414012, 32884, 1474384, 34288, 1523275, 35425, 1589624, 36968, 1653221, 38447, 1695963, 39441, 1743994, 40558, 1792283, 41681, 1845990, 42930, 1902664, 44248, 1947771, 45297, 2008530, 46710, 2065548, 48036, 2117879, 49253, 2182594, 50758, 2248814, 52298, 2309702, 53714, 2369429, 55103, 2441712, 56784, 2519112, 58584, 2593158, 60306, 2670644, 62108, 2746496, 63872, 2824971, 65697, 2921592, 67944, 2992972, 69604, 3088346, 71822, 3170476, 73732, 3269978, 76046, 3364922, 78254, 3474959, 80813, 3569516, 83012, 3671426, 85382, 3780001, 87907, 3880793, 90251, 4002827, 93089, 4127699, 95993, 4238295, 98565, 4344591, 101037, 4471398, 103986, 4585692, 106644, 4695772, 109204, 4828169, 112283, 4949042, 115094, 5086470, 118290, 5239120, 121840, 5378999, 125093, 5509246, 128122, 5658843, 131601, 5808483, 135081, 5959026, 138582, 6128532, 142524, 6289954, 146278, 6466297, 150379, 6623548, 154036, 6786174, 157818, 6950864, 161648, 7121961, 165627, 7316794, 170158, 7492965, 174255, 7683541, 178687, 7881126, 183282, 8078152, 187864, 8300376, 193032, 8497703, 197621, 8726248, 202936, 8945505, 208035, 9154399, 212893, 4951, 222998, 5186, 250518, 5826, 274383, 6381, 295367, 6869, 329724, 7668, 349418, 8126, 393622, 9154, 435418, 10126, 463583, 10781, 500993, 11651, 547863, 12741, 571771, 13297, 593658, 13806, 610041, 14187, 658588, 15316, 680776, 15832, 703480, 16360, 737020, 17140, 776494, 18058, 829771, 19297, 877415, 20405, 917577, 21339, 948365, 22055, 1003921, 23347, 1062487, 24709, 1110389, 25823, 1155969, 26883, 1189724, 27668, 1233713, 28691, 1270994, 29558, 1315155, 30585, 1356048, 31536, 1402187, 32609, 1447681, 33667, 1516567, 35269, 1559567, 36269, 1613016, 37512, 1664272, 38704, 1706412, 39684, 1778738, 41366, 962, 56072, 1304, 69402, 1614, 90773, 2111, 96320, 2240, 101996, 2372, 110381, 2567, 138718, 3226, 142803, 3321, 154714, 3598, 183223, 4261, 190920, 4440, 204809, 4763, 237919, 5533, 268363, 6241, 279758, 6506, 297431, 6917, 336131, 7817, 373154, 8678, 411897, 9579, 449823, 10461, 470592, 10944, 500434, 11638, 536124, 12468, 583811, 13577, 624876, 14532, 674627, 15689, 722099, 16793, 758649, 17643, 787459, 18313, 838414, 19498, 874233, 20331, 924629, 21503, 948709, 22063, 974208, 22656, 1029506, 23942, 1082654, 25178, 1127589, 26223, 1184736, 27552, 1239776, 28832, 1287506, 29942, 1329474, 30918, 1361251, 31657, 1400639, 32573, 1452110, 33770, 1498765, 34855, 1555095, 36165, 1592978, 37046, 1649781, 38367, 1697597, 39479, 1741371, 40497, 1811074, 42118, 1871231, 43517, 1915607, 44549, 1961015, 45605, 2028095, 47165, 2107043, 49001, 2176660, 50620, 2235011, 51977, 2315335, 53845, 2376911, 55277, 2451086, 57002, 2531281, 58867, 1369, 91160, 2120, 104447, 2429, 124915, 2905, 148436, 3452, 162196, 3772, 192597, 4479, 203089, 4723, 238736, 5552, 248583, 5781, 270685, 6295, 291583, 6781, 324134, 7538, 342839, 7973, 366274, 8518, 378228, 8796, 407640, 9480, 434300, 10100, 477042, 11094, 258]
43,1,26,[4, 4644, 108, 29326, 682, 71337, 1659, 100921, 2347, 131193, 3051, 180041, 4187, 202100, 4700, 221321, 5147, 259978, 6046, 295066, 6862, 329853, 7671, 356513, 8291, 403899, 9393, 434515, 10105, 235, 32680, 760, 65833, 1531, 96406, 2242, 105350, 2450, 154714, 3598, 190705, 4435, 201842, 4694, 214355, 4985, 264020, 6140, 308138, 7166, 346580, 8060, 375863, 8741, 398008, 9256, 419551, 9757, 472871, 10997, 519612, 12084, 532813, 12391, 553023, 12861, 570352, 13264, 605956, 14092, 654675, 15225, 673251, 15657, 694493, 16151, 739686, 17202, 759122, 17654, 803584, 18688, 851314, 19798, 891218, 20726, 482, 31261, 727, 75551, 1757, 118637, 2759, 129215, 3005, 174666, 4062, 201068, 4676, 241488, 5616, 276146, 6422, 299323, 6961, 348730, 8110, 385882, 8974, 428366, 9962, 470721, 10947, 509593, 11851, 550486, 12802, 597915, 13905, 629692, 14644, 671144, 15608, 733666, 17062, 788706, 18342, 833856, 19392, 900162, 20934, 961308, 22356, 1027227, 23889, 1077924, 25068, 1149906, 26742, 1220211, 28377, 1293268, 30076, 1344567, 31269, 1384772, 32204, 1461656, 33992, 1520222, 35354, 1564512, 36384, 1607598, 37386, 1666207, 38749, 1711658, 39806, 1786091, 41537, 1874542, 43594, 1957231, 45517, 2028439, 47173, 2077846, 48322, 2163029, 50303, 2253544, 52408, 2343930, 54510, 2430833, 56531, 2519757, 58599, 2615217, 60819, 2695025, 62675, 2784508, 64756, 2895061, 67327, 2998132, 69724, 3091313, 71891, 3205650, 74550, 3314827, 77089, 3428777, 79739, 3527505, 82035, 3647518, 84826, 3765854, 87578, 3886942, 90394, 3986272, 92704, 4122539, 95873, 4247454, 98778, 4354051, 101257, 4494403, 104521, 4633551, 107757, 4788222, 111354, 4929735, 114645, 5052199, 117493, 5188681, 120667, 5319401, 123707, 5486671, 127597, 5632140, 130980, 5765354, 134078, 5903900, 137300, 6042317, 140519, 6225282, 144774, 6410268, 149076, 6601790, 153530, 6777660, 157620, 6963205, 161935, 7169820, 166740, 7368953, 171371, 7558196, 175772, 7768595, 180665, 7973834, 185438, 8183846, 190322, 8378636, 194852, 8594711, 199877, 8809109, 204863, 9026259, 209913, 9269682, 215574, 9502011, 220977, 5139, 250690, 5830, 284445, 6615, 331272, 7704, 346795, 8065, 381668, 8876, 410650, 9550, 424668, 9876, 466937, 10859, 503487, 11709, 529717, 12319, 565493, 13151, 618856, 14392, 666758, 15506, 711306, 16542, 761358, 17706, 815925, 18975, 848304, 19728, 906010, 21070, 490, 40549, 943, 86172, 2004, 117218, 2726, 138933, 3231, 148866, 3462, 176902, 4114, 213409, 4963, 238478, 5546, 290938, 6766, 314459, 7313, 325123, 7561, 372896, 8672, 413961, 9627, 466034, 10838, 479106, 11142, 495833, 11531, 515183, 11981, 557323, 12961, 590390, 13730, 618641, 14387, 660953, 15371, 698664, 16248, 756241, 17587, 409, 42570, 990, 44677, 1039, 53535, 1245, 100577, 2339, 121905, 2835, 169420, 3940, 203519, 4733, 211603, 4921, 237747, 5529, 271201, 6307, 309901, 7207, 346150, 8050, 364253, 8471, 197, 36593, 851, 75422, 1754, 115154, 2678, 131236, 3052, 181202, 4214, 98, 17716, 412, 46053, 1071, 90687, 2109, 95030, 2210, 116229, 2703, 160261, 3727, 196381, 4567, 211001, 4907, 221493, 5151, 264622, 6154, 276361, 6427, 305128, 7096, 313341, 7287, 342968, 7976, 374401, 8707, 406565, 9455, 458466, 10662, 514925, 11975, 550357, 12799, 594432, 13824, 631713, 14691, 677680, 15760, 718014, 16698, 750350, 17450, 806895, 18765, 844649, 19643, 903387, 21009, 952321, 22147, 976702, 22714, 1010586, 23502, 1060896, 24672, 1122429, 26103, 1150766, 26762, 1195400, 27800, 1247774, 29018, 1317004, 30628, 1361036, 31652, 1397156, 32492, 1459807, 33949, 1518330, 35310, 1561459, 36313, 1621229, 37703, 1698027, 39489, 1754271, 40797, 1831929, 42603, 1911393, 44451, 1991588, 46316, 2043489, 47523, 2099948, 48836, 2183411, 50777, 2275517, 52919, 2360829, 54903, 2454827, 57089, 2543192, 59144, 2623559, 61013, 2728135, 63445, 2813920, 65440, 2920689, 67923, 3017654, 70178, 3090066, 71862, 3171981, 73767, 3270322, 76054, 3379886, 78602, 3504285, 81495, 3596950, 83650, 3697355, 85985, 3814616, 88712, 3906679, 90853, 4038861, 93927, 4149543, 96501, 4256097, 98979, 4395288, 102216, 4503089, 104723, 4627918, 107626, 4780224, 111168, 4905913, 114091, 5033408, 117056, 5161634, 120038, 5309597, 123479, 5462118, 127026, 5593612, 130084, 5733749, 133343, 3101, 142029, 3303, 184427, 4289, 224460, 5220, 248669, 5783, 277909, 6463, 298893, 6951, 337120, 7840, 360598, 8386, 370101, 8607, 386527, 8989, 397750, 9250, 412585, 9595, 428882, 9974, 484653, 11271, 501509, 11663, 524342, 12194, 564461, 13127, 590992, 13744, 634895, 14765, 667532, 15524, 684173, 15911, 701201, 16307, 728678, 16946, 750092, 17444, 799929, 18603, 848691, 19737, 459, 52589, 1223, 75035, 1745, 104705, 2435, 137299, 3193, 152779, 3553, 186491, 4337, 232157, 5399, 264364, 6148, 317426, 7382, 357201, 8307, 374444, 8708, 407726, 9482, 441782, 10274, 496736, 11552, 539564, 12548, 591207, 13749, 640700, 14900, 680174, 15818, 737321, 17147, 791329, 18403, 856646, 19922, 891089, 20723, 956492, 22244, 993257, 23099, 1025292, 23844, 1073710, 24970, 1132190, 26330, 1174158, 27306, 1202581, 27967, 1249537, 29059, 1316574, 30618, 1349426, 31382, 1419903, 33021, 1497604, 34828, 1578229, 36703, 1641740, 38180, 1723483, 40081, 1769149, 41143, 1849387, 43009, 1902449, 44243, 1990255, 46285, 2055529, 47803, 2136842, 49694, 2218929, 51603, 2273883, 52881, 2364742, 54994, 2464416, 57312, 2561940, 59580, 2649445, 61615, 2754623, 64061, 2856662, 66434, 2970010, 69070, 3052484, 70988, 3165918, 73626, 3250714, 75598, 3330780, 77460, 3427229, 79703, 3533740, 82180, 3623739, 84273, 3748224, 87168, 3843211, 89377, 3958279, 92053, 4087193, 95051, 4205701, 97807, 4331433, 100731, 4460089, 103723, 4571631, 106317, 4701405, 109335, 4843133, 112631, 4971402, 115614, 5120526, 119082, 5256363, 122241, 5417699, 125993, 5547043, 129001, 5677161, 132027, 5828177, 135539, 5967067, 138769, 6114772, 142204, 6260327, 145589, 6443894, 149858, 6597103, 153421, 6795204, 158028, 6956583, 161781, 7135119, 165933, 7344615, 170805, 7525473, 175011, 7701601, 179107, 7894112, 183584, 8096685, 188295, 8330777, 193739, 8551324, 198868, 8790404, 204428, 9001534, 209338, 9226510, 214570, 4990, 221794, 5158, 272749, 6343, 303666, 7062, 321898, 7486, 333852, 7764, 368424, 8568, 389279, 9053, 424023, 9861, 449522, 10454, 465561, 10827, 514366, 11962, 535264, 12448, 571169, 13283, 628015, 14605, 673896, 15672, 711908, 16556, 729581, 16967, 774473, 18011, 833813, 19391, 899001, 20907, 929961, 21627, 997385, 23195, 1040686, 24202, 1105100, 25700, 1163193, 27051, 1194712, 27784, 1229198, 28586, 1295762, 30134, 1363874, 31718, 1425751, 33157, 1463376, 34032, 1518631, 35317, 1569586, 36502, 1648534, 38338, 1714797, 39879, 1774782, 41274, 1857385, 43195, 1926271, 44797, 2009046, 46722, 2082576, 48432, 2146646, 49922, 2243482, 52174, 2312411, 53777, 2396347, 55729, 2453193, 57051, 2547105, 59235, 2633148, 61236, 2698852, 62764, 2791775, 64925, 2899146, 67422, 3012365, 70055, 3091356, 71892, 3206811, 74577, 3298143, 76701, 3410588, 79316, 3516712, 81784, 3644293, 84751, 3774841, 87787, 3889436, 90452, 4005579, 93153, 4115487, 95709, 4249174, 98818, 4352460, 101220, 4499477, 104639, 4626456, 107592, 4740750, 110250, 4896797, 113879, 5027431, 116917, 2719, 130806, 3042, 169592, 3944, 208163, 4841, 240929, 5603, 261053, 6071, 276060, 6420, 297001, 6907, 334067, 7769, 374229, 8703, 401921, 9347, 429140, 9980, 443588, 10316, 497467, 11569, 511270, 11890, 547734, 12738, 571642, 13294, 592755, 13785, 634465, 14755, 655922, 15254, 706920, 16440, 738998, 17186, 788577, 18339, 830373, 19311, 854152, 19864, 919813, 21391, 963544, 22408, 991537, 23059, 1026883, 23881, 1068636, 24852, 1139285, 26495, 1173599, 27293, 1235519, 28733, 1274305, 29635, 1312876, 30532, 1345642, 31294, 1413797, 32879, 1476835, 34345, 1545807, 35949, 1582873, 36811, 1623035, 37745, 1698758, 39506, 1774008, 41256, 1836487, 42709, 1890366, 43962, 1952200, 45400, 2036695, 47365, 2108634, 49038, 2177778, 50646, 2267519, 52733, 2337007, 54349, 2436036, 56652, 2516145, 58515, 2613755, 60785, 2703582, 62874, 2775392, 64544, 2841053, 66071, 2932815, 68205, 3008839, 69973, 3092216, 71912, 3182000, 74000, 3300680, 76760, 3383025, 78675, 3492976, 81232, 3579793, 83251, 3666395, 85265, 3795223, 88261, 3911409, 90963, 4022478, 93546, 4139481, 96267, 4272609, 99363, 4408833, 102531, 4532587, 105409, 4655868, 108276, 4766378, 110846, 4916319, 114333, 5074215, 118005, 5206741, 121087, 5374742, 124994, 5539948, 128836, 5677720, 132040, 5843270, 135890, 5990330, 139310, 6166501, 143407, 6312142, 146794, 6498031, 151117, 6665903, 155021, 6827626, 158782, 7015450, 163150, 7187536, 167152, 7366975, 171325, 7552821, 175647, 7767563, 180641, 7994001, 185907, 8200014, 190698, 8430924, 196068, 8661619, 201433, 8886509, 206663, 9098757, 211599, 9353919, 217533, 9615015, 223605, 9844205, 228935, 10076491, 234337, 10344338, 240566, 10611712, 246784, 10866315, 252705, 11160349, 259543, 11462338, 266566, 11738957, 272999, 12051051, 280257, 12360350, 287450, 12690246, 295122, 12999889, 302323, 13339073, 310211, 13659337, 317659, 13997102, 325514, 14327084, 333188, 14687080, 341560, 15040927, 349789, 15420875, 358625, 15785085, 367095, 16156648, 375736, 16534618, 384526, 16941484, 393988, 17360046, 403722, 17806214, 414098, 18229248, 423936, 18700098, 434886, 19165143, 445701, 19617546, 456222, 20112863, 467741, 20614114, 479398, 21131490, 491430, 21651962, 503534, 22159964, 515348, 22715524, 528268, 23258313, 540891, 23840533, 554431, 24430708, 568156, 25043544, 582408, 25643824, 596368, 26241309, 610263, 26859391, 624637, 27505251, 639657, 28180652, 655364, 28837133, 670631, 29511115, 686305, 30225345, 702915, 30969589, 720223, 31707684, 737388, 32471880, 755160, 33268369, 773683, 34072211, 792377, 34882460, 811220, 35721605, 830735, 36572446, 850522, 37450893, 870951, 38354237, 891959, 39257366, 912962, 40202721, 934947, 41183465, 957755, 42159092, 980444, 43140653, 1003271, 44186370, 1027590, 45235183, 1051981, 46319557, 1077199, 47403458, 1102406, 48522619, 1128433, 49681211, 1155377, 50847758, 1182506, 52036966, 1210162, 53261649, 1238643, 54531568, 1268176, 55822084, 1298188, 57140378, 1328846, 58488213, 1360191, 59865159, 1392213, 61259606, 1424642, 62694301, 1458007, 64159010, 1492070, 65665601, 1527107, 67198293, 1562751, 68763278, 1599146, 70383647, 1636829, 72058454, 1675778, 73762157, 1715399, 39893, 1791036, 41652, 1863964, 43348, 1911780, 44460, 2002037, 46559, 2085457, 48499, 2176402, 50614, 2230367, 51869, 2294523, 53361, 2393681, 55667, 2477273, 57611, 2572862, 59834, 2656153, 61771, 2743615, 63805, 2847632, 66224, 2918324, 67868, 3001830, 69810, 3095097, 71979, 3211756, 74692, 3287565, 76455, 3365137, 78259, 3490310, 81170, 3603873, 83811, 3692152, 85864, 3818228, 88796, 3908141, 90887, 4030304, 93728, 4158659, 96713, 4262074, 99118, 4364543, 101501, 4489501, 104407, 4597259, 106913, 4720927, 109789, 4841886, 112602, 4985764, 115948, 5124052, 119164, 5255503, 122221, 5394479, 125453, 5544506, 128942, 5704724, 132668, 5851913, 136091, 6031567, 140269, 6175187, 143609, 6354540, 147780, 6538064, 152048, 3536, 166754, 3878, 179568, 4176, 189329, 4403, 212721, 4947, 219902, 5114, 269696, 6272, 317297, 7379, 353718, 8226, 376465, 8755, 414262, 9634, 426130, 9910, 458380, 10660, 512603, 11921, 535694, 12458, 582779, 13553, 605268, 14076, 636099, 14793, 652009, 15163, 697331, 16217, 720250, 16750, 762691, 17737, 803885, 18695, 859441, 19987, 918523, 21361, 976745, 22715, 1011747, 23529, 1044212, 24284, 1104240, 25680, 1139973, 26511, 1192175, 27725, 1256761, 29227, 1319498, 30686, 1380343, 32101, 1438135, 33445, 1509558, 35106, 1564770, 36390, 1614564, 37548, 1662165, 38655, 1746617, 40619, 1817395, 42265, 1903223, 44261, 1963122, 45654, 2043403, 47521, 2097626, 48782, 2168748, 50436, 2263864, 52648, 2334384, 54288, 2413246, 56122, 2477187, 57609, 2570540, 59780, 2641490, 61430, 2731962, 63534, 2821187, 65609, 2924774, 68018, 3031887, 70509, 3138140, 72980, 3221173, 74911, 3301669, 76783, 3409728, 79296, 3493492, 81244, 3593725, 83575, 3706342, 86194, 3817110, 88770, 3925986, 91302, 4031809, 93763, 4151263, 96541, 4254506, 98942, 4400362, 102334, 4544025, 105675, 4676508, 108756, 4795317, 111519, 4929176, 114632, 5085137, 118259, 5213449, 121243, 5363734, 124738, 5530918, 128626, 5674065, 131955, 5840647, 135829, 6015571, 139897, 6175574, 143618, 6364989, 148023, 6532001, 151907, 6718535, 156245, 6903822, 160554, 7103471, 165197, 7306646, 169922, 7508961, 174627, 7688056, 178792, 7912645, 184015, 8116766, 188762, 8344623, 194061, 8540918, 198626, 8749597, 203479, 8956427, 208289, 9209396, 214172, 9459312, 219984, 9722859, 226113, 9970195, 231865, 10212113, 237491, 10451838, 243066, 10728414, 249498, 10991316, 255612, 11269268, 262076, 11569322, 269054, 11841727, 275389, 12136105, 282235, 12447382, 289474, 12782653, 297271, 13093328, 304496, 13412345, 311915, 13764472, 320104, 14097980, 327860, 14457116, 336212, 14835774, 345018, 15213185, 353795, 15604958, 362906, 16000257, 372099, 16394696, 381272, 16813946, 391022, 17230659, 400713, 17674935, 411045, 18094916, 420812, 18531366, 430962, 18980200, 441400, 19427185, 451795, 19920309, 463263, 20410380, 474660, 20914082, 486374, 21401573, 497711, 21931677, 510039, 22459588, 522316, 23024350, 535450, 23575438, 548266, 24141576, 561432, 24729816, 575112, 25338438, 589266, 25969033, 603931, 26616527, 618989, 27239984, 633488, 27886876, 648532, 28542110, 663770, 29230454, 679778, 29948210, 696470, 30691594, 713758, 31406469, 730383, 32168128, 748096, 32944149, 766143, 33723696, 784272, 34550414, 803498, 18686, 848992, 19744, 876555, 20385, 900291, 20937, 964791, 22437, 1025206, 23842, 1071388, 24916, 1117527, 25989, 1162505, 27035, 1224167, 28469, 1255987, 29209, 1298600, 30200, 1344438, 31266, 1381289, 32123, 1415646, 32922, 1478727, 34389, 1548860, 36020, 1617273, 37611, 1687277, 39239, 1752207, 40749, 1824232, 42424, 1895698, 44086, 1952071, 45397, 2033212, 47284, 2110655, 49085, 2184314, 50798, 2251867, 52369, 2346682, 54574, 2409075, 56025, 2508663, 58341, 2603865, 60555, 2676707, 62249, 2770232, 64424, 2845826, 66182, 2917593, 67851, 3030124, 70468, 3138570, 72990, 3232783, 75181, 3326953, 77371, 3419962, 79534, 3529655, 82085, 3657537, 85059, 3748181, 87167, 3842050, 89350, 3974963, 92441, 4105382, 95474, 4216494, 98058, 4334658, 100806, 4451102, 103514, 4569137, 106259, 4682098, 108886, 4802154, 111678, 4921651, 114457, 5074086, 118002, 5203258, 121006, 5328732, 123924, 5498453, 127871, 5662068, 131676, 5804914, 134998, 5963369, 138683, 6110988, 142116, 6254221, 145447, 6423125, 149375, 6612712, 153784, 6784368, 157776, 6952197, 161679, 7160790, 166530, 7365298, 171286, 7555573, 175711, 7745805, 180135, 7934876, 184532, 8140631, 189317, 8364575, 194525, 8599312, 199984, 8837274, 205518, 9066249, 210843, 9292730, 216110, 9547935, 222045, 9810192, 228144, 10070729, 234203, 10332857, 240299, 10589911, 246277, 10854060, 252420, 11117650, 258550, 11414178, 265446, 11687443, 271801, 12005041, 279187, 12318855, 286485, 12626563, 293641, 12961533, 301431, 13264081, 308467, 13603824, 316368, 13939181, 324167, 14300209, 332563, 14633889, 340323, 14997669, 348783, 15357622, 357154, 15758339, 366473, 16154971, 375697, 16537370, 384590, 16967757, 394599, 17396983, 404581, 17842893, 414951, 18258961, 424627, 18685822, 434554, 19163939, 445673, 19633069, 456583, 20099705, 467435, 20595065, 478955, 21097477, 490639, 21598169, 502283, 11681, 545240, 12680, 600366, 13962, 647838, 15066, 680776, 15832, 705544, 16408, 749877, 17439, 794124, 18468, 836049, 19443, 863311, 20077, 926951, 21557, 964146, 22422, 1007791, 23437, 1033462, 24034, 1102176, 25632, 1132276, 26332, 1176480, 27360, 1217244, 28308, 1261190, 29330, 1294988, 30116, 1342976, 31232, 1389846, 32322, 1454561, 33827, 1520781, 35367, 1579605, 36735, 1630861, 37927, 1669905, 38835, 1715442, 39894, 1792197, 41679, 1847280, 42960, 1893591, 44037, 1943213, 45191, 2034201, 47307, 2089327, 48589, 2184830, 50810, 2265799, 52693, 2338598, 54386, 2430962, 56534, 2523240, 58680, 2613196, 60772, 2688489, 62523, 2752129, 64003, 2837355, 65985, 2929031, 68117, 3002733, 69831, 3119478, 72546, 3197609, 74363, 3289844, 76508, 3378639, 78573, 3470616, 80712, 3552445, 82615, 3648464, 84848, 3743365, 87055, 3856111, 89677, 3970362, 92334, 4077217, 94819, 4176504, 97128, 4311610, 100270, 4453209, 103563, 4577995, 106465, 4729140, 109980, 4871513, 113291, 5017197, 116679, 5156216, 119912, 5307404, 123428, 5450938, 126766, 5579938, 129766, 5748799, 133693, 5889194, 136958, 6029503, 140221, 6215521, 144547, 6386876, 148532, 6546578, 152246, 6727866, 156462, 6915604, 160828, 7085368, 164776, 3832, 174193, 4051, 188297, 4379, 232888, 5416, 284101, 6607, 321984, 7488, 336174, 7818, 383087, 8909, 400932, 9324, 450468, 10476, 491103, 11421, 531566, 12362, 567385, 13195, 621909, 14463, 653127, 15189, 679486, 15802, 718745, 16715, 770087, 17909, 811453, 18871, 871653, 20271, 912030, 21210, 945527, 21989, 985388, 22916, 1052984, 24488, 1100929, 25603, 1146638, 26666, 1180006, 27442, 1216384, 28288, 1286001, 29907, 1340482, 31174, 1418570, 32990, 1461613, 33991, 1519061, 35327, 1581196, 36772, 1625787, 37809, 1677000, 39000, 1762914, 40998, 1825135, 42445, 1872048, 43536, 1937924, 45068, 1987460, 46220, 2076126, 48282, 2164620, 50340, 2248470, 52290, 2302994, 53558, 2382243, 55401, 2456633, 57131, 2543923, 59161, 2643296, 61472, 2732693, 63551, 2840924, 66068, 2929332, 68124, 3010860, 70020, 3098752, 72064, 3214379, 74753, 3310355, 76985, 3404095, 79165, 3485494, 81058, 3569903, 83021, 3687551, 85757, 3790063, 88141, 3916182, 91074, 2118, 105479, 2453, 110166, 2562, 140653, 3271, 147275, 3425, 181976, 4232, 206314, 4798, 239037, 5559, 258000, 6000, 289691, 6737, 328821, 7647, 376680, 8760, 420067, 9769, 438772, 10204, 463497, 10779, 506669, 11783, 519569, 12083, 281, 38055, 885, 66865, 1555, 76239, 1773, 89182, 2074, 102426, 2382, 123797, 2879, 172473, 4011, 189888, 4416, 227814, 5298, 243165, 5655, 273394, 6358, 321081, 7467, 359824, 8368, 397234, 9238, 446684, 10388, 484997, 11279, 510797, 11879, 534963, 12441, 563042, 13094, 600710, 13970, 657126, 15282, 691397, 16079, 752156, 17492, 807626, 18782, 864386, 20102, 907945, 21115, 931294, 21658, 985345, 22915, 1051823, 24461, 1117613, 25991, 1164827, 27089, 1238830, 28810, 670, 57405, 1335, 60974, 1418, 109306, 2542, 117433, 2731, 144738, 3366, 161508, 3756, 182019, 4233, 207475, 4825, 222353, 5171, 239811, 5577, 278898, 6486, 325596, 7572, 337636, 7852, 374530, 8710, 410048, 9536, 456445, 10615, 508389, 11823, 566009, 13163, 584757, 13599, 610643, 14201, 637131, 14817, 679873, 15811, 729194, 16958, 764024, 17768, 791845, 18415, 822547, 19129, 883005, 20535, 930348, 21636, 959803, 22321, 986592, 22944, 1037461, 24127, 1066056, 24792, 1117656, 25992, 1165988, 27116, 1222146, 28422, 1297482, 30174, 1362283, 31681, 1430825, 33275, 1504312, 34984, 1567221, 36447, 1632710, 37970, 1671797, 38879, 1718495, 39965, 1778566, 41362, 1863491, 43337, 1947040, 45280, 1993437, 46359, 2045381, 47567, 2103001, 48907, 2169780, 50460, 2243697, 52179, 2318216, 53912, 2408989, 56023, 2506341, 58287, 2589202, 60214, 2665054, 61978, 2743787, 63809, 2852276, 66332, 2947650, 68550, 3025136, 70352, 3099956, 72092, 3198856, 74392, 3275482, 76174, 3375113, 78491, 3471476, 80732, 3575665, 83155, 3699032, 86024, 3811864, 88648, 3928437, 91359, 4049955, 94185, 4160895, 96765, 4274415, 99405, 4409564, 102548, 4552324, 105868, 4660426, 108382, 4793382, 111474, 4924962, 114534, 5067421, 117847, 5215427, 121289, 5369109, 124863, 5531950, 128650, 5701929, 132603, 5872510, 136570, 6011314, 139798, 6156697, 143179, 6335620, 147340, 6507534, 151338, 6682329, 155403, 6838849, 159043, 7030285, 163495, 7203833, 167531, 7374715, 171505, 7569677, 176039, 7790396, 181172, 7986089, 185723, 8178514, 190198, 8378765, 194855, 8598194, 199958, 8807088, 204816, 9019723, 209761, 9237303, 214821, 9492336, 220752, 9749949, 226743, 9981160, 232120, 10219982, 237674, 10472177, 243539, 10749226, 249982, 11024899, 256393, 11311451, 263057, 11603550, 269850, 11901325, 276775, 12208259, 283913, 12522331, 291217, 12837005, 298535, 13167933, 306231, 13505440, 314080, 13828456, 321592, 14192494, 330058, 14559413, 338591, 14908057, 346699, 15291617, 355619, 15657289, 364123, 16068326, 373682, 16455412, 382684, 16868255, 392285, 17304103, 402421, 17736683, 412481, 18177089, 422723, 18636673, 433411, 19085722, 443854, 19538512, 454384, 19996247, 465029, 20491435, 476545, 20989203, 488121, 21508600, 500200, 22035608, 512456, 22575989, 525023, 23141224, 538168, 23705083, 551281, 24279821, 564647, 24860106, 578142, 25446067, 591769, 26041187, 605609, 26691476, 620732, 27342367, 635869, 28009512, 651384, 28683236, 667052, 29390500, 683500, 30090755, 699785, 30793891, 716137, 31526783, 733181, 32294591, 751037, 33092542, 769594, 33887827, 788089, 34707192, 807144, 35552314, 826798, 36420441, 846987, 37285300, 867100, 38157985, 887395, 39049848, 908136, 39979207, 929749, 40912307, 951449, 41898383, 974381, 42873881, 997067, 43899990, 1020930, 44947728, 1045296, 46003077, 1069839, 47119830, 1095810, 48261437, 1122359, 49401668, 1148876, 50552778, 1175646, 51757466, 1203662, 52967830, 1231810, 54235384, 1261288, 55510076, 1290932, 56833401, 1321707, 58172980, 1352860, 59567169, 1385283, 60994898, 1418486, 62415618, 1451526, 63887250, 1485750, 65388638, 1520666, 66924942, 1556394, 68491389, 1592823, 70103201, 1630307, 71739093, 1668351, 73448773, 1708111, 75181458, 1748406, 76958906, 1789742, 78792211, 1832377, 80644694, 1875458, 82534673, 1919411, 84476424, 1964568, 86471151, 2010957, 88503331, 2058217, 90586122, 2106654, 92738573, 2156711, 94898635, 2206945, 97120101, 2258607, 99414452, 2311964, 101755458, 2366406, 104155374, 2422218, 106608868, 2479276, 109116069, 2537583, 111680460, 2597220, 114300020, 2658140, 116968213, 2720191, 119700691, 2783737, 122487779, 2848553, 125356438, 2915266, 128314150, 2984050, 131322774, 3054018, 134409185, 3125795, 137578543, 3199501, 74407, 3292897, 76579, 3413039, 79373, 3534858, 82206, 3653925, 84975, 3746719, 87133, 3850607, 89549, 3965847, 92229, 4099405, 95335, 4199208, 97656, 4300215, 100005, 4433730, 103110, 4580403, 106521, 4698094, 109258, 4849798, 112786, 5007264, 116448, 5128180, 119260, 5270897, 122579, 5425869, 126183, 5575509, 129663, 5725278, 133146, 5878530, 136710, 6029761, 140227, 6174456, 143592, 6334803, 147321, 6485475, 150825, 6663108, 154956, 6848223, 159261, 7043228, 163796, 7217077, 167839, 7396086, 172002, 7570322, 176054, 7759780, 180460, 7975984, 185488, 8193865, 190555, 8408994, 195558, 8645881, 201067, 8893862, 206834, 9105164, 211748, 9334784, 217088, 9578680, 222760, 9823780, 228460, 10053357, 233799, 10296092, 239444, 10557876, 245532, 10805642, 251294, 11059170, 257190, 11324179, 263353, 11610989, 270023, 11910054, 276978, 12203787, 283809, 12497649, 290643, 12794994, 297558, 13138349, 305543, 13475168, 313376, 13827639, 321573, 14170435, 329545, 14540192, 338144, 14917431, 346917, 15304560, 355920, 15670533, 364431, 16041666, 373062, 16456057, 382699, 16885670, 392690, 17293998, 402186, 17704003, 411721, 18159287, 422309, 18588298, 432286, 19028403, 442521, 19479860, 453020, 19949635, 463945, 20433686, 475202, 20918941, 486487, 21436704, 498528, 21967625, 510875, 22517595, 523665, 23053547, 536129, 23595261, 548727, 24148456, 561592, 24723452, 574964, 25310703, 588621, 25940653, 603271, 26570732, 617924, 27204294, 632658, 27883866, 648462, 28556902, 664114, 29245590, 680130, 29972634, 697038, 30678608, 713456, 16592, 771377, 17939, 798252, 18564, 851443, 19801, 894701, 20807, 957954, 22278, 984700, 22900, 1034408, 24056, 1079687, 25109, 1149476, 26732, 1208601, 28107, 1267984, 29488, 1334333, 31031, 1396640, 32480, 1445875, 33625, 1526414, 35498, 1587603, 36921, 1654683, 38481, 1736727, 40389, 1790520, 41640, 1850032, 43024, 1919864, 44648, 1980150, 46050, 2070880, 48160, 1120, 51514, 1198, 94041, 2187, 137557, 3199, 159745, 3715, 182449, 4243, 219085, 5095, 247637, 5759, 298076, 6932, 315061, 7327, 341377, 7939, 379475, 8825, 399470, 9290, 410994, 9558, 433956, 10092, 477558, 11106, 502068, 11676, 539435, 12545, 587724, 13668, 642721, 14947, 686710, 15970, 721669, 16783, 752973, 17511, 781654, 18178, 835576, 19432, 898571, 20897, 966382, 22474, 1020132, 23724, 1078483, 25081, 1116968, 25976, 1147412, 26684, 1200904, 27928, 1252289, 29123, 1294816, 30112, 1338332, 31124, 1408551, 32757, 1479286, 34402, 1515922, 35254, 1592505, 37035, 1642944, 38208, 1707960, 39720, 1782307, 41449, 1868436, 43452, 1936462, 45034, 1996017, 46419, 2067010, 48070, 2158643, 50201, 2231184, 51888, 2316582, 53874, 2412902, 56114, 2515930, 58510, 2607950, 60650, 2690940, 62580, 2770275, 64425, 2846987, 66209, 2948940, 68580, 3059966, 71162, 3175808, 73856, 3277589, 76223, 3383971, 78697, 3470487, 80709, 3596993, 83651, 3698516, 86012, 3797932, 88324, 3888490, 90430, 3980037, 92559, 4098287, 95309, 4217053, 98071, 4349751, 101157, 4474365, 104055, 4620866, 107462, 4733913, 110091, 4856291, 112937, 4990451, 116057, 2699, 155617, 3619, 167055, 3885, 187695, 4365, 216634, 5038, 229491, 5337, 240413, 5591, 247121, 5747, 284144, 6608, 323145, 7515, 367521, 8547, 412929, 9603, 438170, 10190, 495274, 11518, 548121, 12747, 582091, 13537, 634723, 14761, 662888, 15416, 702878, 16346, 725926, 16882, 771850, 17950, 811023, 18861, 860043, 20001, 886746, 20622, 935293, 21751, 997256, 23192, 1037203, 24121, 1107121, 25747, 1169729, 27203, 1227091, 28537, 1286904, 29928, 696, 39560, 920, 59469, 1383, 68671, 1597, 76970, 1790, 108919, 2533, 155015, 3605, 198832, 4624, 229147, 5329, 279156, 6492, 332562, 7734, 381625, 8875, 409489, 9523, 441352, 10264, 485126, 11282, 514280, 11960, 532942, 12394, 556506, 12942, 616362, 14334, 647451, 15057, 670327, 15589, 711607, 16549, 769485, 17895, 795199, 18493, 817043, 19001, 878490, 20430, 904505, 21035, 934476, 21732, 975197, 22679, 1017982, 23674, 1068464, 24848, 1134641, 26387, 1192304, 27728, 1260244, 29308, 1317477, 30639, 1373807, 31949, 743, 46096, 1072, 91848, 2136, 126377, 2939, 146071, 3397, 79, 43688, 1016, 74863, 1741, 100061, 2327, 107973, 2511, 129473, 3011, 133601, 3107, 148995, 3465, 180385, 4195, 211388, 4916, 231942, 5394, 258559, 6013, 304784, 7088, 352084, 8188, 380378, 8846, 423851, 9857, 444878, 10346, 484266, 11262, 539091, 12537, 578436, 13452, 632100, 14700, 688129, 16003, 711951, 16557, 730742, 16994, 757789, 17623, 815624, 18968, 840177, 19539, 878705, 20435, 910310, 21170, 947118, 22026, 980314, 22798, 1012048, 23536, 1052339, 24473, 1083514, 25198, 586, 55943, 1301, 69531, 1617, 100190, 2330, 111456, 2592, 127452, 2964, 175096, 4072, 212678, 4946, 218741, 5087, 238349, 5543, 287455, 6685, 316480, 7360, 331659, 7713, 357244, 8308, 375605, 8735, 391042, 9094, 423593, 9851, 437912, 10184, 488308, 11356, 504132, 11724, 547132, 12724, 603419, 14033, 634207, 14749, 343, 62006, 1442, 89139, 2073, 101265, 2355, 140481, 3267, 190662, 4434, 200681, 4667, 231039, 5373, 282209, 6563, 318931, 7417, 349805, 8135, 366876, 8532, 395514, 9198, 448275, 10425, 479923, 11161, 517892, 12044, 534404, 12428, 547949, 12743, 577447, 13429, 605397, 14079, 639582, 14874, 698019, 16233, 738826, 17182, 783933, 18231, 849078, 19746, 878877, 20439, 914954, 21278, 976444, 22708, 1003620, 23340, 1064938, 24766, 1135501, 26407, 1167493, 27151, 1214750, 28250, 1289914, 29998, 1350071, 31397, 1389287, 32309, 1439468, 33476, 1497518, 34826, 1575907, 36649, 1627077, 37839, 1711830, 39810, 1790735, 41645, 1855837, 43159, 1932506, 44942, 1985267, 46169, 2064946, 48022, 2150946, 50022, 2215489, 51523, 2277065, 52955, 2354594, 54758, 2430575, 56525, 2512791, 58437, 1359, 88838, 2066, 93138, 2166, 113176, 2632, 125861, 2927, 132139, 3073, 157552, 3664, 171269, 3983, 205411, 4777, 214656, 4992, 224116, 5212, 239381, 5567, 267288, 6216, 300312, 6984, 327402, 7614, 338367, 7869, 183, 20339, 473, 11, 12771, 297, 56631, 1317, 88107, 2049, 121432, 2824, 156649, 3643, 194919, 4533, 219558, 5106, 260408, 6056, 306676, 7132, 355137, 8259, 366747, 8529, 392031, 9117, 402265, 9355, 438428, 10196, 454209, 10563, 496048, 11536, 520988, 12116, 569965, 13255, 595507, 13849, 612707, 14249, 644828, 14996, 695568, 16176, 720680, 16760, 774301, 18007, 829169, 19283, 869675, 20225, 906655, 21085, 944495, 21965, 1005555, 23385, 1069152, 24864, 1105186, 25702, 1165515, 27105, 1209375, 28125, 1240851, 28857, 1274176, 29632, 1309393, 30451, 1347663, 31341, 1420333, 33031, 1461183, 33981, 1507451, 35057, 1555912, 36184, 1615553, 37571, 1688868, 39276, 1747133, 40631, 1831327, 42589, 1895139, 44073, 1985009, 46163, 2057980, 47860, 2106957, 48999, 2180530, 50710, 2245761, 52227, 2325913, 54091, 2424684, 56388, 2497827, 58089, 2599479, 60453, 2702378, 62846, 2790915, 64905, 2875926, 66882, 2961797, 68879, 3070888, 71416, 3182516, 74012, 3266581, 75967, 3374941, 78487, 3466832, 80624, 3594370, 83590, 3723757, 86599, 3855036, 89652, 3989368, 92776, 4110069, 95583, 4246981, 98767, 4389311, 102077, 4533834, 105438, 4641506, 107942, 4762852, 110764, 4917179, 114353, 5049404, 117428, 5209278, 121146, 5347179, 124353, 5516212, 128284, 5661251, 131657, 5830886, 135602, 5992179, 139353, 6168393, 143451, 6315195, 146865, 6484400, 150800, 6682114, 155398, 6881075, 160025, 7065674, 164318, 7246747, 168529, 7428680, 172760, 7633833, 177531, 7841523, 182361, 8069681, 187667, 8274103, 192421, 8510087, 197909, 8733687, 203109, 8959136, 208352, 9186477, 213639, 9416871, 218997, 9681665, 225155, 9914639, 230573, 10153031, 236117, 10393616, 241712, 10645381, 247567, 10910820, 253740, 11209240, 260680, 11485558, 267106, 11789525, 274175, 12071519, 280733, 12384645, 288015, 12673777, 294739, 12987505, 302035, 13292891, 309137, 13613198, 316586, 13952124, 324468, 14313453, 332871, 14655260, 340820, 14998314, 348798, 15375037, 357559, 15748234, 366238, 16122291, 374937, 16519568, 384176, 16919382, 393474, 17339664, 403248, 17784241, 413587, 18212349, 423543, 18676104, 434328, 19141708, 445156, 19609204, 456028, 20079753, 466971, 20584702, 478714, 21105862, 490834, 21632440, 503080, 22161211, 515377, 22701162, 527934, 23254787, 540809, 23841393, 554451, 24405897, 567579, 24998050, 581350, 25616261, 595727, 26217573, 609711, 26842922, 624254, 27492867, 639369, 28134470, 654290, 28790994, 669558, 29466137, 685259, 30163683, 701481, 30889738, 718366, 31617040, 735280, 32378011, 752977, 33135456, 770592, 33941792, 789344, 34771348, 808636, 35603441, 827987, 36456002, 847814, 37332858, 868206, 38241276, 889332, 39137310, 910170, 40083224, 932168, 41031030, 954210, 42029920, 977440, 43015179, 1000353, 44016649, 1023643, 45071568, 1048176, 46128680, 1072760, 47245003, 1098721, 48375000, 1125000, 49537978, 1152046, 50726885, 1179695, 51943441, 1207987, 53186055, 1236885, 54459801, 1266507, 55757584, 1296688, 57079963, 1327441, 58442031, 1359117, 59819020, 1391140, 61214628, 1423596, 62680670, 1457690, 64175221, 1492447, 65671019, 1527233, 67200486, 1562802, 68774458, 1599406, 70397321, 1637147, 72043404, 1675428, 73740055, 1714885, 75457174, 1754818, 77246619, 1796433, 79067626, 1838782, 80924280, 1881960, 82830814, 1926298, 84787271, 1971797, 86794812, 2018484, 88836753, 2065971, 90942936, 2114952, 93102568, 2165176, 95312424, 2216568, 97533460, 2268220, 99816201, 2321307, 102179954, 2376278, 104569636, 2431852, 107034998, 2489186, 109526418, 2547126, 112097001, 2606907, 114739652, 2668364, 117454930, 2731510, 120209897, 2795579, 123027816, 2861112, 125912385, 2928195, 128867388, 2996916, 131898931, 3067417, 134979752, 3139064, 138142273, 3212611, 141397330, 3288310, 144701278, 3365146, 148076477, 3443639, 151550275, 3524425, 155092572, 3606804, 158707195, 3690865, 162401411, 3776777, 166179305, 3864635, 170055110, 3954770, 174028869, 4047183, 178101743, 4141901, 182257048, 4238536, 186524626, 4337782, 190893684, 4439388, 195360997, 4543279, 199935552, 4649664, 204619843, 4758601, 209385146, 4869422, 214272440, 4983080, 219283445, 5099615, 224416570, 5218990, 229676889, 5341323, 235057307, 5466449, 240558383, 5594381, 246195210, 5725470, 251943020, 5859140, 257805511, 5995477, 263834498, 6135686, 269988056, 6278792, 276286954, 6425278, 282715583, 6574781, 289332810, 6728670, 296094990, 6885930, 303024483, 7047081, 310100606, 7211642, 317341290, 7380030, 324750362, 7552334, 332335089, 7728723, 340099556, 7909292, 348009965, 8093255, 356114390, 8281730, 364413992, 8474744, 372892087, 8671909, 381578517, 8873919, 390462489, 9080523, 399588809, 9292763, 408918433, 9509731, 418453855, 9731485, 428214382, 9958474, 438192962, 10190534, 448391315, 10427705, 458855881, 10671067, 469543703, 10919621, 480495717, 11174319, 491712482, 11435174, 503161060, 11701420, 514864714, 11973598, 526875173, 12252911, 539148190, 12538330, 551689871, 12829997, 564520985, 13128395, 577673954, 13434278, 591111583, 13746781, 604886289, 14067123, 618972401, 14394707, 633397267, 14730169, 648130787, 15072809, 663224819, 15423833, 678686630, 15783410, 694472274, 16150518, 710644015, 16526605, 727201896, 16911672, 744147078, 17305746, 761462877, 17708439, 779179135, 18120445, 797333090, 18542630, 815921517, 18974919, 834905372, 19416404, 854335180, 19868260, 874230248, 20330936, 894583524, 20804268, 915396728, 21288296, 936716300, 21784100, 958547314, 22291798, 980882675, 22811225, 1003722942, 23342394, 1027083208, 23885656, 1050986736, 24441552, 1075437224, 25010168, 1100486487, 25592709, 1126092600, 26188200, 1152324363, 26798241, 1179166167, 27422469, 1206628848, 28061136, 1234716792, 28714344, 1263452359, 29382613, 1292862897, 30066579, 1322966337, 30766659, 1353766506, 31482942, 1385270671, 32215597, 1417530948, 32965836, 1450513539, 33732873, 1484266518, 34517826, 1518791046, 35320722, 1554118470, 36142290, 1590278632, 36983224, 1627308770, 37844390, 1665157628, 38724596, 900572, 39650859, 922113, 40596429, 944103, 41582978, 967046, 42571247, 990029, 43605956, 1014092, 44645739, 1038273, 45726458, 1063406, 46807736, 1088552, 47904107, 1114049, 49023741, 1140087, 50195104, 1167328, 51370251, 1194657, 52599535, 1223245, 53849588, 1252316, 55132063, 1282141, 56425374, 1312218, 57771102, 1343514, 59139190, 1375330, 60534626, 1407782, 61947993, 1440651, 63413218, 1474726, 64933741, 1510087, 66458349, 1545543, 68045221, 1582447, 69632136, 1619352, 71268243, 1657401, 72935697, 1696179, 74632993, 1735651, 76415558, 1777106, 78194898, 1818486, 80031256, 1861192, 81918139, 1905073, 83824329, 1949403, 85819529, 1995803, 87816449, 2042243, 89859809, 2089763, 91956274, 2138518, 94141706, 2189342, 96375728, 2241296, 98624843, 2293601, 100945252, 2347564, 103317390, 2402730, 105741343, 2459101, 108219433, 2516731, 110766323, 2575961, 113345635, 2635945, 115983814, 2697298, 118722441, 2760987, 64209, 2836366, 65962, 1534, 99889, 2323, 103329, 2403, 148178, 3446, 158326, 3682, 192167, 4469, 241316, 5612, 271502, 6314, 318028, 7396, 172]
43,1,39,[24, 41280, 960, 65704, 1528, 105780, 2460, 123324, 2868, 176472, 4104, 212420, 4940, 281048, 6536, 152, 45236, 1052, 79808, 1856, 93396, 2172, 132440, 3080, 180772, 4204, 240284, 5588, 314588, 7316, 331960, 7720, 378228, 8796, 427248, 9936, 442212, 10284, 464228, 10796, 480052, 11164, 536468, 12476, 559000, 13000, 595464, 13848, 612664, 14248, 652052, 15164, 714144, 16608, 747512, 17384, 785008, 18256, 843488, 19616, 876512, 20384, 900248, 20936, 984872, 22904, 1054704, 24528, 1109400, 25800, 600, 95116, 2212, 129172, 3004, 194188, 4516, 200380, 4660, 231856, 5392, 265740, 6180, 323876, 7532, 343140, 7980, 393020, 9140, 442384, 10288, 471108, 10956, 539048, 12536, 590132, 13724, 615588, 14316, 696944, 16208, 780192, 18144, 867052, 20164, 954256, 22192, 983152, 22864, 1057972, 24604, 1095984, 25488, 1175104, 27328, 1240980, 28860, 1281572, 29804, 1319756, 30692, 1405756, 32692, 1458560, 33920, 1552816, 36112, 1647588, 38316, 1690932, 39324, 1767128, 41096, 1860180, 43260, 1906792, 44344, 1969572, 45804, 2030460, 47220, 2087736, 48552, 2144668, 49876, 2259908, 52556, 2329224, 54168, 2435348, 56636, 2500364, 58148, 2578624, 59968, 2682168, 62376, 2788120, 64840, 2918324, 67868, 3009656, 69992, 3131604, 72828, 3253036, 75652, 3353828, 77996, 3493836, 81252, 3616988, 84116, 3714512, 86384, 3867936, 89952, 4023252, 93564, 4182180, 97260, 4341452, 100964, 2348, 146888, 3416, 182148, 4236, 223256, 5192, 282080, 6560, 328864, 7648, 398524, 9268, 446340, 10380, 485212, 11284, 526664, 12248, 599248, 13936, 619888, 14416, 652740, 15180, 669596, 15572, 695224, 16168, 376, 70176, 1632, 140524, 3268, 76, 58652, 1364, 111972, 2604, 154800, 3600, 210356, 4892, 270556, 6292, 300312, 6984, 337464, 7848, 382184, 8888, 441352, 10264, 501896, 11672, 545412, 12684, 628488, 14616, 708468, 16476, 736676, 17132, 783976, 18232, 424, 80668, 1876, 127796, 2972, 139148, 3236, 160820, 3740, 234952, 5464, 245444, 5708, 304784, 7088, 372208, 8656, 402652, 9364, 467324, 10868, 531824, 12368, 589444, 13708, 660136, 15352, 677164, 15748, 709672, 16504, 784836, 18252, 836608, 19456, 889584, 20688, 918652, 21364, 1000352, 23264, 1025292, 23844, 1086008, 25256, 1136404, 26428, 1206408, 28056, 1267984, 29488, 1352780, 31460, 1429492, 33244, 1471116, 34212, 1550580, 36060, 1630216, 37912, 1716732, 39924, 1790176, 41632, 1845216, 42912, 1956844, 45508, 2025816, 47112, 2118180, 49260, 2209340, 51380, 2324408, 54056, 2386844, 55508, 2506040, 58280, 2589460, 60220, 2683200, 62400, 2757332, 64124, 2839892, 66044, 2971300, 69100, 3110792, 72344, 3213304, 74728, 3350044, 77908, 3486612, 81084, 3616300, 84100, 3759060, 87420, 3848156, 89492, 3952732, 91924, 4099964, 95348, 4223804, 98228, 4348848, 101136, 2352, 153768, 3576, 169076, 3932, 204852, 4764, 266600, 6200, 286208, 6656, 349848, 8136, 373068, 8676, 437052, 10164, 474032, 11024, 511872, 11904, 584112, 13584, 663060, 15420, 722056, 16792, 775720, 18040, 832308, 19356, 861720, 20040, 885112, 20584, 955976, 22232, 979884, 22788, 1071388, 24916, 1128148, 26236, 1164440, 27080, 1246828, 28996, 1299288, 30216, 1379784, 32088, 1428632, 33224, 1508784, 35088, 816, 106296, 2472, 143964, 3348, 209324, 4868, 229276, 5332, 124, 69144, 1608, 99244, 2308, 150156, 3492, 168732, 3924, 191092, 4444, 220676, 5132, 250948, 5836, 308740, 7180, 386312, 8984, 462336, 10752, 476440, 11080, 536124, 12468, 617308, 14356, 693676, 16132, 721540, 16780, 755080, 17560, 799456, 18592, 844864, 19648, 931552, 21664, 1011876, 23532, 1053844, 24508, 1147068, 26676, 1200560, 27920, 1250268, 29076, 1292752, 30064, 1334548, 31036, 1420892, 33044, 1487456, 34592, 1555568, 36176, 1613532, 37524, 1697984, 39488, 1760936, 40952, 1828704, 42528, 1872908, 43556, 1983504, 46128, 2083264, 48448, 2181992, 50744, 2239440, 52080, 2303252, 53564, 2405420, 55940, 2528400, 58800, 2619044, 60908, 2713472, 63104, 2815124, 65468, 2917464, 67848, 3047324, 70868, 3124896, 72672, 3200920, 74440, 3287092, 76444, 3418844, 79508, 3500028, 81396, 3648464, 84848, 3748396, 87172, 3854004, 89628, 3970448, 92336, 4087924, 95068, 4246680, 98760, 4399072, 102304, 4513108, 104956, 4678400, 108800, 4803960, 111720, 4925736, 114552, 2664, 185932, 4324, 230480, 5360, 282768, 6576, 356384, 8288, 418304, 9728, 444792, 10344, 495360, 11520, 572244, 13308, 620748, 14436, 687140, 15980, 748372, 17404, 819408, 19056, 850196, 19772, 928628, 21596, 966984, 22488, 1059864, 24648, 1099596, 25572, 1175448, 27336, 1254740, 29180, 1327496, 30872, 1427084, 33188, 1518932, 35324, 1589452, 36964, 1671668, 38876, 1717248, 39936, 1810816, 42112, 1878068, 43676, 1973700, 45900, 2051444, 47708, 2134348, 49636, 2207448, 51336, 2320796, 53972, 2386500, 55500, 2492280, 57960, 2615604, 60828, 2720008, 63256, 2788292, 64844, 1508, 71380, 1660, 116616, 2712, 124356, 2892, 145684, 3388, 206056, 4792, 242692, 5644, 266772, 6204, 293088, 6816, 336776, 7832, 354664, 8248, 421572, 9804, 228, 31820, 740, 47644, 1108, 104060, 2420, 126592, 2944, 163056, 3792, 180256, 4192, 219644, 5108, 281736, 6552, 315104, 7328, 352600, 8200, 411080, 9560, 444104, 10328, 467840, 10880, 480396, 11172, 550228, 12796, 604924, 14068, 630724, 14668, 653772, 15204, 710876, 16532, 760928, 17696, 817172, 19004, 904892, 21044, 954428, 22196, 990032, 23024, 1044900, 24300, 1077580, 25060, 1159624, 26968, 1198324, 27868, 1232896, 28672, 1318552, 30664, 1357596, 31572, 1405928, 32696, 1465440, 34080, 1539744, 35808, 1629184, 37888, 1675452, 38964, 1724472, 40104, 1811504, 42128, 1905588, 44316, 1993480, 46360, 2049896, 47672, 2144496, 49872, 2253028, 52396, 2342296, 54472, 2453752, 57064, 2515844, 58508, 2621280, 60960, 2730844, 63508, 2861392, 66544, 2966484, 68988, 3062288, 71216, 3146912, 73184, 3288812, 76484, 3415576, 79432, 3513444, 81708, 3608560, 83920, 3737732, 86924, 3859852, 89764, 3988164, 92748, 4147952, 96464, 4269556, 99292, 4377228, 101796, 4504164, 104748, 2436, 154112, 3584, 182836, 4252, 250776, 5832, 301860, 7020, 327316, 7612, 336604, 7828, 347784, 8088, 362576, 8432, 377712, 8784, 406608, 9456, 481428, 11196, 519440, 12080, 598560, 13920, 664436, 15452, 705028, 16396, 743212, 17284, 829212, 19284, 882016, 20512, 904204, 21028, 926908, 21556, 970252, 22564, 1046448, 24336, 1139500, 26500, 1186112, 27584, 1248892, 29044, 1309780, 30460, 1367056, 31792, 1423988, 33116, 1467160, 34120, 1536476, 35732, 1642600, 38200, 1707616, 39712, 1785876, 41532, 1889420, 43940, 1995372, 46404, 2053508, 47756, 2144840, 49880, 1160, 121432, 2824, 172860, 4020, 212076, 4932, 267288, 6216, 313728, 7296, 369628, 8596, 443588, 10316, 519268, 12076, 591680, 13760, 320, 45924, 1068, 107328, 2496, 113176, 2632, 130892, 3044, 190920, 4440, 213796, 4972, 264020, 6140, 327144, 7608, 401792, 9344, 432924, 10068, 453048, 10536, 465260, 10820, 521332, 12124, 602172, 14004, 664780, 15460, 718788, 16716, 789136, 18352, 864472, 20104, 923124, 21468, 963028, 22396, 1045760, 24320, 1111980, 25860, 1166332, 27124, 1250440, 29080, 1299632, 30224, 1393544, 32408, 1474556, 34292, 1544044, 35908, 1584980, 36860, 1636924, 38068, 1696780, 39460, 1784844, 41508, 1848140, 42980, 1929668, 44876, 2019796, 46972, 2093584, 48688, 2162384, 50288, 2247868, 52276, 2352100, 54700, 2413504, 56128, 2491420, 57940, 2581204, 60028, 1396, 94944, 2208, 122292, 2844, 135192, 3144, 146716, 3412, 175268, 4076, 236328, 5496, 300484, 6988, 344344, 8008, 369112, 8584, 422948, 9836, 486416, 11312, 502756, 11692, 579812, 13484, 635196, 14772, 688516, 16012, 731344, 17008, 786900, 18300, 847100, 19700, 876856, 20392, 914008, 21256, 958728, 22296, 1017896, 23672, 1078440, 25080, 1121956, 26092, 1205032, 28024, 1285012, 29884, 1385288, 32216, 1432588, 33316, 1522888, 35416, 1603556, 37292, 1659284, 38588, 1726364, 40148, 1815116, 42212, 1905932, 44324, 2007240, 46680, 2095820, 48740, 2179756, 50692, 2294136, 53352, 2401120, 55840, 2500536, 58152, 2585504, 60128, 2669096, 62072, 2769716, 64412, 2902844, 67508, 3039068, 70676, 3154996, 73372, 3251832, 75624, 3377736, 78552, 3513272, 81704, 3601680, 83760, 3750804, 87228, 3878256, 90192, 4003644, 93108, 4118540, 95780, 4246164, 98748, 4378432, 101824, 2368, 109220, 2540, 116788, 2716, 131236, 3052, 204680, 4760, 259720, 6040, 299280, 6960, 368252, 8564, 388548, 9036, 407640, 9480, 450640, 10480, 513076, 11932, 560204, 13028, 643624, 14968, 665296, 15472, 739428, 17196, 821988, 19116, 881328, 20496, 948752, 22064, 979196, 22772, 1043868, 24276, 1108368, 25776, 1165988, 27116, 1236680, 28760, 1325776, 30832, 1358284, 31588, 1433448, 33336, 1485220, 34540, 1538196, 35772, 1639332, 38124, 1721032, 40024, 1818040, 42280, 1878756, 43692, 1929152, 44864, 1999156, 46492, 2060732, 47924, 2145528, 49896, 2222240, 51680, 2335932, 54324, 2415396, 56172, 2495032, 58024, 2581548, 60036, 2654992, 61744, 2782100, 64700, 2893728, 67296, 2962700, 68900, 3055064, 71048, 3146224, 73168, 3261292, 75844, 3395796, 78972, 3514992, 81744, 3598412, 83684, 3692152, 85864, 3838352, 89264, 3992980, 92860, 4124388, 95916, 4263880, 99160, 4366392, 101544, 4503132, 104724, 4639700, 107900, 4769388, 110916, 4912148, 114236, 5073312, 117984, 5249956, 122092, 5397188, 125516, 5593096, 130072, 5790208, 134656, 5963412, 138684, 6117180, 142260, 6286256, 146192, 6491108, 150956, 6685640, 155480, 6899780, 160460, 7105492, 165244, 7334424, 170568, 7555272, 175704, 7741032, 180024, 7964632, 185224, 8188404, 190428, 8419056, 195792, 8636636, 200852, 8907880, 207160, 9163644, 213108, 4956, 236500, 5500, 307364, 7148, 331272, 7704, 350708, 8156, 407468, 9476, 443760, 10320, 240, 52460, 1220, 80496, 1872, 120916, 2812, 152220, 3540, 179224, 4168, 250432, 5824, 288100, 6700, 353460, 8220, 373412, 8684, 450812, 10484, 519956, 12092, 547132, 12724, 625220, 14540, 649816, 15112, 696772, 16204, 773312, 17984, 808056, 18792, 828524, 19268, 854496, 19872, 884424, 20568, 928456, 21592, 960104, 22328, 1000868, 23276, 1045932, 24324, 1118860, 26020, 1153260, 26820, 1232036, 28652, 1284152, 29864, 1350888, 31416, 1425880, 33160, 1470772, 34204, 1536820, 35740, 1584292, 36844, 1681472, 39104, 1749068, 40676, 1858460, 43220, 1910060, 44420, 1956156, 45492, 2070364, 48148, 2170468, 50476, 2282956, 53092, 2386328, 55496, 2485400, 57800, 2556608, 59456, 2666344, 62008, 2731704, 63528, 2823724, 65668, 2901124, 67468, 2970268, 69076, 3069512, 71384, 3147600, 73200, 3244264, 75448, 3363288, 78216, 3511896, 81672, 3618708, 84156, 3711244, 86308, 3809284, 88588, 3911280, 90960, 4027380, 93660, 4131096, 96072, 4243928, 98696, 4361060, 101420, 4506056, 104792, 4612524, 107268, 4763368, 110776, 4887552, 113664, 5026356, 116892, 5173416, 120312, 5362444, 124708, 5500560, 127920, 5692168, 132376, 5861416, 136312, 6001080, 139560, 6182540, 143780, 6378276, 148332, 6568508, 152756, 6754784, 157088, 6926956, 161092, 7111512, 165384, 7286952, 169464, 7458092, 173444, 7673436, 178452, 7855240, 182680, 8064736, 187552, 8300892, 193044, 8522428, 198196, 8735708, 203156, 8979088, 208816, 9201312, 213984, 9442112, 219584, 9705272, 225704, 9998016, 232512, 10248964, 238348, 10557704, 245528, 10871948, 252836, 11190148, 260236, 6052, 319920, 7440, 329036, 7652, 405404, 9428, 433268, 10076, 466808, 10856, 511184, 11888, 556592, 12944, 571212, 13284, 651536, 15152, 693504, 16128, 714660, 16620, 768152, 17864, 817860, 19020, 860344, 20008, 902140, 20980, 988484, 22988, 1055048, 24536, 1123160, 26120, 1181124, 27468, 1265576, 29432, 1328528, 30896, 1396296, 32472, 1440500, 33500, 1479028, 34396, 1578788, 36716, 1677516, 39012, 1734964, 40348, 1798776, 41832, 1900944, 44208, 1951856, 45392, 2042500, 47500, 2136928, 49696, 2238580, 52060, 2340920, 54440, 2398712, 55784, 2476284, 57588, 2552308, 59356, 2638480, 61360, 2770232, 64424, 2851416, 66312, 2927784, 68088, 3027716, 70412, 3133324, 72868, 3249768, 75576, 3367244, 78308, 3453932, 80324, 1868, 114036, 2652, 165292, 3844, 197628, 4596, 265912, 6184, 330756, 7692, 402136, 9352, 446684, 10388, 498972, 11604, 572588, 13316, 634508, 14756, 660996, 15372, 711564, 16548, 788448, 18336, 836952, 19464, 903344, 21008, 964576, 22432, 1035612, 24084, 1066400, 24800, 1144832, 26624, 1183188, 27516, 1276068, 29676, 1315800, 30600, 1391652, 32364, 1470944, 34208, 1543700, 35900, 1643288, 38216, 1735136, 40352, 1805656, 41992, 1887872, 43904, 1933452, 44964, 2027020, 47140, 2094272, 48704, 2189904, 50928, 2267648, 52736, 2350552, 54664, 2423652, 56364, 2537000, 59000, 2602704, 60528, 2708484, 62988, 2831808, 65856, 2936212, 68284, 1588, 136912, 3184, 143448, 3336, 188684, 4388, 196424, 4568, 217752, 5064, 278124, 6468, 314760, 7320, 338840, 7880, 365156, 8492, 408844, 9508, 426732, 9924, 493640, 11480, 575512, 13384, 607332, 14124, 654976, 15232, 686968, 15976, 741492, 17244, 760412, 17684, 796532, 18524, 872040, 20280, 937572, 21804, 964404, 22428, 1028732, 23924, 1079472, 25104, 1163236, 27052, 1198668, 27876, 1246656, 28992, 1292408, 30056, 1392856, 32392, 1447036, 33652, 1524264, 35448, 1586528, 36896, 1626776, 37832, 1723268, 40076, 932, 89612, 2084, 125216, 2912, 180084, 4188, 212764, 4948, 222740, 5180, 261440, 6080, 296012, 6884, 309600, 7200, 348644, 8108, 396976, 9232, 456488, 10616, 530792, 12344, 548164, 12748, 594432, 13824, 643452, 14964, 348, 22016, 512, 87892, 2044, 128484, 2988, 166668, 3876, 180600, 4200, 233404, 5428, 255592, 5944, 278296, 6472, 321640, 7480, 397836, 9252, 418820, 9740, 465432, 10824, 528212, 12284, 589100, 13700, 646376, 15032, 703308, 16356, 746480, 17360, 815796, 18972, 849852, 19764, 914868, 21276, 993128, 23096, 1024604, 23828, 1058488, 24616, 1116624, 25968, 1207956, 28092, 1257836, 29252, 1307200, 30400, 1407992, 32744, 1475932, 34324, 1527016, 35512, 1624540, 37780, 1705896, 39672, 1789144, 41608, 1876004, 43628, 1963208, 45656, 2064172, 48004, 2138992, 49744, 2249072, 52304, 2328192, 54144, 2394068, 55676, 2506728, 58296, 2616980, 60860, 2702980, 62860, 2827852, 65764, 2922108, 67956, 3016880, 70160, 3132292, 72844, 3208488, 74616, 3301540, 76780, 3420220, 79540, 3555068, 82676, 3688024, 85768, 3817368, 88776, 3946368, 91776, 4061608, 94456, 4202992, 97744, 4309116, 100212, 4446200, 103400, 4596528, 106896, 4772140, 110980, 4950160, 115120, 5080364, 118148, 5243764, 121948, 2836, 193500, 4500, 244928, 5696, 284144, 6608, 339356, 7892, 385796, 8972, 441696, 10272, 515656, 11992, 591336, 13752, 663748, 15436, 749576, 17432, 795500, 18500, 830760, 19320, 871868, 20276, 930692, 21644, 977476, 22732, 1047136, 24352, 1094952, 25464, 1133824, 26368, 1175276, 27332, 1247860, 29020, 1340568, 31176, 1373420, 31940, 1462344, 34008, 1560040, 36280, 1648276, 38332, 1718452, 39964, 1786908, 41556, 1858632, 43224, 1916940, 44580, 2015152, 46864, 2124028, 49396, 2227056, 51792, 2312368, 53776, 2409720, 56040, 2484196, 57772, 2580516, 60012, 2685780, 62460, 2788464, 64848, 2860016, 66512, 2983512, 69384, 3094796, 71972, 3222076, 74932, 3340584, 77688, 3468552, 80664, 3614580, 84060, 3762328, 87496, 3906808, 90856, 4064704, 94528, 4182696, 97272, 4290024, 99768, 4403200, 102400, 4534092, 105444, 4652944, 108208, 4794672, 111504, 4914556, 114292, 5097564, 118548, 5283152, 122864, 5427804, 126228, 5592580, 130060, 5769568, 134176, 5930560, 137920, 6100324, 141868, 6260628, 145596, 6474940, 150580, 6687532, 155524, 6903392, 160544, 7105836, 165252, 7276116, 169212, 7457060, 173420, 7632156, 177492, 7861604, 182828, 8103092, 188444, 8321704, 193528, 8562160, 199120, 8811560, 204920, 9058380, 210660, 9274068, 215676, 9541700, 221900, 9797120, 227840, 10068536, 234152, 10331180, 240260, 10603284, 246588, 10893448, 253336, 11185332, 260124, 11473948, 266836, 11775980, 273860, 12110176, 281632, 12433708, 289156, 12763088, 296816, 13110184, 304888, 13445240, 312680, 13803172, 321004, 14139260, 328820, 14538472, 338104, 14940264, 347448, 15301120, 355840, 15682100, 364700, 16075292, 373844, 16452488, 382616, 16838456, 391592, 17287032, 402024, 17717548, 412036, 18146344, 422008, 18578408, 432056, 19069124, 443468, 19527676, 454132, 19996892, 465044, 20532328, 477496, 21050048, 489536, 21579808, 501856, 22086692, 513644, 22615420, 525940, 23153092, 538444, 23760252, 552564, 24336280, 565960, 24964252, 580564, 25580012, 594884, 26211768, 609576, 26834752, 624064, 27467196, 638772, 28117700, 653900, 28841992, 670744, 29563016, 687512, 30297456, 704592, 31064060, 722420, 31820000, 740000, 32581788, 757716, 33361292, 775844, 34200824, 795368, 35063232, 815424, 35903796, 834972, 36807484, 855988, 37713752, 877064, 38651152, 898864, 39608676, 921132, 40578412, 943684, 41532152, 965864, 42566732, 989924, 43591852, 1013764, 44670980, 1038860, 45748388, 1063916, 46829064, 1089048, 47968392, 1115544, 49147624, 1142968, 50337520, 1170640, 51521568, 1198176, 52759968, 1226976, 54010408, 1256056, 55310040, 1286280, 56631516, 1317012, 57961936, 1347952, 59361844, 1380508, 60802688, 1414016, 62223408, 1447056, 63703984, 1481488, 65200556, 1516292, 66760424, 1552568, 68329752, 1589064, 69989208, 1627656, 71650384, 1666288, 73380360, 1706520, 75123752, 1747064, 76899308, 1788356, 78736268, 1831076, 80579076, 1873932, 82511668, 1918876, 84432220, 1963540, 86447716, 2010412, 88513436, 2058452, 90642280, 2107960, 92773704, 2157528, 94936260, 2207820, 97191008, 2260256, 99457968, 2312976, 101781000, 2367000, 104184872, 2422904, 106651352, 2480264, 109171840, 2538880, 111762676, 2599132, 114428848, 2661136, 117153672, 2724504, 119918400, 2788800, 122765860, 2855020, 125679540, 2922780, 128647572, 2991804, 131699712, 3062784, 134801044, 3134908, 137996288, 3209216, 141272544, 3285408, 144618288, 3363216, 148004968, 3441976, 151515660, 3523620, 155086208, 3606656, 158744820, 3691740, 162466728, 3778296, 166270164, 3866748, 170163728, 3957296, 174131080, 4049560, 178239300, 4145100, 182433004, 4242628, 186730940, 4342580, 191090280, 4443960, 195599604, 4548828, 200198712, 4655784, 204857848, 4764136, 209683996, 4876372, 113404, 5011564, 116548, 5158280, 119960, 5333548, 124036, 5497808, 127856, 5654156, 131492, 5854364, 136148, 6007272, 139704, 6214016, 144512, 6412160, 149120, 6626644, 154108, 6846116, 159212, 7048904, 163928, 7232944, 168208, 7459812, 173484, 7670168, 178376, 7868656, 182992, 8096900, 188300, 8290228, 192796, 8528276, 198332, 8753424, 203568, 8967048, 208536, 9224188, 214516, 9492336, 220752, 9768396, 227172, 10000596, 232572, 10280096, 239072, 10577828, 245996, 10884160, 253120, 11174152, 259864, 11459156, 266492, 11760844, 273508, 12081280, 280960, 12430956, 289092, 12725076, 295932, 13031064, 303048, 13379364, 311148, 7236, 338496, 7872, 351396, 8172, 362920, 8440, 391472, 9104, 452532, 10524, 516688, 12016, 560548, 13036, 585316, 13612, 639152, 14864, 702620, 16340, 380, 77056, 1792, 127452, 2964, 197456, 4592, 259032, 6024, 271760, 6320, 348472, 8104, 390096, 9072, 469560, 10920, 549196, 12772, 563644, 13108, 637088, 14816, 692128, 16096, 731688, 17016, 800660, 18620, 820956, 19092, 444, 43000, 1000, 62436, 1452, 119196, 2772, 155488, 3616, 165808, 3856, 218268, 5076, 226696, 5272, 275544, 6408, 283628, 6596, 318716, 7412, 352944, 8208, 424840, 9880, 490028, 11396, 503100, 11700, 521504, 12128, 536984, 12488, 579640, 13480, 628316, 14612, 701588, 16316, 749748, 17436, 802380, 18660, 889756, 20692, 925532, 21524, 987280, 22960, 1078956, 25092, 1142596, 26572, 1237884, 28788, 1301868, 30276, 1338848, 31136, 1376688, 32016, 1448928, 33696, 1527876, 35532, 1586872, 36904, 1640536, 38152, 1697124, 39468, 1798604, 41828, 1894064, 44048, 1964928, 45696, 2060904, 47928, 2152408, 50056, 2209168, 51376, 2317528, 53896, 2399916, 55812, 2524444, 58708, 2604940, 60580, 2725856, 63392, 2806008, 65256, 2913164, 67748, 3019460, 70220, 3091356, 71892, 3228612, 75084, 3313752, 77064, 3404224, 79168, 3491772, 81204, 3606496, 83872, 3727240, 86680, 3872580, 90060, 3992808, 92856, 4117508, 95756, 4276952, 99464, 4384796, 101972, 4518612, 105084, 4682356, 108892, 4818064, 112048, 4985420, 115940, 5121472, 119104, 5302588, 123316, 5484564, 127548, 5628872, 130904, 5779888, 134416, 5983020, 139140, 6180820, 143740, 6381544, 148408, 6555092, 152444, 6722620, 156340, 6937620, 161340, 7105664, 165248, 7341304, 170728, 7542200, 175400, 7722628, 179596, 7949152, 184864, 8145748, 189436, 8370380, 194660, 8635432, 200824, 8859720, 206040, 9111012, 211884, 9361444, 217708, 9649544, 224408, 9930936, 230952, 10232280, 237960, 10538956, 245092, 10842708, 252156, 11101568, 258176, 11366448, 264336, 11655924, 271068, 11992356, 278892, 12333260, 286820, 12636840, 293880, 12960888, 301416, 13310908, 309556, 13690856, 318392, 14042768, 326576, 14426328, 335496, 14778584, 343688, 15175904, 352928, 15574084, 362188, 16006664, 372248, 16445952, 382464, 16865288, 392216, 17279292, 401844, 17696220, 411540, 18158040, 422280, 18613840, 432880, 19117112, 444584, 19573428, 455196, 20097340, 467380, 20586508, 478756, 21127276, 491332, 21642072, 503304, 22199008, 516256, 22783980, 529860, 23337304, 542728, 23921932, 556324, 24533564, 570548, 25144336, 584752, 25792776, 599832, 26434508, 614756, 27096192, 630144, 27763208, 645656, 28427300, 661100, 29118568, 677176, 29815856, 693392, 30537740, 710180, 31306580, 728060, 32079892, 746044, 32887948, 764836, 33716472, 784104, 34570968, 803976, 35383324, 822868, 36239712, 842784, 37127748, 863436, 38056548, 885036, 38958344, 906008, 39933068, 928676, 40870124, 950468, 41885956, 974092, 42881836, 997252, 43944452, 1021964, 45009992, 1046744, 46120424, 1072568, 47224836, 1098252, 48376720, 1125040, 49553716, 1152412, 50726240, 1179680, 51936088, 1207816, 53197536, 1237152, 54505080, 1267560, 55782696, 1297272, 57088348, 1327636, 58434420, 1358940, 59811796, 1390972, 61216176, 1423632, 62691764, 1457948, 64205020, 1493140, 65711568, 1528176, 67310136, 1565352, 68914036, 1602652, 70587080, 1641560, 72287300, 1681100, 73993540, 1720780, 75724376, 1761032, 77502168, 1802376, 79356500, 1845500, 81245576, 1889432, 83155120, 1933840, 85090636, 1978852, 87128148, 2026236, 89209692, 2074644, 91322884, 2123788, 93476840, 2173880, 95675860, 2225020, 97947808, 2277856, 100254156, 2331492, 102639280, 2386960, 105076520, 2443640, 107580496, 2501872, 110087396, 2560172, 112711256, 2621192, 115401164, 2683748, 118138544, 2747408, 120901036, 2811652, 123731124, 2877468, 126670604, 2945828, 129661684, 3015388, 132698860, 3086020, 135850244, 3159308, 139029664, 3233248, 142321572, 3309804, 145644784, 3387088, 149067068, 3466676, 152560560, 3547920, 156163788, 3631716, 159832376, 3717032, 163592984, 3804488, 167430992, 3893744, 171338144, 3984608, 175344540, 4077780, 179429024, 4172768, 183610172, 4270004, 187910344, 4370008, 192287056, 4471792, 196770580, 4576060, 106420, 4746168, 110376, 4920232, 114424, 5036332, 117124, 5212116, 121212, 5397016, 125512, 5586216, 129912, 5731212, 133284, 5909748, 137436, 6060592, 140944, 6256844, 145508, 6467716, 150412, 6686844, 155508, 6875872, 159904, 7086056, 164792, 7277664, 169248, 3936, 211732, 4924, 253528, 5896, 267804, 6228, 334368, 7776, 402480, 9360, 460444, 10708, 472828, 10996, 535780, 12460, 603548, 14036, 647752, 15064, 686280, 15960, 713972, 16604, 740632, 17224, 798080, 18560, 861892, 20044, 891992, 20744, 942904, 21928, 1033548, 24036, 1127976, 26232, 1157560, 26920, 1187832, 27624, 1245624, 28968, 1323196, 30772, 1399220, 32540, 1485392, 34544, 1545076, 35932, 1626260, 37820, 1702628, 39596, 1802560, 41920, 1908168, 44376, 1032]
43,1,51,[32, 71552, 1664, 138976, 3232, 157552, 3664, 180944, 4208, 266256, 6192, 144, 39216, 912, 59856, 1392, 96320, 2240, 107328, 2496, 114208, 2656, 189200, 4400, 224288, 5216, 258000, 6000, 314416, 7312, 326112, 7584, 368768, 8576, 418992, 9744, 485728, 11296, 562784, 13088, 610944, 14208, 664608, 15456, 721712, 16784, 769184, 17888, 416, 81872, 1904, 110080, 2560, 163056, 3792, 184384, 4288, 256624, 5968, 337120, 7840, 375648, 8736, 399728, 9296, 426560, 9920, 502240, 11680, 573104, 13328, 676304, 15728, 764368, 17776, 819408, 19056, 853808, 19856, 946000, 22000, 1027184, 23888, 1101488, 25616, 1195056, 27792, 1253536, 29152, 1372560, 31920, 1435168, 33376, 1486080, 34560, 1588592, 36944, 1640880, 38160, 1720688, 40016, 1817696, 42272, 1866544, 43408, 1955984, 45488, 2082576, 48432, 2161696, 50272, 2222928, 51696, 2296544, 53408, 2354336, 54752, 2437584, 56688, 2524960, 58720, 2638480, 61360, 2791904, 64928, 2946704, 68528, 3078800, 71600, 3161360, 73520, 3307216, 76912, 3445504, 80128, 3567280, 82960, 3678736, 85552, 3819088, 88816, 3953936, 91952, 4085344, 95008, 4226384, 98288, 4397008, 102256, 4503648, 104736, 4676336, 108752, 4796048, 111536, 4988688, 116016, 5109088, 118816, 5243248, 121936, 5433136, 126352, 5598944, 130208, 5737920, 133440, 5895472, 137104, 6076416, 141312, 6248416, 145312, 6426608, 149456, 6644016, 154512, 6827024, 158768, 7012096, 163072, 7210240, 167680, 7428336, 172752, 7647120, 177840, 7901680, 183760, 8131472, 189104, 8392912, 195184, 8603440, 200080, 8805712, 204784, 9049952, 210464, 9308640, 216480, 9564576, 222432, 9865920, 229440, 10172080, 236560, 10445904, 242928, 10734864, 249648, 11056848, 257136, 11399472, 265104, 11684304, 271728, 11980144, 278608, 12282864, 285648, 12660576, 294432, 12979120, 301840, 13331376, 310032, 13645792, 317344, 13971904, 324928, 14340672, 333504, 14759664, 343248, 15151136, 352352, 15525408, 361056, 15947840, 370880, 16329680, 379760, 16768624, 389968, 17160784, 399088, 17570832, 408624, 18062752, 420064, 18570496, 431872, 19052784, 443088, 19530944, 454208, 20077216, 466912, 20583584, 478688, 21088576, 490432, 21616272, 502704, 22193504, 516128, 22801696, 530272, 23417456, 544592, 24049728, 559296, 24692320, 574240, 25306016, 588512, 25925216, 602912, 26547856, 617392, 27255120, 633840, 27932800, 649600, 28674464, 666848, 29350080, 682560, 30078672, 699504, 30828592, 716944, 31556496, 733872, 32364896, 752672, 17504, 776752, 18064, 803584, 18688, 879264, 20448, 950128, 22096, 1053328, 24496, 1141392, 26544, 1196432, 27824, 1230832, 28624, 1323024, 30768, 1404208, 32656, 1478512, 34384, 1572080, 36560, 1630560, 37920, 1749584, 40688, 1812192, 42144, 1863104, 43328, 1965616, 45712, 2017904, 46928, 2097712, 48784, 2194720, 51040, 2337824, 54368, 2427264, 56448, 2553856, 59392, 2632976, 61232, 1424, 73616, 1712, 152048, 3536, 177504, 4128, 96, 26144, 608, 39904, 928, 95632, 2224, 165808, 3856, 233232, 5424, 251808, 5856, 275200, 6400, 360512, 8384, 460960, 10720, 500176, 11632, 560032, 13024, 656352, 15264, 763680, 17760, 783632, 18224, 878576, 20432, 914352, 21264, 983840, 22880, 1015488, 23616, 1058832, 24624, 1144832, 26624, 1186800, 27600, 1295504, 30128, 1387008, 32256, 1432416, 33312, 1531488, 35616, 1593408, 37056, 1702800, 39600, 1830080, 42560, 1944976, 45232, 2075696, 48272, 2180960, 50720, 2282096, 53072, 2357088, 54816, 2486432, 57824, 2614400, 60800, 2765072, 64304, 2871024, 66768, 3007936, 69952, 3152416, 73312, 3313408, 77056, 1792, 142416, 3312, 147920, 3440, 80, 84624, 1968, 158928, 3696, 252496, 5872, 310976, 7232, 335744, 7808, 398352, 9264, 449264, 10448, 551776, 12832, 604064, 14048, 683872, 15904, 780880, 18160, 829728, 19296, 919168, 21376, 951504, 22128, 1030624, 23968, 1091856, 25392, 1165472, 27104, 1223264, 28448, 1306512, 30384, 1393888, 32416, 1507408, 35056, 1566576, 36432, 1627120, 37840, 880, 82560, 1920, 145856, 3392, 232544, 5408, 310288, 7216, 394224, 9168, 423120, 9840, 511872, 11904, 602688, 14016, 706576, 16432, 736160, 17120, 766432, 17824, 832480, 19360, 873760, 20320, 946688, 22016, 512, 108016, 2512, 149984, 3488, 164432, 3824, 255936, 5952, 301344, 7008, 400416, 9312, 462336, 10752, 477472, 11104, 510496, 11872, 531136, 12352, 567600, 13200, 672864, 15648, 774000, 18000, 848992, 19744, 884080, 20560, 917792, 21344, 974208, 22656, 1080160, 25120, 1122816, 26112, 1173040, 27280, 1239776, 28832, 1316832, 30624, 1364992, 31744, 1418656, 32992, 1475760, 34320, 1523232, 35424, 1635376, 38032, 1717248, 39936, 1827328, 42496, 1896128, 44096, 1986256, 46192, 2054368, 47776, 2108720, 49040, 2201600, 51200, 2318560, 53920, 2462352, 57264, 2587568, 60176, 2689392, 62544, 2800160, 65120, 2904736, 67552, 3064352, 71264, 3164112, 73584, 3261808, 75856, 3346432, 77824, 3505360, 81520, 3663600, 85200, 3786064, 88048, 3933296, 91472, 4048880, 94160, 4215376, 98032, 4390128, 102096, 4522912, 105184, 4641248, 107936, 4762336, 110752, 4932272, 114704, 5097392, 118544, 5294848, 123136, 5477168, 127376, 5626464, 130848, 5849376, 136032, 6035824, 140368, 6211264, 144448, 6379824, 148368, 6567648, 152736, 3552, 213280, 4960, 251120, 5840, 333680, 7760, 385280, 8960, 429312, 9984, 456832, 10624, 474032, 11024, 520128, 12096, 560720, 13040, 597872, 13904, 644656, 14992, 721024, 16768, 827664, 19248, 906096, 21072, 931552, 21664, 1029936, 23952, 1056080, 24560, 1095984, 25488, 1191616, 27712, 1263168, 29376, 1307888, 30416, 1371184, 31888, 1457872, 33904, 1535616, 35712, 1619552, 37664, 1742704, 40528, 1831456, 42592, 1922272, 44704, 2026160, 47120, 2150000, 50000, 2274528, 52896, 2340576, 54432, 2476112, 57584, 2549040, 59280, 2665312, 61984, 2773328, 64496, 2923312, 67984, 2993488, 69616, 3155168, 73376, 3268000, 76000, 3385648, 78736, 3470960, 80720, 3571408, 83056, 3704880, 86160, 3858992, 89744, 3955312, 91984, 4062640, 94480, 4176848, 97136, 4366048, 101536, 4496080, 104560, 4659824, 108368, 4785728, 111296, 4923328, 114496, 5103584, 118688, 5239808, 121856, 5442768, 126576, 5628528, 130896, 5768192, 134144, 5961520, 138640, 6117696, 142272, 6321344, 147008, 6542880, 152160, 6752032, 157024, 6977008, 162256, 7176528, 166896, 7371920, 171440, 7635424, 177568, 7859024, 182768, 8081248, 187936, 8326176, 193632, 8526384, 198288, 8757552, 203664, 8996288, 209216, 9251536, 215152, 9517104, 221328, 9753776, 226832, 9995952, 232464, 10241568, 238176, 10571808, 245856, 10872464, 252848, 11142848, 259136, 11441440, 266080, 11793008, 274256, 12071648, 280736, 12422528, 288896, 12759648, 296736, 13135296, 305472, 7104, 332304, 7728, 407984, 9488, 478848, 11136, 582048, 13536, 670112, 15584, 725152, 16864, 759552, 17664, 851744, 19808, 932928, 21696, 1007232, 23424, 1100800, 25600, 1159280, 26960, 1278304, 29728, 1340912, 31184, 1391824, 32368, 1494336, 34752, 1546624, 35968, 1626432, 37824, 1723440, 40080, 1772288, 41216, 1861728, 43296, 1988320, 46240, 2067440, 48080, 2128672, 49504, 2202288, 51216, 2260080, 52560, 2343328, 54496, 2430704, 56528, 2544224, 59168, 1376]
43,1,60,[28, 73444, 1708, 155101, 3607, 256710, 5970, 355524, 8268, 394740, 9180, 458079, 10653, 551260, 12820, 579554, 13478, 642033, 14931, 682754, 15878, 727001, 16907, 764540, 17780, 836479, 19453, 899775, 20925, 990333, 23031, 1080418, 25126, 1141650, 26550, 1217201, 28307, 1279035, 29745, 1391308, 32356, 1475244, 34308, 1604975, 37325, 1644879, 38253, 1750186, 40702, 1852784, 43088, 1901030, 44210, 1960714, 45598, 2052734, 47738, 2121104, 49328, 2188485, 50895, 2306434, 53638, 2403915, 55905, 2472715, 57505, 2566326, 59682, 2731747, 63529, 2841698, 66086, 3005786, 69902, 3145321, 73147, 3228784, 75088, 3329662, 77434, 3494782, 81274, 3586372, 83404, 3739409, 86963, 3870215, 90005, 3975694, 92458, 4088784, 95088, 4222557, 98199, 4398126, 102282, 4572620, 106340, 4681539, 108873, 4893572, 113804, 5074430, 118010, 5238862, 121834, 5399381, 125567, 5543001, 128907, 5764752, 134064, 5983923, 139161, 6156611, 143177, 6377158, 148306, 6633782, 154274, 6873163, 159841, 7058794, 164158, 7292585, 169595, 7469917, 173719, 7751954, 180278, 7988970, 185790, 8252130, 191910, 8446619, 196433, 8666263, 201541, 4687, 109, 64113, 1491, 140395, 3265, 246820, 5740, 306719, 7133, 411854, 9578, 503960, 11720, 577576, 13432, 632272, 14704, 752715, 17505, 780536, 18152, 814162, 18934, 869202, 20214, 899732, 20924, 987710, 22970, 1031312, 23984, 1140403, 26521, 1252031, 29117, 1296622, 30154, 1355145, 31515, 1487241, 34587, 1560513, 36291, 1705122, 39654, 1765408, 41056, 1894150, 44050, 1984622, 46154, 2069461, 48127, 2143378, 49846, 2216435, 51545, 2347929, 54603, 2495376, 58032, 2617883, 60881, 2771608, 64456, 2944382, 68474, 3059278, 71146, 3192320, 74240, 3323298, 77286, 3439269, 79983, 3526989, 82023, 3665750, 85250, 3812896, 88672, 3917042, 91094, 4059716, 94412, 4223761, 98227, 4360673, 101411, 4505927, 104789, 4716455, 109685, 4916405, 114335, 5136479, 119453, 5364250, 124750, 5507053, 128071, 5678967, 132069, 5852300, 136100, 6001295, 139565, 6218230, 144610, 6365419, 148033, 6583085, 153095, 6774865, 157555, 6940157, 161399, 7153136, 166352, 7391700, 171900, 7638391, 177637, 7826344, 182008, 8090880, 188160, 8369305, 194635, 8607783, 200181, 8849228, 205796, 9160763, 213041, 9422805, 219135, 9659993, 224651, 9933645, 231015, 10213661, 237527, 10549190, 245330, 10833205, 251935, 11190879, 260253, 11494975, 267325, 11857723, 275761, 12138642, 282294, 12529254, 291378, 12846422, 298754, 13230283, 307681, 13579228, 315796, 13905340, 323380, 14280300, 332100, 14640769, 340483, 15004463, 348941, 15453985, 359395, 15815959, 367813, 16271458, 378406, 16665338, 387566, 17070957, 396999, 17527273, 407611, 17970990, 417930, 18422447, 428429, 18902456, 439592, 19349785, 449995, 10465, 501724, 11668, 552077, 12839, 629391, 14637, 687871, 15997, 706447, 16429, 730613, 16991, 763078, 17746, 858194, 19958, 893626, 20782, 947935, 22045, 1044771, 24297, 1074226, 24982, 1207526, 28082, 1243345, 28915, 1321261, 30727, 1416463, 32941, 1457141, 33887, 1498765, 34855, 1598095, 37165, 1668787, 38809, 1766913, 41091, 1875058, 43606, 1928980, 44860, 2002209, 46563, 2144195, 49865, 2266272, 52704, 2393767, 55669, 2519069, 58583, 2621495, 60965, 2770146, 64422, 2855200, 66400, 2942232, 68424, 3039025, 70675, 3176754, 73878, 3260948, 75836, 3406417, 79219, 3519163, 81841, 3631952, 84464, 3747364, 87148, 3911882, 90974, 4077647, 94829, 4208582, 97874, 4321930, 100510, 4471441, 103987, 4608955, 107185, 4790931, 111417, 4912664, 114248, 5130072, 119304, 5306114, 123398, 5509461, 128127, 5714958, 132906, 5940708, 138156, 6182024, 143768, 6374793, 148251, 6600414, 153498, 6833861, 158927, 7101106, 165142, 7322986, 170302, 7550026, 175582, 7759135, 180445, 7983423, 185661, 8246454, 191778, 8543971, 198697, 8838091, 205537, 9146788, 212716, 9457506, 219942, 9780608, 227456, 10082855, 234485, 10332814, 240298, 10609218, 246726, 10946209, 254563, 11208509, 260663, 11572332, 269124, 11918826, 277182, 12206324, 283868, 12554667, 291969, 12954954, 301278, 13307812, 309484, 13650823, 317461, 14058549, 326943, 14421598, 335386, 14831775, 344925, 15233438, 354266, 15670232, 364424, 16142974, 375418, 16590604, 385828, 17058960, 396720, 17460838, 406066, 17910747, 416529, 18407225, 428075, 18861090, 438630, 19377090, 450630, 19912827, 463089, 20432654, 475178, 20980044, 487908, 21545322, 501054, 22092798, 513786, 22663322, 527054, 23198113, 539491, 23771131, 552817, 24347159, 566213, 24995900, 581300, 25644254, 596378, 26269001, 610907, 26895382, 625474, 27621437, 642359, 28328271, 658797, 29082491, 676337, 29843935, 694045, 30602455, 711685, 31404405, 730335, 32194057, 748699, 33009810, 767670, 33865166, 787562, 34696571, 806897, 35508626, 825782, 36360198, 845586, 37293470, 867290, 38220077, 888839, 39183707, 911249, 40187800, 934600, 41220402, 958614, 42217701, 981807, 43279457, 1006499, 44391695, 1032365, 45478219, 1057633, 46548747, 1082529, 47641592, 1107944, 48765010, 1134070, 49979029, 1162303, 51174859, 1190113, 52370130, 1217910, 53642199, 1247493, 54941272, 1277704, 56224134, 1307538, 57627095, 1340165, 59036893, 1372951, 60420160, 1405120, 61848491, 1438337, 63364198, 1473586, 64886785, 1508995, 66496361, 1546427, 68089210, 1583470, 69770682, 1622574, 71424204, 1661028, 73147128, 1701096, 74889488, 1741616, 76708474, 1783918, 78543972, 1826604, 80388629, 1869503, 82348397, 1915079, 84343425, 1961475, 86382270, 2008890, 88432424, 2056568, 90507045, 2104815, 92632492, 2154244, 94864106, 2206142, 97139881, 2259067, 99447949, 2312743, 101840641, 2368387, 104294135, 2425445, 106796950, 2483650, 109314127, 2542189, 111931107, 2603049, 114536735, 2663645, 117226170, 2726190, 120037467, 2791569, 122852247, 2857029, 125768593, 2924851, 128781130, 2994910, 131783777, 3064739, 71273, 3192750, 74250, 3349528, 77896, 3486741, 81087, 3650356, 84892, 3761038, 87466, 3858820, 89740, 4056878, 94346, 4161540, 96780, 4335690, 100830, 4534522, 105454, 4686398, 108986, 4857280, 112960, 5078558, 118106, 5268876, 122532, 5455883, 126881, 5662713, 131691, 5858879, 136253, 6069923, 141161, 6301349, 146543, 6556210, 152470, 6798945, 158115, 6967376, 162032, 7150040, 166280, 7424638, 172666, 7651463, 177941, 7847457, 182499, 8048009, 187163, 8304805, 193135, 8554678, 198946, 8825836, 205252, 9064615, 210805, 9324421, 216847, 9647007, 224349, 9917778, 230646, 10243847, 238229, 10505287, 244309, 10816650, 251550, 5850, 262558, 6106, 142, 39775, 925, 97438, 2266, 177074, 4118, 266299, 6193, 275071, 6397, 366575, 8525, 403469, 9383, 436063, 10141, 539048, 12536, 610901, 14207, 668951, 15557, 772194, 17958, 859785, 19995, 465, 110725, 2575, 211302, 4914, 247164, 5748, 327703, 7621, 361114, 8398, 403039, 9373, 520730, 12110, 602473, 14011, 709328, 16496, 795457, 18499, 837167, 19469, 941743, 21901, 999750, 23250, 1100370, 25590, 1138855, 26485, 1268500, 29500, 1303158, 30306, 1421150, 33050, 1521254, 35378, 1639160, 38120, 1734018, 40326, 1864609, 43363, 1956973, 45511, 2046327, 47589, 2173865, 50555, 2301790, 53530, 2453322, 57054, 2603220, 60540, 2764341, 64287, 2833786, 65902, 2966742, 68994, 3092474, 71918, 3221130, 74910, 3306356, 76892, 3403880, 79160, 3586200, 83400, 3728917, 86719, 3895585, 90595, 4081603, 94921, 4228104, 98328, 4403802, 102414, 4586165, 106655, 4731505, 110035, 4947279, 115053, 5134544, 119408, 5357112, 124584, 5515223, 128261, 5733749, 133343, 3101, 149339, 3473, 237919, 5533, 318243, 7401, 338539, 7873, 356728, 8296, 468184, 10888, 502283, 11681, 586176, 13632, 602387, 14009, 704082, 16374, 808142, 18794, 834673, 19411, 900506, 20942, 924027, 21489, 1028044, 23908, 556, 127624, 2968, 133171, 3097, 138847, 3229, 152392, 3544, 202358, 4706, 256065, 5955, 316179, 7353, 171, 115842, 2694, 190748, 4436, 213237, 4959, 254302, 5914, 319533, 7431, 417229, 9703, 499144, 11608, 616491, 14337, 677250, 15750, 723948, 16836, 800101, 18607, 898657, 20899, 922135, 21445, 1023529, 23803, 1109228, 25796, 1235605, 28735, 1292709, 30063, 1338246, 31122, 1454475, 33825, 1557933, 36231, 1658639, 38573, 1702370, 39590, 1819330, 42310, 1967379, 45753, 2015711, 46877, 2080641, 48387, 2159976, 50232, 2230840, 51880, 2339458, 54406, 2422233, 56331, 2481143, 57701, 2636846, 61322, 2708484, 62988, 2864316, 66612, 2943823, 68461, 3025179, 70353, 3108427, 72289, 3196190, 74330, 3337574, 77618, 3422929, 79603, 3528322, 82054, 3636166, 84562, 3782624, 87968, 3955699, 91993, 4088956, 95092, 4233049, 98443, 4372756, 101692, 4577608, 106456, 4764013, 110791, 4934121, 114747, 5108185, 118795, 5301771, 123297, 5466332, 127124, 5634720, 131040, 5814761, 135227, 6040253, 140471, 6265831, 145717, 6496655, 151085, 6714794, 156158, 6935427, 161289, 7197297, 167379, 7423993, 172651, 7612118, 177026, 7887146, 183422, 8140201, 189307, 8383667, 194969, 8596689, 199923, 8837876, 205532, 9133673, 212411, 9433770, 219390, 9663476, 224732, 9924314, 230798, 10198955, 237185, 10539300, 245100, 5700, 312696, 7272, 332863, 7741, 343183, 7981, 418218, 9726, 448576, 10432, 526062, 12234, 595034, 13838, 699137, 16259, 728291, 16937, 843230, 19610, 867998, 20186, 937185, 21795, 1054403, 24521, 1107293, 25751, 1228467, 28569, 1300879, 30253, 1393028, 32396, 1469267, 34169, 1573069, 36583, 1694759, 39413, 1798647, 41829, 1925583, 44781, 2016786, 46902, 2146216, 49912, 2278656, 52992, 2372912, 55184, 2466781, 57367, 2537043, 59001, 2608939, 60673, 1411, 152349, 3543, 199735, 4645, 206959, 4813, 314932, 7324, 358362, 8334, 456961, 10627, 483062, 11234, 522665, 12155, 609611, 14177, 701158, 16306, 740675, 17225, 822375, 19125, 926607, 21549, 963630, 22410, 1004093, 23351, 1032602, 24014, 1108196, 25772, 1172653, 27271, 1223135, 28445, 1308318, 30426, 1403219, 32633, 1536433, 35731, 1677903, 39021, 1768504, 41128, 1861212, 43284, 1971550, 45850, 2048348, 47636, 2186249, 50843, 2280935, 53045, 2401034, 55838, 2518768, 58576, 2603134, 60538, 2759095, 64165, 2846471, 66197, 2964248, 68936, 3051237, 70959, 3145407, 73149, 3234030, 75210, 3316977, 77139, 3497276, 81332, 3627609, 84363, 3815132, 88724, 3942541, 91687, 4062597, 94479, 4177708, 97156, 4323865, 100555, 4478579, 104153, 4600785, 106995, 4736149, 110143, 4897872, 113904, 5114936, 118952, 5269994, 122558, 5413184, 125888, 5608705, 130435, 5780404, 134428, 5940622, 138154, 6176778, 143646, 6387478, 148546, 6597920, 153440, 6792624, 157968, 7025383, 163381, 7250660, 168620, 7463123, 173561, 7670211, 178377, 7882115, 183305, 8166001, 189907, 8404909, 195463, 8672584, 201688, 8920694, 207458, 9195206, 213842, 9416785, 218995, 9736361, 226427, 10045316, 233612, 10371772, 241204, 10656819, 247833, 10966548, 255036, 11229321, 261147, 11511100, 267700, 11843275, 275425, 12144490, 282430, 12442394, 289358, 12760121, 296747, 13067184, 303888, 13389125, 311375, 13731448, 319336, 14097206, 327842, 14450838, 336066, 14841063, 345141, 15245521, 354547, 15631016, 363512, 16079635, 373945, 16497423, 383661, 16919769, 393483, 17398359, 404613, 17870026, 415582, 18362978, 427046, 18823551, 437757, 19305151, 448957, 19849531, 461617, 20342096, 473072, 20889959, 485813, 21484090, 499630, 22017247, 512029, 22601488, 525616, 23196737, 539459, 23798092, 553444, 24439222, 568354, 25066893, 582951, 13557, 627456, 14592, 680733, 15831, 714617, 16619, 785395, 18265, 888767, 20669, 984227, 22889, 1040643, 24201, 1155109, 26863, 1261921, 29347, 1345427, 31289, 1448928, 33696, 1552257, 36099, 1645094, 38258, 1763301, 41007, 1876520, 43640, 2018162, 46934, 2119255, 49285, 2186593, 50851, 2301919, 53533, 2461191, 57237, 2528744, 58808, 2657185, 61795, 2729296, 63472, 2803084, 65188, 1516, 95073, 2211, 143706, 3342, 226997, 5279, 317383, 7381, 396976, 9232, 483578, 11246, 554141, 12887, 644398, 14986, 716122, 16654, 766303, 17821, 833125, 19375, 916975, 21325, 1041460, 24220, 1094049, 25443, 1196862, 27834, 1258223, 29261, 1341643, 31201, 1439898, 33486, 1555912, 36184, 1646255, 38285, 1723225, 40075, 1871618, 43526, 1940934, 45138, 2066021, 48047, 2155332, 50124, 2280247, 53029, 2359066, 54862, 2509351, 58357, 2583182, 60074, 2650993, 61651, 2795172, 65004, 2940125, 68375, 3021395, 70265, 3099397, 72079, 3199845, 74415, 3338735, 77645, 3493750, 81250, 3634317, 84519, 3780732, 87924, 3951184, 91888, 4146232, 96424, 4289078, 99746, 4463615, 103805, 4575157, 106399, 4725399, 109893, 4907504, 114128, 5037106, 117142, 5180038, 120466, 5359821, 124647, 5569575, 129525, 5722311, 133077, 5945653, 138271, 6150978, 143046, 6366236, 148052, 6522025, 151675, 6709806, 156042, 6963850, 161950, 7156748, 166436, 7390238, 171866, 7660106, 178142, 7931092, 184444, 8159379, 189753, 8444555, 196385, 8651256, 201192, 8950450, 208150, 9235970, 214790, 9463655, 220085, 9712109, 225863, 10007605, 232735, 10289341, 239287, 10618893, 246951, 10871002, 252814, 11167659, 259713, 11520216, 267912, 11844866, 275462, 12130644, 282108, 12484964, 290348, 12806260, 297820, 13109238, 304866, 13514685, 314295, 13849612, 322084, 14207802, 330414, 14543374, 338218, 14940909, 347463, 15347689, 356923, 15763929, 366603, 16202744, 376808, 16687870, 388090, 17114645, 398015, 17530713, 407691, 17959036, 417652, 18469532, 429524, 19002216, 441912, 19446707, 452249, 19945378, 463846, 20422119, 474933, 21002791, 488437, 11359, 517849, 12043, 537629, 12503, 635239, 14773, 711908, 16556, 731043, 17001, 789308, 18356, 905666, 21062, 1016993, 23651, 1043223, 24261, 1090695, 25365, 1214062, 28234, 1309350, 30450, 1355274, 31518, 1495110, 34770, 1596934, 37138, 1708863, 39741, 1771815, 41205, 1841389, 42823, 1982214, 46098, 2033470, 47290, 2165867, 50369, 2257500, 52500, 2413160, 56120, 2482175, 57725, 2588901, 60207, 2667161, 62027, 2783347, 64729, 2884182, 67074, 3046679, 70853, 3200060, 74420, 3351850, 77950, 3517486, 81802, 3640552, 84664, 3828376, 89032, 3974146, 92422, 4105253, 95471, 4229093, 98351, 4353234, 101238, 4495736, 104552, 4649289, 108123, 4811571, 111897, 4951837, 115159, 5079891, 118137, 5239292, 121844, 5425611, 126177, 5590473, 130011, 5777222, 134354, 5968314, 138798, 6202535, 144245, 6406097, 148979, 6624709, 154063, 6874195, 159865, 7121746, 165622, 7362159, 171213, 7610742, 176994, 7803210, 181470, 8010470, 186290, 8232866, 191462, 8491382, 197474, 8735278, 203146, 8974530, 208710, 9263189, 215423, 9571456, 222592, 9855944, 229208, 10131574, 235618, 10421351, 242357, 10686919, 248533, 11028296, 256472, 11336348, 263636, 11607721, 269947, 11970512, 278384, 12254054, 284978, 12582875, 292625, 12901290, 300030, 13250321, 308147, 13581679, 315853, 13943954, 324278, 14306917, 332719, 14711848, 342136, 15126196, 351772, 15560496, 361872, 15992001, 371907, 8649, 396030, 9210, 425872, 9904, 471882, 10974, 506067, 11769, 595206, 13842, 709629, 16503, 813818, 18926, 848218, 19726, 950472, 22104, 977734, 22738, 1088158, 25306, 1170202, 27214, 1295418, 30126, 1392598, 32386, 1443037, 33559, 1525597, 35479, 1571392, 36544, 1703359, 39613, 1768762, 41134, 1876950, 43650, 1933495, 44965, 2055830, 47810, 2199063, 51141, 2286310, 53170, 2396218, 55726, 2557683, 59481, 2648112, 61584, 2730328, 63496, 2866036, 66652, 2937846, 68322, 3104170, 72190, 3269204, 76028, 3355548, 78036, 3521270, 81890, 3649582, 84874, 3824721, 88947, 3972985, 92395, 4145329, 96403, 4344892, 101044, 4541359, 105613, 4659867, 108369, 4791447, 111429, 4944140, 114980, 5164859, 120113, 5321078, 123746, 5535089, 128723, 5725708, 133156, 5931076, 137932, 6148957, 142999, 6353852, 147764, 6542880, 152160, 6762094, 157258, 6937405, 161335, 7207058, 167606, 7464929, 173603, 7669480, 178360, 7948421, 184847, 8218375, 191125, 8494607, 197549, 8710209, 202563, 8997879, 209253, 9245817, 215019, 9509837, 221159, 9756786, 226902, 10071374, 234218, 10408752, 242064, 10694659, 248713, 10945951, 254557, 11303668, 262876, 11610387, 270009, 11911344, 277008, 12193510, 283570, 12549292, 291844, 12848873, 298811, 13158000, 306000, 13494948, 313836, 13865522, 322454, 14291136, 332352, 14636383, 340381, 15069608, 350456, 15435538, 358966, 15799662, 367434, 16275414, 378498, 16684860, 388020, 17152829, 398903, 17641997, 410279, 18093540, 420780, 18578795, 432065, 19013439, 442173, 19465928, 452696, 20008889, 465323, 20525792, 477344, 21005715, 488505, 21558695, 501365, 22132272, 514704, 22742399, 528893, 23364136, 543352, 23917804, 556228, 24533349, 570543, 25152893, 584951, 25794582, 599874, 26456352, 615264, 27123196, 630772, 27766863, 645741, 28438394, 661358, 29146174, 677818, 29847203, 694121, 30580009, 711163, 31365963, 729441, 32177932, 748324, 33024258, 768006, 33859318, 787426, 34672534, 806338, 35484030, 825210, 36412400, 846800, 37261779, 866553, 38172175, 887725, 39145007, 910349, 40155937, 933859, 41162008, 957256, 42204371, 981497, 43242606, 1005642, 44250827, 1029089, 45313443, 1053801, 24507, 1181468, 27476, 1317262, 30634, 1394318, 32426, 1437060, 33420, 1493691, 34737, 1621272, 37704, 1751820, 40740, 1841561, 42827, 1992706, 46342, 2118997, 49279, 2170855, 50485, 2229077, 51839, 2342812, 54484, 2405033, 55931, 2540913, 59091, 2623215, 61005, 2764169, 64283, 2934191, 68237, 3103009, 72163, 3198383, 74381, 3360450, 78150, 3487601, 81107, 3591919, 83533, 3745085, 87095, 3883760, 90320, 4025660, 93620, 4142491, 96337, 4282671, 99597, 4405479, 102453, 4577565, 106455, 4761390, 110730, 4885015, 113605, 5106938, 118766, 2762, 147318, 3426, 225535, 5245, 339098, 7886, 390827, 9089, 441180, 10260, 518494, 12058, 576974, 13418, 595550, 13850, 619716, 14412, 652181, 15167, 747297, 17379, 782729, 18203, 837038, 19466, 933874, 21718, 963329, 22403, 521, 35819, 833, 77916, 1812, 95202, 2214, 151575, 3525, 263418, 6126, 321124, 7468, 403383, 9381, 430817, 10019, 233, 56674, 1318, 130204, 3028, 179654, 4178, 201885, 4695, 227212, 5284, 330498, 7686, 420712, 9784, 489813, 11391, 601785, 13995, 667360, 15520, 786040, 18280, 817215, 19005, 944538, 21966, 1059348, 24636, 1187144, 27608, 1219910, 28370, 1333387, 31009, 1379870, 32090, 1442908, 33556, 1517728, 35296, 1645868, 38276, 1699618, 39526, 1762355, 40985, 1818814, 42298, 1935903, 45021, 1047, 84753, 1971, 179568, 4176, 196639, 4573, 239897, 5579, 328004, 7628, 379475, 8825, 414090, 9630, 529459, 12313, 580457, 13499, 697116, 16212, 715907, 16649, 753188, 17516, 809389, 18823, 910740, 21180, 993816, 23112, 1071087, 24909, 1126944, 26208, 1207311, 28077, 1341127, 31189, 1408422, 32754, 1521125, 35375, 1631291, 37937, 1697597, 39479, 1749971, 40697, 1839669, 42783, 1988191, 46237, 2065376, 48032, 2115987, 49209, 2209039, 51373, 2340361, 54427, 2477316, 57612, 2625193, 61051, 2773930, 64510, 2864230, 66610, 2938577, 68339, 3037864, 70648, 3216830, 74810, 3376747, 78529, 3483645, 81015, 3572397, 83079, 3663213, 85191, 3769036, 87652, 3903110, 90770, 4097040, 95280, 4282585, 99595, 4400233, 102331, 4590250, 106750, 4758896, 110672, 4954675, 115225, 5142112, 119584, 5264275, 122425, 5397016, 125512, 5620530, 130710, 5836347, 135729, 6026235, 140145, 6187012, 143884, 6346370, 147590, 6530066, 151862, 6756719, 157133, 6942221, 161447, 7168143, 166701, 7419951, 172557, 7698247, 179029, 7928856, 184392, 8133880, 189160, 8330777, 193739, 8586412, 199684, 8876361, 206427, 9152421, 212847, 9468428, 220196, 9781468, 227476, 10024418, 233126, 10316861, 239927, 10634158, 247306, 10914991, 253837, 11189460, 260220, 11519313, 267891, 11789783, 274181, 12097491, 281337, 12458777, 289739, 12761411, 296777, 13145874, 305718, 13531541, 314687, 13879755, 322785, 14272173, 331911, 14699507, 341849, 15149674, 352318, 15550993, 361651, 15966803, 371321, 16379388, 380916, 16817042, 391094, 17231347, 400729, 17663024, 410768, 18156320, 422240, 18637877, 433439, 19179634, 446038, 19733990, 458930, 20280606, 471642, 20798670, 483690, 21349414, 496498, 21897492, 509244, 22504738, 523366, 23061631, 536317, 23652107, 550049, 24295000, 565000, 24919317, 579519, 25519468, 593476, 26198051, 609257, 26892415, 625405, 27551347, 640729, 28266867, 657369, 28996448, 674336, 29696574, 690618, 30485194, 708958, 31237995, 726465, 32023777, 744739, 32825254, 763378, 33696950, 783650, 34527022, 802954, 35368661, 822527, 36250505, 843035, 37145120, 863840, 38042487, 884709, 38996829, 906903, 39988839, 929973, 40949760, 952320, 42010398, 976986, 43054438, 1001266, 44084073, 1025211, 45122179, 1049353, 46233428, 1075196, 47370520, 1101640, 48531477, 1128639, 49706538, 1155966, 50965664, 1185248, 52251493, 1215151, 53502750, 1244250, 54752158, 1273306, 56110571, 1304897, 57464469, 1336383, 58875643, 1369201, 60342846, 1403322, 61790011, 1436977, 63234725, 1470575, 64751722, 1505854, 66352999, 1543093, 67994094, 1581258, 69624353, 1619171, 71258998, 1657186, 72939395, 1696265, 74638239, 1735773, 76464277, 1778239, 78286359, 1820613, 80199816, 1865112, 82142298, 1910286, 84080953, 1955371, 86118852, 2002764, 88222197, 2051679, 90325456, 2100592, 92534366, 2151962, 94755961, 2203627, 96975062, 2255234, 99263823, 2308461, 101587758, 2362506, 54942, 2497397, 58079, 2630267, 61169, 2750753, 63971, 2892094, 67258, 2974826, 69182, 3142010, 73070, 3248607, 75549, 3429895, 79765, 1855, 97094, 2258, 156090, 3630, 206142, 4794, 265095, 6165, 312524, 7268, 322371, 7497, 368553, 8571, 413230, 9610, 476999, 11093, 596410, 13870, 672176, 15632, 747125, 17375, 772237, 17959, 862408, 20056, 928886, 21602, 991752, 23064, 1056080, 24560, 1098693, 25551, 1147455, 26685, 1238615, 28805, 1365422, 31754, 1448756, 33692, 1541765, 35855, 1670464, 38848, 1758313, 40891, 1904943, 44301, 1977613, 45991, 2085500, 48500, 2234581, 51967, 2345865, 54555, 2480369, 57683, 2589632, 60224, 2711752, 63064, 2841870, 66090, 3016278, 70146, 3119951, 72557, 3233772, 75204, 3412136, 79352, 3535331, 82217, 3620127, 84189, 3802318, 88426, 3937166, 91562, 4067413, 94591, 4249690, 98830, 4389784, 102088, 4507346, 104822, 4692117, 109119, 4873448, 113336, 5066733, 117831, 5212933, 121231, 5370270, 124890, 5541582, 128874, 5678193, 132051, 5915983, 137581, 6115460, 142220, 6306681, 146667, 6548771, 152297, 6788754, 157878, 7011107, 163049, 7267000, 169000, 7461790, 173530, 7699795, 179065, 7912387, 184009, 8127344, 189008, 8375669, 194783, 8663296, 201472, 8908611, 207177, 9123525, 212175, 9369227, 217889, 9607748, 223436, 9851816, 229112, 10101560, 234920, 10364849, 241043, 10678104, 248328, 10934169, 254283, 11250348, 261636, 11573880, 269160, 11902357, 276799, 12199788, 283716, 12488662, 290434, 12810044, 297908, 13118268, 305076, 13511030, 314210, 13848451, 322057, 14247878, 331346, 14659173, 340911, 15018137, 349259, 15400923, 358161, 15795190, 367330, 16224416, 377312, 16679098, 387886, 17134038, 398466, 17604716, 409412, 18037339, 419473, 18477444, 429708, 18930363, 440241, 19388657, 450899, 19842135, 461445, 20334528, 472896, 20871899, 485393, 21380503, 497221, 21908672, 509504, 22521336, 523752, 23076036, 536652, 23643636, 549852, 24221857, 563299, 24893474, 578918, 25495603, 592921, 26183947, 608929, 26808350, 623450, 27524644, 640108, 28190542, 655594, 28887400, 671800, 29587569, 688083, 30378812, 706484, 31180719, 725133, 31967748, 743436, 32734395, 761265, 33588504, 781128, 34454739, 801273, 35284381, 820567, 36210687, 842109, 37155956, 864092, 38038101, 884607, 38951077, 905839, 39859495, 926965, 40822566, 949362, 41792560, 971920, 42852166, 996562, 43944151, 1021957, 45015109, 1046863, 46134184, 1072888, 47305074, 1100118, 48420666, 1126062, 49600887, 1153509, 50842082, 1182374, 52032193, 1210051, 53322193, 1240051, 54606087, 1269909, 55961103, 1301421, 57329578, 1333246, 58742773, 1366111, 60111463, 1397941, 61537773, 1431111, 63041096, 1466072, 64584538, 1501966, 66135505, 1538035, 67701909, 1574463, 69322794, 1612158, 70940110, 1649770, 72672408, 1690056, 74432097, 1730979, 76199182, 1772074, 77973835, 1813345, 79877445, 1857615, 81773745, 1901715, 83778620, 1948340, 85752750, 1994250, 87847581, 2042967, 89985971, 2092697, 92119932, 2142324, 94316415, 2193405, 96556242, 2245494, 98889422, 2299754, 101261388, 2354916, 103670463, 2410941, 106125247, 2468029, 108595855, 2525485, 111144551, 2584757, 113798941, 2646487, 116468639, 2708573, 119184949, 2771743, 121972166, 2836562, 124870624, 2903968, 127790066, 2971862, 130769665, 3041155, 133870137, 3113259, 137024660, 3186620, 140260281, 3261867, 143563412, 3338684, 146992361, 3418427, 150444315, 3498705, 153968810, 3580670, 157593323, 3664961, 161330496, 3751872, 165175212, 3841284, 169037128, 3931096, 173061068, 4024676, 177098639, 4118573, 181302319, 4216333, 185547021, 4315047, 189965228, 4417796, 194432025, 4521675, 198979490, 4627430, 203679132, 4736724, 208457120, 4847840, 213356540, 4961780, 218344110, 5077770, 223496671, 5197597, 228732953, 5319371, 234085851, 5443857, 239565814, 5571298, 245144849, 5701043, 250889735, 5834645, 256770802, 5971414, 262752532, 6110524, 268886267, 6253169, 275198753, 6399971, 281658041, 6550187, 288311388, 6704916, 295047252, 6861564, 301937185, 7021795, 309020876, 7186532, 316279620, 7355340, 323681382, 7527474, 331268173, 7703911, 339052033, 7884931, 346991123, 8069561, 355083895, 8257765, 363346818, 8449926, 371897325, 8648775, 380579627, 8850689, 389538634, 9059038, 398631199, 9270493, 407997115, 9488305, 417513789, 9709623, 427244044, 9935908, 437249585, 10168595, 447523919, 10407533, 458003664, 10651248, 468703913, 10900091, 479658163, 11154841, 490913585, 11416595, 502353391, 11682637, 514061818, 11954926, 526076061, 12234327, 538336178, 12519446, 550956205, 12812935, 563794930, 13111510, 576999284, 13418588, 590438504, 13731128, 604231528, 14051896, 618314372, 14379404, 632776304, 14715728, 647517822, 15058554, 662679536, 15411152, 678188690, 15771830, 694043048, 16140536, 710217111, 16516677, 726818895, 16902765, 743783556, 17297292, 761147902, 17701114, 778939281, 18114867, 797162466, 18538662, 815775919, 18971533, 834796453, 19413871, 854251588, 19866316, 874156589, 20329223, 894555445, 20803615, 483805, 21318368, 495776, 21888935, 509045, 22426349, 521543, 23048473, 536011, 23625748, 549436, 24239659, 563713, 24870426, 578382, 25531336, 593752, 26145720, 608040, 26805340, 623380, 27451931, 638417, 28190929, 655603, 28911007, 672349, 29585935, 688045, 30279138, 704166, 31089043, 723001, 31920362, 742334, 32727171, 761097, 33591428, 781196, 34411309, 800263, 35296679, 820853, 36184586, 841502, 37116353, 863171, 38062052, 885164, 38970427, 906289, 39930875, 928625, 40962660, 952620, 42021019, 977233, 43036937, 1000859, 44125482, 1026174, 45208394, 1051358, 46280384, 1076288, 47462411, 1103777, 48591978, 1130046, 49737498, 1156686, 50968975, 1185325, 52231670, 1214690, 53513414, 1244498, 54848177, 1275539, 56201086, 1307002, 57551931, 1338417, 58998666, 1372062, 60417150, 1405050, 61886675, 1439225, 63364585, 1473595, 64910392, 1509544, 66494727, 1546389, 68100433, 1583731, 69789903, 1623021, 71487715, 1662505, 73250801, 1703507, 75003309, 1744263, 76775941, 1785487, 78667167, 1829469, 80584322, 1874054, 82530588, 1919316, 84478273, 1964611, 86512517, 2011919, 88614701, 2060807, 90758036, 2110652, 92971848, 2162136, 95159774, 2213018, 97432109, 2265863, 99752131, 2319817, 102097738, 2374366, 104562369, 2431683, 107079159, 2490213, 109672532, 2550524, 112279794, 2611158, 114958006, 2673442, 117639185, 2735795, 120390454, 2799778, 123203127, 2865189, 126101843, 2932601, 129037023, 3000861, 132089464, 3071848, 135197418, 3144126, 138364755, 3217785, 141605751, 3293157, 144904066, 3369862, 148371930, 3450510, 151868862, 3531834, 155475487, 3615709, 159119565, 3700455, 162830336, 3786752, 88064, 2048, 159745, 3715, 207303, 4821, 225019, 5233, 307622, 7154, 356040, 8280, 426216, 9912, 492866, 11462, 566224, 13168, 605182, 14074, 652783, 15181, 673122, 15654, 693934, 16138, 743599, 17293, 778945, 18115, 828008, 19256, 937529, 21803, 964490, 22430, 1056553, 24571, 1127546, 26222, 1244033, 28931, 1363229, 31703, 1425880, 33160, 1477093, 34351, 1606867, 37369, 1649394, 38358, 1692910, 39370, 1796755, 41785, 1921068, 44676, 2074062, 48234, 2202245, 51215, 2258618, 52526, 2370461, 55127, 2428167, 56469, 2510426, 58382, 2648757, 61599, 2769673, 64411, 2937244, 68308, 3067448, 71336, 3247102, 75514, 3338090, 77630, 3454405, 80335, 3563109, 82863, 3651130, 84910, 3808252, 88564, 3966449, 92243, 4079324, 94868, 4199982, 97674, 4351815, 101205, 4520074, 105118, 4692246, 109122, 4881317, 113519, 5103154, 118678, 5327571, 123897, 5487574, 127618, 5710615, 132805, 5897579, 137153, 6101786, 141902, 6248846, 145322, 6458643, 150201, 6614002, 153814, 6775553, 157571, 6982125, 162375, 7162553, 166571, 7411652, 172364, 7635596, 177572, 7877643, 183201, 8115003, 188721, 8399147, 195329, 8653793, 201251, 8883413, 206591, 9139005, 212535, 9426331, 219217, 9653285, 224495, 9968045, 231815, 10205018, 237326, 10465555, 243385, 10721835, 249345, 11051129, 257003, 11398397, 265079, 11733109, 272863, 12078184, 280888, 12390020, 288140, 12781320, 297240, 13140456, 305592, 13533734, 314738, 13902631, 323317, 7519, 426259, 9913, 495489, 11523, 615330, 14310, 717326, 16682, 839747, 19529, 877329, 20403, 951891, 22137, 1064293, 24751, 1156098, 26886, 1211353, 28171, 1254998, 29186, 1366712, 31784, 1416549, 32943, 1462387, 34009, 1596977, 37139, 1711486, 39802, 1820921, 42347, 1953533, 45431, 2058281, 47867, 2126780, 49460, 2202030, 51210, 2356400, 54800, 2457622, 57154, 2532829, 58903, 2684576, 62432, 2847589, 66223, 2921549, 67943, 2997229, 69703, 1621, 148694, 3458, 198574, 4618, 247035, 5745, 319834, 7438, 435590, 10130, 510195, 11865, 625220, 14540, 655234, 15238, 711736, 16552, 831448, 19336, 925575, 21525, 1011575, 23525, 1045416, 24312, 1113571, 25897, 1167837, 27159, 1262050, 29350, 1353296, 31472, 1485349, 34543, 1555998, 36186, 1651501, 38407, 1710540, 39780, 1763215, 41005, 1871274, 43518, 1919950, 44650, 2005864, 46648, 2145356, 49892, 2226196, 51772, 1204]
43,1,65,[242, 86086, 2002, 155144, 3608, 267718, 6226, 368940, 8580, 441782, 10274, 563816, 13112, 688688, 16016, 760584, 17688, 820182, 19074, 909106, 21142, 1011274, 23518, 1146552, 26664, 1184392, 27544, 1278992, 29744, 1395350, 32450, 1506032, 35024, 1602524, 37268, 1723612, 40084, 1786048, 41536, 1942138, 45166, 2032008, 47256, 2196612, 51084, 1188, 127710, 2970, 139062, 3234, 167442, 3894, 238392, 5544, 355696, 8272, 408672, 9504, 420970, 9790, 511786, 11902, 618684, 14388, 705716, 16412, 803154, 18678, 866536, 20152, 964920, 22440, 1090738, 25366, 1225070, 28490, 1320616, 30712, 1379268, 32076, 1525898, 35486, 1592118, 37026, 1637526, 38082, 1751046, 40722, 1794562, 41734, 1903352, 44264, 1995114, 46398, 2044306, 47542, 2167286, 50402, 2234452, 51964, 2342296, 54472, 2491764, 57948, 2625150, 61050, 2778402, 64614, 2921248, 67936, 3098150, 72050, 3240050, 75350, 3354516, 78012, 3460468, 80476, 3605206, 83842, 3786838, 88066, 3880492, 90244, 4054556, 94292, 4249432, 98824, 4376196, 101772, 4572964, 106348, 4704458, 109406, 4852980, 112860, 5044072, 117304, 2728, 173118, 4026, 252582, 5874, 331100, 7700, 347182, 8074, 447458, 10406]
43,1,98,[99, 59125, 1375, 237446, 5522, 318802, 7414, 402050, 9350, 491447, 11429, 646118, 15026, 741191, 17237, 914309, 21263, 1024045, 23815, 1199528, 27896, 1362240, 31680, 1528736, 35552, 1707530, 39710, 1835713, 42691, 2025859, 47113, 2190936, 50952, 2410408, 56056, 2580215, 60005, 2724480, 63360, 2876313, 66891, 3052742, 70994, 3127949, 72743, 3327082, 77374, 3476077, 80839, 3733862, 86834, 3892317, 90519, 3999688, 93016, 4122195, 95865, 4293894, 99858, 4444308, 103356, 4661415, 108405, 4778246, 111122, 4931498, 114686, 5067249, 117843, 5281991, 122837, 5527005, 128535, 5689244, 132308, 5990072, 139304, 6243127, 145189, 6476789, 150623, 6783293, 157751, 7054795, 164065, 7303120, 169840, 7611989, 177023, 7936467, 184569, 8175805, 190135, 8500756, 197692, 8786921, 204347, 9037611, 210177, 9399456, 218592, 9714947, 225929, 9970367, 231869, 10257005, 238535, 10554522, 245454, 10842106, 252142, 11233277, 261239, 11553498, 268686, 11914870, 277090, 12364693, 287551, 12694374, 295218, 13086491, 304337, 13500366, 313962, 13894375, 323125, 14314399, 332893, 14773682, 343574, 15134108, 351956, 15490277, 360239, 15968480, 371360, 16390396, 381172, 16855828, 391996, 17281528, 401896, 17759258, 413006, 18315506, 425942, 18855199, 438493, 19386378, 450846, 19980466, 464662, 20461980, 475860, 21030526, 489082, 11374, 593142, 13794, 750178, 17446, 898227, 20889, 1062358, 24706, 1188176, 27632, 1325346, 30822, 1499410, 34870, 1702800, 39600, 1910920, 44440, 2043833, 47531, 2158772, 50204, 2305875, 53625, 2376352, 55264, 2469533, 57431, 2636502, 61314, 2862123, 66561, 3097204, 72028, 3181871, 73997, 3411749, 79343, 3524796, 81972, 3665750, 85250, 3852112, 89584, 4004891, 93137, 4274974, 99418, 4382818, 101926, 4552152, 105864, 4830749, 112343, 5056843, 117601, 5338751, 124157, 5530316, 128612, 5835874, 135718, 6013722, 139854, 6229410, 144870, 6386919, 148533, 6581795, 153065, 6852824, 159368, 7054322, 164054, 7256293, 168751, 7505091, 174537, 4059, 250217, 5819, 315018, 7326, 389752, 9064, 542058, 12606, 584155, 13585, 766260, 17820, 859914, 19998, 892551, 20757, 1043911, 24277, 1173513, 27291, 1322981, 30767, 1446434, 33638, 1530628, 35596, 1713679, 39853, 1900987, 44209, 1966261, 45727, 2087822, 48554, 2165867, 50369, 2283644, 53108, 2349391, 54637, 2517779, 58553, 2702722, 62854, 2896179, 67353, 3026727, 70389, 3269849, 76043, 3425939, 79673, 3661493, 85151, 3792987, 88209, 3948604, 91828, 4137331, 96217, 4343086, 101002, 4604182, 107074, 4728108, 109956, 4859129, 113003, 5149078, 119746, 5412066, 125862, 5542141, 128887, 5738436, 133452, 5968787, 138809, 6128661, 142527, 6376513, 148291, 6638555, 154385, 6856135, 159445, 7019793, 163251, 7279943, 169301, 7491374, 174218, 7770917, 180719, 8090665, 188155, 8405210, 195470, 8748135, 203445, 9002136, 209352, 9329452, 216964, 9668593, 224851, 9910296, 230472, 10288223, 239261, 10565401, 245707, 10832173, 251911, 11155705, 259435, 11482548, 267036, 11774862, 273834, 12090826, 281182, 12393073, 288211, 12786609, 297363, 13159806, 306042, 13512191, 314237, 13978096, 325072, 14450623, 336061, 14854092, 345444, 15304861, 355927, 15728196, 365772, 16152950, 375650, 16537026, 384582, 17060637, 396759, 17630129, 410003, 18212865, 423555, 18657485, 433895, 19196705, 446435, 19681057, 457699, 20168247, 469029, 20755240, 482680, 21258985, 494395, 21854492, 508244, 22476487, 522709, 23003409, 534963, 12441, 606386, 14102, 793221, 18447, 429, 195822, 4554, 364683, 8481, 415294, 9658, 534490, 12430, 559559, 13013, 686323, 15961, 735988, 17116, 761530, 17710, 935121, 21747, 1091684, 25388, 1192906, 27742, 1250139, 29073, 1300277, 30239, 1372646, 31922, 1471976, 34232, 1523060, 35420, 1689083, 39281, 1821050, 42350, 2023494, 47058, 2137960, 49720, 2238236, 52052, 2382974, 55418, 2581634, 60038, 2683802, 62414, 2834689, 65923, 2917464, 67848, 3141193, 73051, 3370125, 78375, 3570677, 83039, 3678994, 85558, 3895155, 90585, 4099491, 95337, 4220106, 98142, 4385656, 101992, 4651955, 108185, 4928660, 114620, 5148605, 119735, 5365239, 124773, 5616402, 130614, 5843915, 135905, 6085145, 141515, 6235086, 145002, 6405366, 148962, 6596458, 153406, 6855189, 159423, 7107298, 165286, 7428465, 172755, 7702332, 179124, 8003633, 186131, 8303515, 193105, 8644075, 201025, 4675, 336303, 7821, 504218, 11726, 642334, 14938, 728893, 16951, 783761, 18227, 962082, 22374, 1043438, 24266, 1126686, 26202, 1216083, 28281, 1370754, 31878, 1465827, 34089, 1638945, 38115, 1748681, 40667, 1924164, 44748, 2086876, 48532, 2253372, 52404, 2432166, 56562, 2560349, 59543, 2750495, 63965, 2915572, 67804, 3135044, 72908, 3304851, 76857, 3449116, 80212, 3600949, 83743, 3777378, 87846, 4033744, 93808, 4232877, 98439, 4381872, 101904, 4639657, 107899, 4798112, 111584, 5086642, 118294, 5209149, 121143, 5380848, 125136, 5531262, 128634, 5748369, 133683, 6046359, 140613, 6199611, 144177, 6516521, 151547, 6731263, 156541, 6976277, 162239, 3773, 300828, 6996, 434214, 10098, 595980, 13860, 668822, 15554, 814979, 18953, 972961, 22627, 1033505, 24035, 1230273, 28611, 1326292, 30844, 1411905, 32835, 1554278, 36146, 1699962, 39534, 1811117, 42119, 1945922, 45254, 2067010, 48070, 2279387, 53009, 2471425, 57475, 2642651, 61457, 2746238, 63866, 2856447, 66429, 3078757, 71599, 3167208, 73656, 3409384, 79288, 3652979, 84953, 3855896, 89672, 4017189, 93423, 4224363, 98241, 4444781, 103367, 4708242, 109494, 4885144, 113608, 5007178, 116446, 5132050, 119350, 5356725, 124575, 5498152, 127864, 5731341, 133287, 5991018, 139326, 6155622, 143154, 6328267, 147169, 6572335, 152845, 6822079, 158653, 7090270, 164890, 7373124, 171468, 7658343, 178101, 7996538, 185966, 8325746, 193622, 8671036, 201652, 8978013, 208791, 9296342, 216194, 9651565, 224455, 10036114, 233398, 10425393, 242451, 10739465, 249755, 11035563, 256641, 11363825, 264275, 11796620, 274340, 6380, 348128, 8096, 406780, 9460, 220, 30745, 715, 145211, 3377, 245487, 5709, 390225, 9075, 407726, 9482, 509894, 11858, 660781, 15367, 743556, 17292, 786126, 18282, 833899, 19393, 451, 108317, 2519, 216161, 5027, 385495, 8965, 482933, 11231, 527868, 12276, 628617, 14619, 820182, 19074, 944581, 21967, 1122429, 26103, 1156958, 26906, 1314467, 30569, 1509343, 35101, 1599213, 37191, 1800711, 41877, 2002682, 46574, 2070321, 48147, 2244858, 52206, 2313916, 53812, 2447775, 56925, 2656368, 61776, 2836108, 65956, 3057945, 71115, 3280728, 76296, 3416006, 79442, 3583921, 83347, 3722037, 86559, 2013, 236027, 5489, 359480, 8360, 443674, 10318, 626725, 14575, 814033, 18931, 879307, 20449, 1000868, 23276, 1078913, 25091, 1196690, 27830, 1262437, 29359, 1430825, 33275, 1615768, 37576, 1809225, 42075, 1939773, 45111, 2001736, 46552, 2157826, 50182, 2212221, 51447, 2343715, 54505, 2499332, 58124, 2688059, 62513, 2893814, 67298, 2973751, 69157, 3097677, 72039, 3228698, 75086, 3337488, 77616, 3419317, 79519, 3549392, 82544, 3745687, 87109, 3976038, 92466, 4135912, 96184, 4383764, 101948, 4645806, 108042, 4863386, 113102, 5027044, 116908, 5287194, 122958, 5498625, 127875, 5778168, 134376, 5916757, 137599, 6231302, 144914, 6393068, 148676, 6647069, 154583, 6974385, 162195, 7313526, 170082, 7555229, 175703, 7751997, 180279, 8029175, 186725, 8295947, 192929, 8619479, 200453, 8946322, 208054, 9238636, 214852, 9554600, 222200, 9856847, 229229, 10250383, 238381, 10623580, 247060, 10975965, 255255, 11260711, 261877, 11552079, 268653, 11955548, 278036, 12406317, 288519, 12829652, 298364, 13254406, 308242, 13638482, 317174, 13980934, 325138, 14369267, 334169, 14770844, 343508, 15215464, 353848, 15573525, 362175, 16057877, 373439, 16545067, 384769, 16950901, 394207, 17454646, 405922, 17868994, 415558, 18309830, 425810, 18836752, 438064, 19371715, 450505, 19978101, 464607, 20590163, 478841, 21220672, 493504, 21865844, 508508, 22513381, 523567, 23213894, 539858, 23905420, 555940, 24613028, 572396, 25282323, 587961, 25962970, 603790, 26680511, 620477, 27427378, 637846, 28178975, 655325, 28855365, 671055, 29694940, 690580, 16060, 795113, 18491, 817817, 19019, 891605, 20735, 950257, 22099, 1140876, 26532, 1171621, 27247, 1316832, 30624, 1381160, 32120, 1590226, 36982, 1635634, 38038, 1783210, 41470, 1900514, 44198, 2100593, 48851, 2162083, 50281, 2271346, 52822, 2400002, 55814, 1298, 90816, 2112, 113993, 2651, 234608, 5456, 400158, 9306, 485298, 11286, 580844, 13508, 619630, 14410, 655105, 15235, 725109, 16863, 771463, 17941, 831534, 19338, 981475, 22825, 1151755, 26785, 1342847, 31229, 1420419, 33033, 1491369, 34683, 1631377, 37939, 1724085, 40095, 1844227, 42889, 1962950, 45650, 2122351, 49357, 2323376, 54032, 2478520, 57640, 2620420, 60940, 2719277, 63239, 2904693, 67551, 3144977, 73139, 3382423, 78661, 3520066, 81862, 3740957, 86999, 3870086, 90002, 3972727, 92389, 4170441, 96987, 4360114, 101398, 4478364, 104148, 4590938, 106766, 4866224, 113168, 5126847, 119229, 5385105, 125235, 5590387, 130009, 5804656, 134992, 6002843, 139601, 6239343, 145101, 6464491, 150337, 6652745, 154715, 6811673, 158411, 7147030, 166210, 7376435, 171545, 7623814, 177298, 7839029, 182303, 8130870, 189090, 8400007, 195349, 4543, 317856, 7392, 489555, 11385, 639969, 14883, 675917, 15719, 792748, 18436, 946000, 22000, 1081751, 25157, 1115334, 25938, 1179189, 27423, 1341428, 31196, 1461097, 33979, 1532993, 35651, 1585496, 36872, 1710841, 39787, 1801184, 41888, 1868350, 43450, 1996060, 46420, 2139379, 49753, 2197558, 51106, 2341350, 54450, 2446356, 56892, 2515887, 58509, 2696573, 62711, 2830905, 65835, 2905166, 67562, 3010645, 70015, 3127003, 72721, 3233428, 75196, 3443440, 80080, 3582502, 83314, 3762715, 87505, 2035, 148522, 3454, 210958, 4906, 232716, 5412, 394009, 9163, 420024, 9768, 459283, 10681, 541585, 12595, 718487, 16709, 840521, 19547, 965393, 22451, 1008909, 23463, 1150336, 26752, 1202366, 27962, 1280884, 29788, 1445488, 33616, 1618133, 37631, 1681042, 39094, 1749627, 40689, 1836659, 42713, 1938354, 45078, 2042414, 47498, 2199450, 51150, 2347499, 54593, 2511630, 58410, 2637448, 61336, 2774618, 64526, 2948682, 68574, 3152072, 73304, 3360192, 78144, 3493105, 81235, 3608044, 83908, 3755147, 87329, 4006783, 93181, 2167, 166969, 3883, 225621, 5247, 235081, 5467, 265826, 6182, 411037, 9559, 475365, 11055, 503272, 11704, 548680, 12760, 696256, 16192, 813560, 18920, 440, 61490, 1430, 109263, 2541, 128656, 2992, 236973, 5511, 271975, 6325, 295152, 6864, 415767, 9669, 581317, 13519, 666457, 15499, 762003, 17721, 800789, 18623, 836264, 19448, 906268, 21076, 952622, 22154, 1012693, 23551, 1162634, 27038, 1332914, 30998, 1524006, 35442, 1601578, 37246, 1672528, 38896, 1812536, 42152, 1905244, 44308, 2025386, 47102, 2144109, 49863, 2303510, 53570, 2504535, 58245, 2659679, 61853, 2801579, 65153, 2900436, 67452, 3085852, 71764, 3326136, 77352, 3563582, 82874, 3701225, 86075, 3922116, 91212, 4051245, 94215, 4153886, 96602, 4351600, 101200, 4541273, 105611, 4659523, 108361, 4772097, 110979, 5047383, 117381, 5308006, 123442, 5566264, 129448, 5771546, 134222, 5985815, 139205, 6184002, 143814, 6420502, 149314, 6645650, 154550, 6833904, 158928, 3696, 335357, 7799, 410564, 9548, 428538, 9966, 577533, 13431, 654159, 15213, 812614, 18898, 919985, 21395, 1042492, 24244, 1214191, 28237, 1364605, 31735, 1400553, 32571, 1517384, 35288, 1670636, 38852, 1806387, 42009, 2021129, 47003, 2084984, 48488, 2247223, 52261, 2366892, 55044, 2438788, 56716, 2672450, 62150, 2797795, 65065, 2888138, 67166, 1562, 127710, 2970, 143319, 3333, 239338, 5566, 324951, 7557, 467324, 10868, 613008, 14256, 724163, 16841, 858968, 19976, 980056, 22792, 1011274, 23518, 1203312, 27984, 1374538, 31966, 1478125, 34375, 1588334, 36938, 1629485, 37895, 1717936, 39952, 1778953, 41371, 1841389, 42823, 2044306, 47542, 2205599, 51293, 2412773, 56111, 2633191, 61237, 2715493, 63151, 2892395, 67265, 3014429, 70103, 3139301, 73007, 3363976, 78232, 3505403, 81521, 3738592, 86944, 3998269, 92983, 4162873, 96811, 4335518, 100826, 4579586, 106502, 4829330, 112310, 5097521, 118547, 5380375, 125125, 5665594, 131758, 5822630, 135410, 5970679, 138853, 6134810, 142670, 6441787, 149809, 6760116, 157212, 6934180, 161260, 7137570, 165990, 7345690, 170830, 7659762, 178134, 7955860, 185020, 8284122, 192654, 8535758, 198506, 8810098, 204886, 9158226, 212982, 9383847, 218229, 9618928, 223696, 9884754, 229878, 5346, 294206, 6842, 322113, 7491, 367521, 8547, 515097, 11979, 632401, 14707, 651321, 15147, 712811, 16577, 822074, 19118, 950730, 22110, 1006544, 23408, 1097360, 25520, 1211353, 28171, 1264802, 29414, 1302642, 30294, 1425622, 33154, 1462989, 34023, 1539142, 35794, 1650770, 38390, 1832402, 42614, 1879229, 43703, 1986127, 46189, 2061807, 47949, 2126608, 49456, 2201342, 51194, 2353648, 54736, 2576904, 59928, 2759009, 64163, 2852663, 66341, 3066459, 71313, 3217819, 74833, 3347421, 77847, 3496889, 81323, 3620342, 84194, 1958, 183051, 4257]
43,1,108,[173, 12255, 285, 137901, 3207, 257183, 5981, 281736, 6552, 362576, 8432, 389580, 9060, 537930, 12510, 736160, 17120, 781138, 18166, 892164, 20748, 1015058, 23606, 1233670, 28690, 1304147, 30329, 1399478, 32546, 1608458, 37406, 1826941, 42487, 1883357, 43799, 2043231, 47517, 2100034, 48838, 2302091, 53537, 2364914, 54998, 2424555, 56385, 2536656, 58992, 2776725, 64575, 2989876, 69532, 3064051, 71257, 3163166, 73562, 3385304, 78728, 3640466, 84662, 3901562, 90734, 4010868, 93276, 4145931, 96417, 4293421, 99847, 4397911, 102277, 4606977, 107139, 4834834, 112438, 5114420, 118940, 5242646, 121922, 5443499, 126593, 5574735, 129645, 3015, 155875, 3625, 219859, 5113, 406049, 9443, 536210, 12470, 290, 161336, 3752, 216161, 5027, 402265, 9355, 523052, 12164, 711650, 16550, 904634, 21038, 976745, 22715, 1050533, 24431, 1107465, 25755, 1323583, 30781, 1521512, 35384, 1733330, 40310, 1861857, 43299, 2095519, 48733, 2209254, 51378, 2427780, 56460, 2488883, 57881, 2560693, 59551, 2801321, 65147, 2875754, 66878, 3002991, 69837, 3096043, 72001, 3256261, 75727, 3350560, 77920, 3447052, 80164, 3582932, 83324, 3819475, 88825, 4047590, 94130, 4155649, 96643, 4354438, 101266, 4460347, 103729, 4624435, 107545, 4741266, 110262, 4897958, 113906, 5206870, 121090, 5337246, 124122, 5572800, 129600, 5892763, 137041, 3187, 163443, 3801, 246175, 5725, 279758, 6506, 346623, 8061, 447544, 10408, 467238, 10866, 617394, 14358, 812829, 18903, 952450, 22150, 997815, 23205, 1151024, 26768, 1279938, 29766, 1356134, 31538, 1475889, 34323, 1551999, 36093, 1662380, 38660, 1714969, 39883, 1856998, 43186, 1965186, 45702, 2178036, 50652, 2419051, 56257, 2535667, 58969, 2668924, 62068, 2819209, 65563, 3028705, 70435, 3103783, 72181, 3301325, 76775, 3470960, 80720, 3593467, 83569, 3769896, 87672, 4034002, 93814, 4271749, 99343, 4431451, 103057, 4669155, 108585, 4824170, 112190, 4950289, 115123, 5121128, 119096, 5374871, 124997, 5680945, 132115, 5901277, 137239, 6159234, 143238, 6325687, 147109, 6500654, 151178, 6805051, 158257, 7042239, 163773, 7340659, 170713, 7525301, 175007, 7886028, 183396, 8074067, 187769, 8405769, 195483, 8624467, 200569, 8903967, 207069, 9222468, 214476, 9599449, 223243, 9961982, 231674, 10346875, 240625, 10773220, 250540, 11125906, 258742, 11435721, 265947, 11864173, 275911, 12246873, 284811, 12633830, 293810, 13085502, 304314, 13403745, 311715, 13752604, 319828, 14244223, 331261, 14724060, 342420, 15117553, 351571, 15483053, 360071, 15991700, 371900, 16530748, 384436, 16989472, 395104, 17477436, 406452, 17958176, 417632, 18450096, 429072, 18962742, 440994, 19538383, 454381, 10567, 613524, 14268, 790297, 18379, 892250, 20750, 1024432, 23824, 1057542, 24594, 1272499, 29593, 1343879, 31253, 1537637, 35759, 1694114, 39398, 1779942, 41394, 1951340, 45380, 2066365, 48055, 2225852, 51764, 2440121, 56747, 2636158, 61306, 2841397, 66079, 3051409, 70963, 3182731, 74017, 3321750, 77250, 3501146, 81422, 3689357, 85799, 3840158, 89306, 4105898, 95486, 4322102, 100514, 4529405, 105335, 4764744, 110808, 5061272, 117704, 5239335, 121845, 5481898, 127486, 5767246, 134122, 5924583, 137781, 6104151, 141957, 6311110, 146770, 6508953, 151371, 6711397, 156079, 7016052, 163164, 7281362, 169334, 3938, 289347, 6729, 393579, 9153, 574523, 13361, 731817, 17019, 906698, 21086, 1002072, 23304, 1215739, 28273, 1346158, 31306, 1386750, 32250, 750, 121217, 2819, 235468, 5476, 310589, 7223, 512818, 11926, 594389, 13823, 701072, 16304, 749877, 17439, 878748, 20436, 950257, 22099, 1158076, 26932, 1250010, 29070, 1288366, 29962, 1476190, 34330, 1584808, 36856, 1644879, 38253, 1803850, 41950, 1961875, 45625, 2016786, 46902, 2212264, 51448, 2356572, 54804, 2513522, 58454, 2650907, 61649, 2851846, 66322, 2992456, 69592, 3145622, 73154, 3269849, 76043, 3434109, 79863, 3569688, 83016, 3773422, 87754, 4019038, 93466, 4237865, 98555, 4531426, 105382, 4785384, 111288, 4915244, 114308, 5094554, 118478, 5273391, 122637, 5400671, 125597, 5698059, 132513, 5969862, 138834, 6247986, 145302, 6416503, 149221, 6616797, 153879, 6886751, 160157, 7162983, 166581, 7524570, 174990, 7806349, 181543, 8173612, 190084, 8475128, 197096, 8797585, 204595, 9006823, 209461, 9253428, 215196, 9580056, 222792, 9844635, 228945, 10133939, 235673, 10522831, 244717, 10786120, 250840, 11134463, 258941, 11569838, 269066, 11908549, 276943, 12292281, 285867, 12592077, 292839, 12926703, 300621, 13264468, 308476, 13744735, 319645, 14185098, 329886, 14668203, 341121, 15018610, 349270, 15479312, 359984, 15983229, 371703, 16406005, 381535, 16968617, 394619, 17400380, 404660, 17944330, 417310, 18538074, 431118, 10026, 473645, 11015, 517161, 12027, 668478, 15546, 790813, 18391, 948494, 22058, 1165558, 27106, 1266952, 29464, 1338203, 31121, 1517900, 35300, 1738920, 40440, 1872220, 43540, 2027192, 47144, 2148624, 49968, 2207878, 51346, 2277796, 52972, 2511845, 58415, 2667763, 62041, 2892309, 67263, 3010645, 70015, 3131733, 72831, 3353140, 77980, 3528623, 82061, 3689615, 85805, 3868280, 89960, 3976812, 92484, 4227158, 98306, 4362608, 101456, 4552281, 105867, 4662791, 108437, 4929090, 114630, 5206225, 121075, 5466590, 127130, 5695866, 132462, 5930474, 137918, 6147323, 142961, 6424931, 149417, 6736853, 156671, 6995670, 162690, 7255863, 168741, 7466391, 173637, 7653957, 177999, 7934102, 184514, 8123259, 188913, 8377174, 194818, 8701996, 202372, 8969370, 208590, 9363680, 217760, 9618584, 223688, 9851558, 229106, 10089950, 234650, 10519606, 244642, 10833893, 251951, 11150846, 259322, 11558744, 268808, 11897197, 276679, 12252807, 284949, 12681689, 294923, 13111259, 304913, 7091, 493081, 11467, 639195, 14865, 793350, 18450, 825729, 19203, 961007, 22349, 1131932, 26324, 1195400, 27800, 1325346, 30822, 1514030, 35210, 1716388, 39916, 1812020, 42140, 980, 200982, 4674, 344946, 8022, 464400, 10800, 507701, 11807, 635583, 14781, 798940, 18580, 836092, 19444, 892680, 20760, 1071302, 24914, 1175147, 27329, 1313908, 30556, 1465182, 34074, 1582830, 36810, 1628926, 37882, 1861814, 43298, 2090832, 48624, 2297318, 53426, 2443604, 56828, 2616507, 60849, 2695928, 62696, 2767910, 64370, 3027286, 70402, 3148761, 73227, 3412351, 79357, 3593854, 83578, 3812079, 88653, 4040022, 93954, 4328982, 100674, 4480729, 104203, 4649934, 108138, 4925220, 114540, 5183693, 120551, 5406390, 125730, 5722483, 133081, 6036641, 140387, 6339533, 147431, 6612325, 153775, 6798601, 158107, 7137785, 165995, 7373425, 171475, 7702762, 179134, 8062973, 187511, 8394417, 195219, 8784642, 204294, 8993579, 209153, 9207375, 214125, 9551504, 222128, 9926851, 230857, 10310927, 239789, 10648219, 247633, 11076929, 257603, 11487751, 267157, 11945271, 277797, 12301999, 286093, 12653094, 294258, 12989139, 302073, 13481575, 313525, 13850816, 322112, 14367934, 334138, 14832076, 344932, 15311655, 356085, 15677026, 364582, 16171612, 376084, 16575554, 385478, 17081750, 397250, 17553288, 408216, 18040435, 419545, 18631771, 433297, 19199715, 446505, 19813368, 460776, 20418077, 474839, 21046135, 489445, 21623797, 502879, 22298467, 518569, 22965612, 534084, 23611128, 549096, 24294871, 564997, 24952728, 580296, 25584097, 594979, 26323009, 612163, 27004817, 628019, 27651408, 643056, 28452326, 661682, 29304371, 681497, 30139087, 700909, 30881783, 718181, 31776398, 738986, 32659317, 759519, 33465266, 778262, 34266743, 796901, 35179719, 818133, 36067497, 838779, 37003779, 860553, 38036123, 884561, 38957828, 905996, 39998471, 930197, 41026171, 954097, 42040627, 977689, 43208679, 1004853, 44348179, 1031353, 45569895, 1059765, 46768950, 1087650, 47893744, 1113808, 49109698, 1142086, 50279642, 1169294, 51625370, 1200590, 52965250, 1231750, 54266645, 1262015, 55565804, 1292228, 57020537, 1326059, 58462671, 1359597, 59929057, 1393699, 61443474, 1428918, 63002396, 1465172, 64620787, 1502809, 66132882, 1537974, 67838004, 1577628, 69420275, 1614425, 71187919, 1655533, 72996671, 1697597, 39479, 1760291, 40937, 1805871, 41997, 1982515, 46105, 2070407, 48149, 2267132, 52724, 2347714, 54598, 2546245, 59215, 2624032, 61024, 2717557, 63199, 2929332, 68124, 3053172, 71004, 3175249, 73843, 3304808, 76856, 3451309, 80263, 3647647, 84829, 3885695, 90365, 4078206, 94842, 4298409, 99963, 4542305, 105635, 4773301, 111007, 4995740, 116180, 5283711, 122877, 5527306, 128542, 5725493, 133151, 5965433, 138731, 6164523, 143361, 6502890, 151230, 6849126, 159282, 7054838, 164066, 7316407, 170149, 7676919, 178533, 8041172, 187004, 8413896, 195672, 8711714, 202598, 9030387, 210009, 9426116, 219212, 9835691, 228737, 10157288, 236216, 10472435, 243545, 10883128, 253096, 11326587, 263409, 11747858, 273206, 12146425, 282475, 12466044, 289908, 12765238, 296866, 13233895, 307765, 13606662, 316434, 14108816, 328112, 14539074, 338118, 14918979, 346953, 15400579, 358153, 15786590, 367130, 16334797, 379879, 16793607, 390549, 17290945, 402115, 17795206, 413842, 18255478, 424546, 18712525, 435175, 19217345, 446915, 19738548, 459036, 20248657, 470899, 20747414, 482498, 21406346, 497822, 21955241, 510587, 22489043, 523001, 23174549, 538943, 23824924, 554068, 24439351, 568357, 25128426, 584382, 25768524, 599268, 26460652, 615364, 27233878, 633346, 28062230, 652610, 28909846, 672322, 29661099, 689793, 30490182, 709074, 31217828, 725996, 32069185, 745795, 32828909, 763463, 33782735, 785645, 34730885, 807695, 35659298, 829286, 36632517, 851919, 37498365, 872055, 38440065, 893955, 39464024, 917768, 40470009, 941163, 41513318, 965426, 42631963, 991441, 43776623, 1018061, 44961832, 1045624, 46174604, 1073828, 47397008, 1102256, 48671055, 1131885, 49984017, 1162419, 27033, 1324099, 30793, 1378107, 32049, 1475158, 34306, 1671969, 38883, 1761925, 40975, 1983977, 46139, 1073, 237575, 5525, 340603, 7921, 390311, 9077, 417960, 9720, 436966, 10162, 512130, 11910, 719046, 16722, 912202, 21214, 1003061, 23327, 1123891, 26137, 1317176, 30632, 1422096, 33072, 1478383, 34381, 1624196, 37772, 1745542, 40594, 1795422, 41754, 1841819, 42833, 1907867, 44369, 2119384, 49288, 2215102, 51514, 1198, 224503, 5221, 313298, 7286, 408801, 9507, 436880, 10160, 502756, 11692, 695525, 16175, 744201, 17307, 859011, 19977, 995063, 23141, 1050705, 24435, 1126213, 26191, 1170976, 27232, 1258567, 29269, 1422483, 33081, 1520566, 35362, 1630216, 37912, 1802775, 41925, 975, 177547, 4129, 186319, 4333, 343871, 7997, 546874, 12718, 712811, 16577, 831534, 19338, 994805, 23135, 1022583, 23781, 1055650, 24550, 1265920, 29440, 1425364, 33148, 1634946, 38022, 1719398, 39986, 1940461, 45127, 2078448, 48336, 2145356, 49892, 2250964, 52348, 2382243, 55401, 2516575, 58525, 2584386, 60102, 2788421, 64847, 2867197, 66679, 3068523, 71361, 3251316, 75612, 3410502, 79314, 3591962, 83534, 3805500, 88500, 3921858, 91206, 4026993, 93651, 4306364, 100148, 4411155, 102585, 4653030, 108210, 4863386, 113102, 5032204, 117028, 5265307, 122449, 5517760, 128320, 5683224, 132168, 5950039, 138373, 6283418, 146126, 6485260, 150820, 6724297, 156379, 7024609, 163363, 7215830, 167810, 7495072, 174304, 7785451, 181057, 8091869, 188183, 8349697, 194179, 8701738, 202366, 8941248, 207936, 9293117, 216119, 9513879, 221253, 9818706, 228342, 10102764, 234948, 10518789, 244623, 10944489, 254523, 11226870, 261090, 11659751, 271157, 12125914, 281998, 12426484, 288988, 12845476, 298732, 13195281, 306867, 13590365, 316055, 13929635, 323945, 14374298, 334286, 14727156, 342492, 15255368, 354776, 15730862, 365834, 16249915, 377905, 16725323, 388961, 17235002, 400814, 17686889, 411323, 18228216, 423912, 18735702, 435714, 19347850, 449950, 19988163, 464841, 20504077, 476839, 21036632, 489224, 21586215, 502005, 22195009, 516163, 22869034, 531838, 23465874, 545718, 24034807, 558949, 24756261, 575727, 13389, 663404, 15428, 836694, 19458, 958298, 22286, 1036300, 24100, 1153260, 26820, 1324013, 30791, 1368733, 31831, 1451637, 33759, 1503968, 34976, 1617875, 37625, 875, 108145, 2515, 208163, 4841, 329079, 7653, 531738, 12366, 660179, 15353, 684818, 15926, 775032, 18024, 825557, 19199, 942259, 21913, 1084890, 25230, 1258696, 29272, 1436544, 33408, 1655672, 38504, 1782393, 41451, 2018850, 46950, 2237591, 52037, 2322129, 54003, 2552566, 59362, 2714074, 63118, 2948983, 68581, 3198641, 74387, 3458748, 80436, 3659902, 85114, 3823947, 88929, 3936091, 91537, 4180847, 97229, 4305934, 100138, 4563934, 106138, 4735074, 110118, 5021626, 116782, 5310199, 123493, 5619412, 130684, 5782597, 134479, 6000650, 139550, 6209845, 144415, 6451763, 150041, 6666806, 155042, 6947209, 161563, 7164488, 166616, 7488966, 174162, 7718844, 179508, 8019070, 186490, 8400566, 195362, 8656287, 201309, 8978314, 208798, 9340331, 217217, 9668980, 224860, 9954199, 231493, 10297124, 239468, 10541235, 245145, 10795666, 251062, 11176732, 259924, 11585232, 269424, 11989303, 278821, 12309911, 286277, 12716906, 295742, 13156581, 305967, 13564694, 315458, 13926582, 323874, 14440819, 335833, 14790581, 343967, 15180978, 353046, 15608312, 362984, 16068799, 373693, 16549281, 384867, 17013079, 395653, 17455162, 405934, 17926098, 416886, 18347627, 426689, 9923, 589831, 13717, 319, 97610, 2270, 257742, 5994, 342667, 7969, 415638, 9666, 583166, 13562, 675659, 15713, 774946, 18022, 816183, 18981, 918738, 21366, 1116538, 25966, 1314295, 30565, 1507365, 35055, 1588850, 36950, 1686159, 39213, 1911092, 44444, 2071611, 48177, 2198719, 51133, 2277710, 52970, 2502471, 58197, 2644242, 61494, 2724308, 63356, 2866595, 66665, 3002905, 69835, 3086669, 71783, 3232740, 75180, 3382208, 78656, 3502651, 81457, 3653753, 84971, 3752653, 87271, 3951356, 91892, 4047891, 94137, 4188458, 97406, 4336937, 100859, 4549228, 105796, 4729312, 109984, 4992515, 116105, 5131835, 119345, 5344040, 124280, 5514750, 128250, 5754432, 133824, 5925400, 137800, 6193204, 144028, 6434735, 149645, 6607595, 153665, 6881978, 160046, 3722, 275200, 6400, 448748, 10436, 598474, 13918, 747039, 17373, 769055, 17885, 972660, 22620, 1004566, 23362, 1088287, 25309, 1229671, 28597, 1267554, 29478, 1403821, 32647, 1482898, 34486, 802, 165292, 3844, 248067, 5769, 286337, 6659, 464787, 10809, 549884, 12788, 641603, 14921, 347, 29197, 679, 187738, 4366, 298893, 6951, 435848, 10136, 589917, 13719, 612922, 14254, 724679, 16853, 927252, 21564, 1046319, 24333, 1247086, 29002, 1368948, 31836, 1475072, 34304, 1662595, 38665, 1738404, 40428, 1815976, 42232, 1886066, 43862, 1939214, 45098, 2142174, 49818, 2303424, 53568, 2510211, 58377, 2689306, 62542, 2844708, 66156, 3013010, 70070, 3189869, 74183, 3301196, 76772, 3456899, 80393, 3658010, 85070, 3817368, 88776, 4017576, 93432, 4278156, 99492, 4530867, 105369, 4724453, 109871, 4862182, 113074, 5100617, 118619, 5335311, 124077, 5561534, 129338, 5862663, 136341, 6142937, 142859, 6346155, 147585, 6535527, 151989, 6812877, 158439, 7096677, 165039, 7284931, 169417, 7640068, 177676, 4132, 200380, 4660, 279328, 6496, 299753, 6971, 329939, 7673, 425829, 9903, 496091, 11537, 567987, 13209, 618340, 14380, 716294, 16658, 811883, 18881, 849336, 19752, 938733, 21831, 1099854, 25578, 1292580, 30060, 1336569, 31083, 1539443, 35801, 1691319, 39333, 1874585, 43595, 2085328, 48496, 2296329, 53403, 2535452, 58964, 2645489, 61523, 2860231, 66517, 3107825, 72275, 3342605, 77735, 3578202, 83214, 3703203, 86121, 3951829, 91903, 4099448, 95336, 4217999, 98093, 4362522, 101454, 4542907, 105649, 4838919, 112533, 4960738, 115366, 5261824, 122368, 5537411, 128777, 5828693, 135551, 6033889, 140323, 6239214, 145098, 6458600, 150200, 6613443, 153801, 6920463, 160941, 7243909, 168463, 7560948, 175836, 7778571, 180897, 8140545, 189315, 8464507, 196849, 8837790, 205530, 9196539, 213873, 9568274, 222518, 9957940, 231580, 10305595, 239665, 10665978, 248046, 11016170, 256190, 11453437, 266359, 11798727, 274389, 12100974, 281418, 12503110, 290770, 12812452, 297964, 13189347, 306729, 13542506, 314942, 13903878, 323346, 14361871, 333997, 14770156, 343492, 15150792, 352344, 15512422, 360754, 15998537, 372059, 16477385, 383195, 16962726, 394482, 9174, 473301, 11007, 679314, 15798, 774043, 18001, 917405, 21335, 971241, 22587, 1049544, 24408, 1199313, 27891, 1352565, 31455, 1486166, 34562, 1673947, 38929, 1777878, 41346, 1926013, 44791, 2100808, 48856, 2186808, 50856, 2376954, 55278, 2539021, 59047, 2635212, 61284, 2738283, 63681, 2992327, 69589, 3131561, 72827, 3334392, 77544, 3481581, 80967, 3752911, 87277, 3979478, 92546, 4118454, 95778, 4293163, 99841, 4569438, 106266, 4736063, 110141, 4929778, 114646, 5081568, 118176, 5255460, 122220, 5442682, 126574, 5685331, 132217, 5980053, 139071, 6160911, 143277, 6308831, 146717, 6460191, 150237, 6786862, 157834, 7056128, 164096, 7257368, 168776, 7430787, 172809, 7766101, 180607, 7979209, 185563, 8248346, 191822, 8635174, 200818, 8873136, 206352, 9255922, 215254, 9652253, 224471, 9927797, 230879, 10214392, 237544, 10507652, 244364, 10928450, 254150, 11275460, 262220, 11565538, 268966, 11839147, 275329, 6403, 462809, 10763, 533931, 12417, 699567, 16269, 785481, 18267, 966253, 22471, 1104799, 25693, 1232638, 28666, 1391308, 32356, 1516524, 35268, 1588936, 36952, 1695533, 39431, 917, 105350, 2450, 302806, 7042, 463067, 10769, 562053, 13071, 770130, 17910, 890186, 20702, 999105, 23235, 1091985, 25395, 1233455, 28685, 1280712, 29784, 1440500, 33500, 1487929, 34603, 1666465, 38755, 1760936, 40952, 1876176, 43632, 2059098, 47886, 2232345, 51915, 2349262, 54634, 2515328, 58496, 2648112, 61584, 2746840, 63880, 2926795, 68065, 3175937, 73859, 3379800, 78600, 3639477, 84639, 3793761, 88227, 4039850, 93950, 4310234, 100238, 4433687, 103109, 4713230, 109610, 4836769, 112483, 5125686, 119202, 5272746, 122622, 5530015, 128605, 5821125, 135375, 6007573, 139711, 6165856, 143392, 6448538, 149966, 6714579, 156153, 6963592, 161944, 7153394, 166358, 7477614, 173898, 7679370, 178590, 7909033, 183931, 8185824, 190368, 8408693, 195551, 8743534, 203338, 9104734, 211738, 9344330, 217310, 9705573, 225711, 9949856, 231392, 10223035, 237745, 10651143, 247701, 10996347, 255729, 11289220, 262540, 11667835, 271345, 12008825, 279275, 12441319, 289333, 12865299, 299193, 13359498, 310686, 13721257, 319099, 14221433, 330731, 14635738, 340366, 15073607, 350549, 15484515, 360105, 15951409, 370963, 16331658, 379806, 16850754, 391878, 17330849, 403043, 17752464, 412848, 18188527, 422989, 18801879, 437253, 19373779, 450553, 20019338, 465566, 20508119, 476933, 21077912, 490184, 21693457, 504499, 22304745, 518715, 22851318, 531426, 23531320, 547240, 24180706, 562342, 24886981, 578767, 25605038, 595466, 26209790, 609530, 26842535, 624245, 27531782, 640274, 28190628, 655596, 28929798, 672786, 29639728, 689296, 30356882, 705974, 16418, 884897, 20579, 1021551, 23757, 1142811, 26577, 1183317, 27519, 1405842, 32694, 1503538, 34966, 1571005, 36535, 1737544, 40408, 1921885, 44695, 2050154, 47678, 2255694, 52458, 2498515, 58105, 2612336, 60752, 2840236, 66052, 2924860, 68020, 3164671, 73597, 3349700, 77900, 3552961, 82627, 3747020, 87140, 3936306, 91542, 4204282, 97774, 4464561, 103827, 4684463, 108941, 4895550, 113850, 5144047, 119629, 5277605, 122735, 5460699, 126993, 5652694, 131458, 5816653, 135271, 6119072, 142304, 6340307, 147449, 6497042, 151094, 6810641, 158387, 7052602, 164014, 7272332, 169124, 7464671, 173597, 7666126, 178282, 7862980, 182860, 8157272, 189704, 8490909, 197463, 8720873, 202811, 9030473, 210011, 9435490, 219430, 9659563, 224641, 9925991, 230837, 10217187, 237609, 10612658, 246806, 10994111, 255677, 11444794, 266158, 11854885, 275695, 12232726, 284482, 12688999, 295093, 13109453, 304871, 13418967, 312069, 13814610, 321270, 14214811, 330577, 14712536, 342152, 15059331, 350217, 15525623, 361061, 16039903, 373021, 16594001, 385907, 17095983, 397581, 17507493, 407151, 18040005, 419535, 18584901, 432207, 19082110, 443770, 19572310, 455170, 20097125, 467375, 20601644, 479108, 21090038, 490466, 21617648, 502736, 22227173, 516911, 22781228, 529796, 23478172, 546004, 24177395, 562265, 24925380, 579660, 25597900, 595300, 26230344, 610008, 26886782, 625274, 27563129, 641003, 28213418, 656126, 29018120, 674840, 29883323, 694961, 30754718, 715226, 31502445, 732615, 32346492, 752244, 33108022, 769954, 34059053, 792071, 34902197, 811679, 35764949, 831743, 36768483, 855081, 37744282, 877774, 38691701, 899807, 39740084, 924188, 40812848, 949136, 41947704, 975528, 43062522, 1001454, 44189337, 1027659, 45226282, 1051774, 46449847, 1080229, 47650794, 1108158, 48782167, 1134469, 26383, 1272284, 29588, 1320444, 30708, 1379010, 32070, 1573585, 36595, 1619466, 37662, 1828919, 42533, 1899310, 44170, 1985267, 46169, 2170726, 50482, 1174, 112015, 2605, 230695, 5365, 389279, 9053, 505121, 11747, 554012, 12884, 692257, 16099, 787287, 18309, 963458, 22406, 999793, 23251, 1166977, 27139, 1221974, 28418, 1426826, 33182, 1594655, 37085, 1719957, 39999, 1801743, 41901, 1931861, 44927, 2139293, 49751, 1157, 231985, 5395, 330240, 7680, 458638, 10666, 478590, 11130, 656868, 15276, 723217, 16819, 767894, 17858, 846111, 19677, 986506, 22942, 1116237, 25959, 1281486, 29802, 1325217, 30819, 1499969, 34883, 1581282, 36774, 1659843, 38601, 1837734, 42738, 2061549, 47943, 2299855, 53485, 2520488, 58616, 2611605, 60735, 2760557, 64199, 1493, 209625, 4875, 288788, 6716, 332648, 7736, 521461, 12127, 538231, 12517, 569320, 13240, 763637, 17759, 413, 138890, 3230, 165335, 3845, 252754, 5878, 397922, 9254, 448963, 10441, 621909, 14463, 706017, 16419, 889584, 20688, 933487, 21709, 1126987, 26209, 1255342, 29194, 1470256, 34192, 1536949, 35743, 1619122, 37654, 1791423, 41661, 2004875, 46625, 2111859, 49113, 2193473, 51011, 2304843, 53601, 2465233, 57331, 2578280, 59960, 2721814, 63298, 2794398, 64986, 2919743, 67901, 3006216, 69912, 3247919, 75533, 3439527, 79989, 3561303, 82821, 3658053, 85071, 3822055, 88885, 3929512, 91384, 4062683, 94481, 4203594, 97758, 4389569, 102083, 4496295, 104565, 4749436, 110452, 4989892, 116044, 5245226, 121982, 5525070, 128490, 5681418, 132126, 5952834, 138438, 6188775, 143925, 6351272, 147704, 6693982, 155674, 6914658, 160806, 7210111, 167677, 7470648, 173736, 7718672, 179504, 8000322, 186054, 8353524, 194268, 8719583, 202781, 9089512, 211384, 9481973, 220511, 9734985, 226395, 5265, 319877, 7439]
43,1,119,[132, 21156, 492, 118852, 2764, 183008, 4256, 402136, 9352, 518924, 12068, 674240, 15680, 833168, 19376, 985560, 22920, 1013596, 23572, 1078096, 25072, 1118516, 26012, 1349168, 31376, 1528908, 35556, 1758872, 40904, 1856052, 43164, 2078276, 48332, 1124, 80152, 1864, 158756, 3692, 351740, 8180, 411080, 9560, 492264, 11448, 554872, 12904, 588240, 13680, 632616, 14712, 678024, 15768, 847272, 19704, 918136, 21352, 1062272, 24704, 1199528, 27896, 1391136, 32352, 1505344, 35008, 1571048, 36536, 1755948, 40836, 1945148, 45236, 1052, 148608, 3456, 233920, 5440, 351912, 8184, 431720, 10040, 549196, 12772, 567084, 13188, 733752, 17064, 934992, 21744, 1105100, 25700, 1279164, 29748, 1487972, 34604, 1686288, 39216, 912, 86172, 2004, 221192, 5144, 364468, 8476, 398524, 9268, 525460, 12220, 578608, 13456, 796704, 18528, 1009640, 23480, 1043352, 24264, 1129008, 26256, 1288280, 29960, 1481952, 34464, 1623852, 37764, 1712776, 39832, 1824232, 42424, 1999672, 46504, 2153612, 50084, 2367408, 55056, 2504320, 58240, 2654648, 61736, 2874980, 66860, 3136248, 72936, 3250112, 75584, 3494524, 81268, 3785548, 88036, 3950324, 91868, 4144512, 96384, 4348332, 101124, 4608052, 107164, 4756144, 110608, 4928144, 114608, 5109260, 118820, 5284356, 122892, 5617004, 130628, 5936924, 138068, 6269400, 145800, 6568680, 152760, 6844224, 159168, 7131292, 165844, 7481312, 173984, 7685992, 178744, 8048912, 187184, 8261676, 192132, 8494736, 197552, 8743448, 203336, 9110496, 211872, 9378644, 218108, 9658144, 224608, 9979956, 232092, 10319484, 239988, 10585052, 246164, 10994928, 255696, 11342712, 263784, 11719048, 272536, 12001816, 279112, 12495800, 290600, 12817096, 298072, 13314692, 309644, 13629452, 316964, 14002692, 325644, 14353916, 333812, 14703076, 341932, 15244532, 354524, 15762768, 366576, 16134460, 375220, 16519912, 384184, 17016648, 395736, 17448196, 405772, 17976752, 418064, 18486904, 429928, 18988456, 441592, 19557948, 454836, 20140684, 468388, 20772784, 483088, 21388888, 497416, 22065364, 513148, 22726876, 528532, 23352612, 543084, 24084988, 560116, 24854860, 578020, 25504504, 593128, 26245996, 610372, 27009848, 628136, 27817044, 646908, 28545808, 663856, 29322216, 681912, 30096216, 699912, 30801244, 716308, 31589176, 734632, 32426128, 754096, 33205804, 772228, 34151976, 794232, 35058760, 815320, 36078720, 839040, 37040544, 861408, 38065664, 885248, 38986724, 906668, 39959900, 929300, 41027332, 954124, 42186096, 981072, 43305300, 1007100, 44517040, 1035280, 45613712, 1060784, 46761468, 1087476, 47879640, 1113480, 49187528, 1143896, 50382584, 1171688, 51677056, 1201792, 53022096, 1233072, 54275632, 1262224, 55548088, 1291816, 56891064, 1323048, 58336896, 1356672, 59806120, 1390840, 61222540, 1423780, 62682132, 1457724, 64262640, 1494480, 65833860, 1531020, 67390460, 1567220, 69172552, 1608664, 70955160, 1650120, 72799688, 1693016, 74595024, 1734768, 76426996, 1777372, 78255528, 1819896, 80111236, 1863052, 82148232, 1910424, 84160976, 1957232, 86123324, 2002868, 88197816, 2051112, 90310320, 2100240, 92584504, 2153128, 94901344, 2207008, 97277180, 2262260, 99692920, 2318440, 102057404, 2373428, 55196, 2566756, 59692, 2667376, 62032, 2862424, 66568, 2949456, 68592, 3053860, 71020, 3263012, 75884, 3502608, 81456, 3655688, 85016, 3766284, 87588, 4058512, 94384, 4367768, 101576, 4520504, 105128, 4809808, 111856, 4988172, 116004, 5273004, 122628, 5574692, 129644, 5919208, 137656, 6123372, 142404, 6424372, 149404, 6686328, 155496, 6882752, 160064, 7134904, 165928, 7474776, 173832, 7781624, 180968, 8085376, 188032, 8457584, 196688, 8684968, 201976, 8912524, 207268, 9160720, 213040, 9465848, 220136, 9783188, 227516, 10026052, 233164, 10351304, 240728, 10663656, 247992, 10967924, 255068, 11402052, 265164, 11800232, 274424, 12284412, 285684, 12749156, 296492, 13081460, 304220, 13580088, 315816, 14018688, 326016, 14513532, 337524, 14938028, 347396, 15500296, 360472, 15876116, 369212, 16316952, 379464, 16860128, 392096, 17364776, 403832, 17865812, 415484, 18373384, 427288, 19005312, 441984, 19600776, 455832, 20220320, 470240, 20869620, 485340, 21569832, 501624, 22219820, 516740, 22782604, 529828, 23440332, 545124, 24051964, 559348, 24631776, 572832, 25352972, 589604, 26101172, 607004, 26790032, 623024, 27617696, 642272, 28382752, 660064, 29114440, 677080, 29801752, 693064, 30663644, 713108, 31576276, 734332, 32418044, 753908, 33335664, 775248, 34116028, 793396, 34924772, 812204, 35839296, 833472, 36688116, 853212, 37572024, 873768, 38486720, 895040, 39576168, 920376, 40517008, 942256, 41663904, 968928, 42678876, 992532, 43702104, 1016328, 44836100, 1042700, 46062976, 1071232, 47216064, 1098048, 25536, 1312876, 30532, 1353640, 31480, 1405584, 32688, 1479200, 34400, 800, 168216, 3912, 387000, 9000, 462508, 10756, 503960, 11720, 638464, 14848, 719820, 16740, 803068, 18676, 893368, 20776, 949956, 22092, 1140876, 26532, 1172524, 27268, 1230488, 28616, 1366540, 31780, 1413668, 32876, 1569328, 36496, 1769536, 41152, 1815804, 42228, 1868264, 43448, 2003800, 46600, 2208996, 51372, 2413848, 56136, 2577420, 59940, 2847116, 66212, 3092388, 71916, 3266624, 75968, 3496072, 81304, 3751320, 87240, 4022736, 93552, 4254420, 98940, 4558000, 106000, 4689580, 109060, 4860032, 113024, 5075376, 118032, 5398048, 125536, 5620788, 130716, 5951028, 138396, 6201976, 144232, 6397368, 148776, 6745668, 156876, 6963936, 161952, 7197512, 167384, 7508144, 174608, 7826000, 182000, 8130784, 189088, 8406844, 195508, 8755832, 203624, 9056660, 210620, 9297976, 216232, 9657456, 224592, 9897396, 230172, 10311744, 239808, 10756192, 250144, 11072844, 257508, 11453136, 266352, 11770648, 273736, 12254140, 284980, 12636324, 293868, 12960888, 301416, 13410668, 311876, 13927184, 323888, 14312464, 332848, 14788560, 343920, 15163176, 352632, 15679520, 364640, 8480, 419164, 9748, 582392, 13544, 810808, 18856, 942216, 21912, 1092028, 25396, 1250440, 29080, 1340912, 31184, 1418140, 32980, 1665992, 38744, 1709852, 39764, 1913328, 44496, 2131768, 49576, 2385984, 55488, 2533560, 58920, 2643640, 61480, 2873948, 66836, 3012408, 70056, 3128508, 72756, 1692, 151188, 3516, 323532, 7524, 545928, 12696, 614900, 14300, 751984, 17488, 922952, 21464, 980228, 22796, 1033720, 24040, 1073108, 24956, 1179920, 27440, 1238056, 28792, 1394748, 32436, 1498808, 34856, 1666680, 38760, 1792412, 41684, 1921068, 44676, 2180616, 50712, 2308068, 53676, 2423136, 56352, 2592040, 60280, 2841612, 66084, 3091872, 71904, 3204704, 74528, 3325276, 77332, 3494696, 81272, 3586200, 83400, 3787268, 88076, 3936736, 91552, 4053868, 94276, 4250464, 98848, 4523256, 105192, 4700072, 109304, 5019132, 116724, 5248408, 122056, 5483016, 127512, 5697500, 132500, 5916972, 137604, 6075040, 141280, 6344220, 147540, 6527572, 151804, 6751000, 157000, 6943812, 161484, 7202500, 167500, 7446740, 173180, 7717124, 179468, 8044956, 187092, 8446920, 196440, 8725216, 202912, 9122536, 212152, 9503516, 221012, 9903588, 230316, 10174832, 236624, 10605864, 246648, 5736, 339356, 7892, 464916, 10812, 572932, 13324, 775548, 18036, 890788, 20716, 1080332, 25124, 1166848, 27136, 1209332, 28124, 1247688, 29016, 1450648, 33736, 1607168, 37376, 1690588, 39316, 1801528, 41896, 1915048, 44536, 2118180, 49260, 2295340, 53380, 2435692, 56644, 2558844, 59508, 2817876, 65532, 1524, 164260, 3820, 352256, 8192, 473000, 11000, 663060, 15420, 811496, 18872, 1024776, 23832, 1099768, 25576, 1299288, 30216, 1482984, 34488, 1527704, 35528, 1614392, 37544, 1677516, 39012, 1772804, 41228, 1987976, 46232, 2070020, 48140, 2235828, 51996, 2333868, 54276, 2439304, 56728, 2552308, 59356, 2693520, 62640, 2919872, 67904, 3023588, 70316, 3150180, 73260, 3382036, 78652, 3486268, 81076, 3674780, 85460, 3857444, 89708, 3998312, 92984, 4183384, 97288, 4393224, 102168, 2376, 160820, 3740, 379432, 8824, 434300, 10100, 638808, 14856, 761100, 17700, 916932, 21324, 1137780, 26460, 1240980, 28860, 1305652, 30364, 1366712, 31784, 1434308, 33356, 1626260, 37820, 1781748, 41436, 1961316, 45612, 2170640, 50480, 2430876, 56532, 2640888, 61416, 2763696, 64272, 2981448, 69336, 3153104, 73328, 3292940, 76580, 3574160, 83120, 3662396, 85172, 3911280, 90960, 4078980, 94860, 4184072, 97304, 4475784, 104088, 4723120, 109840, 4925048, 114536, 5177716, 120412, 5359520, 124640, 5617176, 130632, 5957564, 138548, 6106344, 142008, 6360904, 147928, 6549760, 152320, 6773704, 157528, 7028436, 163452, 7237932, 168324, 7518808, 174856, 7785752, 181064, 8140760, 189320, 8504024, 197768, 8758068, 203676, 9104992, 211744, 9378128, 218096, 5072, 432924, 10068, 473688, 11016, 525632, 12224, 599248, 13936, 633648, 14736, 801864, 18648, 968876, 22532, 524, 63984, 1488, 198488, 4616, 279844, 6508, 363092, 8444, 453392, 10544, 509980, 11860, 700900, 16300, 732548, 17036, 790512, 18384, 926564, 21548, 973692, 22644, 1129352, 26264, 1329560, 30920, 1375828, 31996, 1428288, 33216, 1563824, 36368, 1769020, 41140, 1973872, 45904, 2137444, 49708, 1156, 245272, 5704, 394224, 9168, 449436, 10452, 475236, 11052, 491404, 11428, 671660, 15620, 743556, 17292, 791544, 18408, 830416, 19312, 875308, 20356, 982636, 22852, 1102692, 25644, 1210192, 28144, 1350888, 31416, 1515320, 35240, 1668228, 38796, 1758184, 40888, 1993480, 46360, 2070536, 48152, 2297748, 53436, 2504664, 58248, 2695928, 62696, 2768856, 64392, 2940684, 68388, 3101160, 72120, 3219324, 74868, 3319772, 77204, 3494180, 81260, 3744268, 87076, 3836460, 89220, 4120088, 95816, 4277296, 99472, 4443276, 103332, 4561956, 106092, 4724324, 109868, 4849540, 112780, 5136264, 119448, 5445004, 126628, 5755808, 133856, 6094304, 141728, 3296, 288272, 6704, 494500, 11500, 603204, 14028, 668392, 15544, 791372, 18404, 428, 228588, 5316, 372036, 8652, 426732, 9924, 610600, 14200, 675960, 15720, 819580, 19060, 894916, 20812, 484, 77572, 1804, 289132, 6724, 377712, 8784, 447888, 10416, 509464, 11848, 638980, 14860, 781740, 18180, 973864, 22648, 1149992, 26744, 1386492, 32244, 1608028, 37396, 1793788, 41716, 1866200, 43400, 1976108, 45956, 2185776, 50832, 2267304, 52728, 2371192, 55144, 2518424, 58568, 2587224, 60168, 2703668, 62876, 2817704, 65528, 3082756, 71692, 3210724, 74668, 3387712, 78784, 3507424, 81568, 3793632, 88224, 4040452, 93964, 4180460, 97220, 4482320, 104240, 4627488, 107616, 4888584, 113688, 5201796, 120972, 5389276, 125332, 5668088, 131816, 5907340, 137380, 6239128, 145096, 6455848, 150136, 6723652, 156364, 6961872, 161904, 7169820, 166740, 7484924, 174068, 7679456, 178592, 7924556, 184292, 8298140, 192980, 8690644, 202108, 8933680, 207760, 9279572, 215804, 9648856, 224392, 9965336, 231752, 10324988, 240116, 10585568, 246176, 10836860, 252020, 11293520, 262640, 11755684, 273388, 12218364, 284148, 12522976, 291232, 12998384, 302288, 13510428, 314196, 14019032, 326024, 14554812, 338484, 15051892, 350044, 15524720, 361040, 15947152, 370864, 16481728, 383296, 17054316, 396612, 17568596, 408572, 18125532, 421524, 18741464, 435848, 10136, 604580, 14060, 833512, 19384, 1026840, 23880, 1127460, 26220, 1322508, 30756, 1409540, 32780, 1513944, 35208, 1723096, 40072, 1962692, 45644, 2115772, 49204, 2226368, 51776, 2298608, 53456, 2387876, 55532, 2540612, 59084, 2609928, 60696, 2788292, 64844, 1508, 81700, 1900, 124528, 2896, 204164, 4748, 301000, 7000, 481944, 11208, 636400, 14800, 692128, 16096, 779848, 18136, 966812, 22484, 1183704, 27528, 1252160, 29120, 1327324, 30868, 1547484, 35988, 1788112, 41584, 1845044, 42908, 2077244, 48308, 2222756, 51692, 2305144, 53608, 2512232, 58424, 2724136, 63352, 2853996, 66372, 3038036, 70652, 3124036, 72652, 3324588, 77316, 3412136, 79352, 3578460, 83220, 3738420, 86940, 4014652, 93364, 4164292, 96844, 4302064, 100048, 4555592, 105944, 4840596, 112572, 5162924, 120068, 5344384, 124288, 5560760, 129320, 5787284, 134588, 6131628, 142596, 6315152, 146864, 6559220, 152540, 6808964, 158348, 7079864, 164648, 7249628, 168596, 7602400, 176800, 7917332, 184124, 8311212, 193284, 8719368, 202776, 9080740, 211180, 9327732, 216924, 9708368, 225776, 10067160, 234120, 10444528, 242896, 10851136, 252352, 11246736, 261552, 11641304, 270728, 6296, 369112, 8584, 515828, 11996, 742696, 17272, 908332, 21124, 985732, 22924, 1034236, 24052, 1135028, 26396, 1350716, 31412, 1494680, 34760, 1611296, 37472, 1745972, 40604, 1847968, 42976, 1988148, 46236, 2090660, 48620, 2292760, 53320, 1240, 238736, 5552, 269868, 6276, 485900, 11300, 671144, 15608, 901624, 20968, 1060724, 24668, 1233756, 28692, 1318724, 30668, 1395436, 32452, 1581368, 36776, 1674420, 38940, 1841260, 42820, 2063140, 47980, 2290180, 53260, 2476456, 57592, 2610788, 60716, 1412, 246304, 5728, 298076, 6932, 351052, 8164, 548508, 12756, 704512, 16384, 726012, 16884, 886144, 20608, 963028, 22396, 1169600, 27200, 1319584, 30688, 1498636, 34852, 1646040, 38280, 1735480, 40360, 1908856, 44392, 2035104, 47328, 2225680, 51760, 2436036, 56652, 2600124, 60468, 2711752, 63064, 2907832, 67624, 3118704, 72528, 3344712, 77784, 3627136, 84352, 3859852, 89764, 4067284, 94588, 4320468, 100476, 4564192, 106144, 4772656, 110992, 4929692, 114644, 5075032, 118024, 5356768, 124576, 5506924, 128068, 5706616, 132712, 5910952, 137464, 6232592, 144944, 6551480, 152360, 6760116, 157212, 6937792, 161344, 7140064, 166048, 7434012, 172884, 7729680, 179760, 8011760, 186320, 8203196, 190772, 8516752, 198064, 8745512, 203384, 9138188, 212516, 9401864, 218648, 9804688, 228016, 10186184, 236888, 10428188, 242516, 10870228, 252796, 11337896, 263672, 11801092, 274444, 12167624, 282968, 12593840, 292880, 12922532, 300524, 13427696, 312272, 13770664, 320248, 14229044, 330908, 14677620, 341340, 15049656, 349992, 15476388, 359916, 15867000, 369000, 16322972, 379604, 8828, 454940, 10580, 475752, 11064, 553324, 12868, 622468, 14476, 780192, 18144, 1008092, 23444, 1077580, 25060, 1276584, 29688, 1398360, 32520, 1492272, 34704, 1542324, 35868, 1608888, 37416, 1677000, 39000, 1930872, 44904, 2037168, 47376, 2253372, 52404, 2459256, 57192, 2526680, 58760, 2697992, 62744, 2796548, 65036, 2963904, 68928, 3247704, 75528, 3425552, 79664, 3648464, 84848, 3779356, 87892, 2044, 207604, 4828, 273824, 6368, 300656, 6992, 440664, 10248, 522536, 12152, 667704, 15528, 708812, 16484, 802036, 18652, 989516, 23012, 1048340, 24380, 1287592, 29944, 1399392, 32544, 1616112, 37584, 1663928, 38696, 1902148, 44236, 2110096, 49072, 2205212, 51284, 2399744, 55808, 2644844, 61508, 2798440, 65080, 2970956, 69092, 3213992, 74744, 3339896, 77672, 3489192, 81144, 3585684, 83388, 3725348, 86636, 3985928, 92696, 4237220, 98540, 4473892, 104044, 4716068, 109676, 4958760, 115320, 5263372, 122404, 5518792, 128344, 5810848, 135136, 6099464, 141848, 6415256, 149192, 6692348, 155636, 6945188, 161516, 7147632, 166224, 7462220, 173540, 7814820, 181740, 8109112, 188584, 8446060, 196420, 8842004, 205628, 9057864, 210648, 9442456, 219592, 9835992, 228744, 10202868, 237276, 10450376, 243032, 10892932, 253324, 11202532, 260524, 11616536, 270152, 12019704, 279528, 12442480, 289360, 12798348, 297636, 13264812, 308484, 13583528, 315896, 13991512, 325384, 14332244, 333308, 14742292, 342844, 15110716, 351412, 15543984, 361488, 16058952, 373464, 16478460, 383220, 16882144, 392608, 17366840, 403880, 17893504, 416128, 18396604, 427828, 18931868, 440276, 19587016, 455512, 20109036, 467652, 20714820, 481740, 21252836, 494252, 21798248, 506936, 22351228, 519796, 22932416, 533312, 23598744, 548808, 24362424, 566568, 13176, 671832, 15624, 764196, 17772, 848476, 19732, 1062616, 24712, 1240808, 28856, 1285012, 29884, 1529768, 35576, 1642084, 38188, 1700736, 39552, 1919348, 44636, 1974216, 45912, 2178724, 50668, 2301016, 53512, 2456848, 57136, 2677696, 62272, 2780896, 64672, 1504, 281048, 6536, 152, 124356, 2892, 183524, 4268, 244068, 5676]
47,1,6,[12, 3948, 84, 14429, 307, 21761, 463, 33464, 712, 36143, 769, 41689, 887, 54097, 1151, 61711, 1313, 75388, 1604, 78678, 1674, 88501, 1883, 91227, 1941, 97102, 2066, 111813, 2379, 122341, 2603, 130002, 2766, 144008, 3064, 149601, 3183, 162338, 3454, 172255, 3665, 188846, 4018, 199327, 4241, 206659, 4397, 218362, 4646, 234248, 4984, 239794, 5102, 252202, 5366, 259816, 5528, 273493, 5819, 289990, 6170, 299813, 6379, 315746, 6718, 334828, 7124, 349539, 7437, 360067, 7661, 163, 14006, 298, 18800, 400, 25944, 552, 36331, 773, 43005, 915, 50102, 1066, 60160, 1280, 64531, 1373, 68714, 1462, 71581, 1523, 78443, 1669, 86856, 1848, 92919, 1977, 95739, 2037, 102272, 2176, 108382, 2306, 111531, 2373, 120367, 2561, 129391, 2753, 139731, 2973, 146076, 3108, 150870, 3210, 158014, 3362, 168401, 3583, 175075, 3725, 182172, 3876, 192230, 4090, 196601, 4183, 89, 16074, 342, 20069, 427, 21620, 460, 32477, 691, 42441, 903, 46154, 982, 58938, 1254, 69184, 1472, 74871, 1593, 88266, 1878, 102789, 2187, 112001, 2383, 123657, 2631, 139214, 2962, 142457, 3031, 151951, 3233, 165581, 3523, 181749, 3867, 189269, 4027, 202288, 4304, 214179, 4557, 231381, 4923, 246139, 5237, 256996, 5468, 266960, 5680, 283880, 6040, 296664, 6312, 306910, 6530, 325804, 6932, 339199, 7217, 353722, 7526, 362934, 7722, 374590, 7970, 390147, 8301, 406597, 8651, 416091, 8853, 429721, 9143, 445889, 9487, 466616, 9928, 479635, 10205, 491526, 10458, 508728, 10824, 523486, 11138, 547550, 11650, 570721, 12143, 587641, 12503, 600425, 12775, 623878, 13274, 642772, 13676, 669374, 14242, 683897, 14551, 706316, 15028, 731179, 15557, 331, 16450, 350, 22701, 483, 26837, 571, 29375, 625, 33934, 722, 39433, 839, 51512, 1096, 56823, 1209, 67586, 1438, 76892, 1636, 89206, 1898, 96162, 2046, 105233, 2239, 115902, 2466, 124550, 2650, 132258, 2814, 146593, 3119, 154489, 3287, 170140, 3620, 174041, 3703, 188141, 4003, 194392, 4136, 88, 15745, 335, 17766, 378, 18706, 398, 25286, 538, 31725, 675, 37177, 791, 48927, 1041, 51935, 1105, 59784, 1272, 61899, 1317, 63497, 1351, 74683, 1589, 86950, 1850, 93577, 1991, 100345, 2135, 108100, 2300, 122764, 2612, 132963, 2829, 138321, 2943, 149413, 3179, 161022, 3426, 176250, 3750, 190397, 4051, 196977, 4191, 203416, 4328, 208868, 4444, 220618, 4694, 236833, 5039, 244682, 5206, 260004, 5532, 274809, 5847, 285995, 6085, 298262, 6346, 304889, 6487, 311657, 6631, 319412, 6796, 334076, 7108, 344275, 7325, 362840, 7720, 373932, 7956, 385541, 8203, 400769, 8527, 414916, 8828, 434703, 9249, 454349, 9667, 473008, 10064, 484758, 10314, 500973, 10659, 522029, 11107, 537351, 11433, 552156, 11748, 576549, 12267, 261, 19834, 422, 33182, 706, 34169, 727, 41078, 874, 49820, 1060, 58186, 1238, 63920, 1360, 77644, 1652, 81263, 1729, 93389, 1987, 99029, 2107, 112095, 2385, 124315, 2645, 130613, 2779, 135078, 2874, 139919, 2977, 147392, 3136, 160082, 3406, 169670, 3610, 183958, 3914, 191525, 4075, 204873, 4359, 219067, 4661, 225976, 4808, 234718, 4994, 243084, 5172, 248818, 5294, 262542, 5586, 279368, 5944, 291494, 6202, 310341, 6603, 323407, 6881, 335627, 7141, 355132, 7556, 372804, 7932, 390852, 8316, 411532, 8756, 424222, 9026, 433810, 9230, 448098, 9534, 468872, 9976, 482220, 10260, 496414, 10562, 516530, 10990, 538479, 11457, 560052, 11916, 578993, 12319, 592717, 12611, 609543, 12969, 634876, 13508, 653723, 13909, 679996, 14468, 705423, 15009, 724928, 15424, 742600, 15800, 760648, 16184, 781328, 16624, 807225, 17175, 830020, 17660, 857515, 18245, 878289, 18687, 904844, 19252, 932245, 19835, 952361, 20263, 974310, 20730, 995883, 21189, 1028031, 21873, 1054962, 22446, 1084995, 23085, 1110328, 23624, 1142382, 24306, 1168655, 24865, 1194082, 25406, 1226794, 26102, 1257673, 26759, 1288928, 27424, 1322815, 28145, 1361919, 28977, 1397921, 29743, 1438623, 30609, 1472604, 31332, 1512366, 32178, 1552974, 33042, 1586297, 33751, 1621453, 34499, 1656233, 35239, 1701588, 36204, 1741726, 37058, 1784966, 37978, 1823506, 38798, 1868767, 39761, 1921454, 40882, 1973295, 41985, 2019214, 42962, 2063300, 43900, 2107762, 44846, 2154856, 45848, 2207167, 46961, 2256376, 48008, 2310285, 49155, 2370680, 50440, 2423649, 51567, 2477464, 52712, 2537201, 53983, 2598771, 55293, 2659965, 56595, 2718527, 57841, 2785079, 59257, 2854733, 60739, 2919687, 62121, 2991362, 63646, 3057256, 65048, 1384, 72333, 1539, 83707, 1781, 97290, 2070, 99922, 2126, 105139, 2237, 115244, 2452, 119944, 2552, 126430, 2690, 132211, 2813, 146264, 3112, 152186, 3238, 167226, 3558, 180057, 3831, 190632, 4056, 198622, 4226, 214931, 4573, 223438, 4754, 230159, 4897, 237585, 5055, 249946, 5318, 257231, 5473, 268605, 5715, 282188, 6004, 298027, 6341, 316451, 6733, 326556, 6948, 344463, 7329, 364156, 7748, 383144, 8152, 397197, 8451, 416326, 8858, 431366, 9178, 444197, 9451, 454772, 9676, 475969, 10127, 492278, 10474, 513992, 10936, 533920, 11360, 554553, 11799, 566914, 12062, 587406, 12498, 611987, 13021, 625570, 13310, 641409, 13647, 659833, 14039, 683145, 14535, 701052, 14916, 720745, 15335, 739733, 15739, 766993, 16319, 786122, 16726, 814369, 17327, 840407, 17881, 864189, 18387, 885386, 18838, 914902, 19466, 936616, 19928, 424, 20633, 439, 25568, 544, 33699, 717, 37788, 804, 39997, 851, 42253, 899, 44838, 954, 49726, 1058, 57528, 1224, 59314, 1262, 71816, 1528, 80088, 1704, 85164, 1812, 94282, 2006, 105280, 2240, 116231, 2473, 126853, 2699, 135172, 2876, 140577, 2991, 151998, 3234, 165910, 3530, 170845, 3635, 178976, 3808, 183065, 3895, 198481, 4223, 213944, 4552, 229736, 4888, 104, 7802, 166, 14993, 319, 25709, 547, 34686, 738, 44697, 951, 48739, 1037, 50619, 1077, 63779, 1357, 76657, 1631, 87561, 1863, 97854, 2082, 103870, 2210, 106361, 2263, 110591, 2353, 113787, 2421, 122952, 2616, 134279, 2857, 147533, 3139, 161069, 3427, 176579, 3757, 192700, 4100, 199891, 4253, 210607, 4481, 219584, 4672, 229595, 4885, 246844, 5252, 261931, 5573, 275091, 5853, 287969, 6127, 298873, 6359, 309166, 6578, 328389, 6987, 344087, 7321, 361524, 7692, 377927, 8041, 387092, 8236, 398419, 8477, 411673, 8759, 425209, 9047, 440719, 9377, 456840, 9720, 477238, 10154, 487954, 10382, 510138, 10854, 533356, 11348, 550605, 11715, 565692, 12036, 578852, 12316, 591730, 12590, 615841, 13103, 639341, 13603, 658564, 14012, 674262, 14346, 691699, 14717, 708102, 15066, 730474, 15542, 755008, 16064, 781469, 16627, 808212, 17196, 836929, 17807, 866257, 18431, 886655, 18865, 910578, 19374, 932762, 19846, 955980, 20340, 986436, 20988, 1014730, 21590, 1041097, 22151, 1067182, 22706, 1091293, 23219, 1114793, 23719, 1147223, 24409, 1176128, 25024, 1206772, 25676, 1236382, 26306, 1271961, 27063, 1309702, 27866, 1349370, 28710, 1389320, 29560, 1431244, 30452, 1473779, 31357, 1507384, 32072, 1544514, 32862, 1579905, 33615, 1616330, 34390, 1659993, 35319, 1701494, 36202, 1741068, 37044, 1780360, 37880, 1830885, 38955, 1880799, 40017, 1926436, 40988, 1968548, 41884, 2012399, 42817, 911, 48786, 1038, 50948, 1084, 52875, 1125, 66364, 1412, 68338, 1454, 82156, 1748, 86433, 1839, 89958, 1914, 101426, 2158, 115667, 2461, 122905, 2615, 133950, 2850, 145230, 3090, 158155, 3365, 169388, 3604, 181984, 3872, 190914, 4062, 200596, 4268, 215542, 4586, 227715, 4845, 233684, 4972, 249053, 5299, 264187, 5621, 277676, 5908, 292857, 6231, 306675, 6525, 324159, 6897, 340891, 7253, 352359, 7497, 366600, 7800, 387045, 8235, 398090, 8470, 409370, 8710, 422295, 8985, 433528, 9224, 446124, 9492, 468261, 9963, 491150, 10450, 506096, 10768, 518269, 11027, 537445, 11435, 552814, 11762, 567948, 12084, 581437, 12371, 596618, 12694, 610436, 12988, 627920, 13360, 644652, 13716, 669327, 14241, 303, 20445, 435, 24252, 516, 37694, 802, 39339, 837, 50854, 1082, 52217, 1111, 61758, 1314, 75717, 1611, 80981, 1723, 91415, 1945, 98418, 2094, 107818, 2294, 120790, 2570, 132352, 2816, 147251, 3133, 159095, 3385, 162761, 3463, 175216, 3728, 183159, 3897, 199139, 4237, 205343, 4369, 222357, 4731, 235799, 5017, 250651, 5333, 262166, 5578, 276736, 5888, 286277, 6091, 300236, 6388, 318707, 6781, 329141, 7003, 149, 9400, 200, 12972, 276, 24769, 527, 28106, 598, 38258, 814, 43287, 921, 52076, 1108, 60771, 1293, 68808, 1464, 72239, 1537, 83049, 1767, 92684, 1972, 107301, 2283, 117171, 2493, 120226, 2558, 128404, 2732, 132822, 2826, 137334, 2922, 142504, 3032, 152280, 3240, 167884, 3572, 76, 11797, 251, 16544, 352, 23359, 497, 31443, 669, 35203, 749, 48316, 1028, 60865, 1295, 69466, 1478, 76845, 1635, 88877, 1891, 93859, 1997, 102319, 2177, 108711, 2313, 113834, 2422, 123281, 2623, 136582, 2906, 150447, 3201, 155053, 3299, 160881, 3423, 175263, 3729, 183488, 3904, 188235, 4005, 195050, 4150, 203134, 4322, 220101, 4683, 233214, 4962, 245763, 5229, 254364, 5412, 261743, 5569, 273775, 5825, 291964, 6212, 300424, 6392, 136, 18330, 390, 22654, 482, 26508, 564]
47,1,9,[18, 8460, 180, 25098, 534, 32806, 698, 50384, 1072, 67492, 1436, 79900, 1700, 84976, 1808, 96068, 2044, 107818, 2294, 126148, 2684, 130942, 2786, 139214, 2962, 142598, 3034, 156604, 3332, 177660, 3780, 189880, 4040, 212910, 4530, 225036, 4788, 247126, 5258, 269686, 5738, 277112, 5896, 291870, 6210, 300612, 6396, 308696, 6568, 330034, 7022, 345074, 7342, 356636, 7588, 373086, 7938, 398748, 8484, 417360, 8880, 444808, 9464, 461446, 9818, 488988, 10404, 506566, 10778, 523674, 11142, 536082, 11406, 560992, 11936, 591918, 12594, 623502, 13266, 641832, 13656, 666460, 14180, 694566, 14778, 717784, 15272, 751624, 15992, 772680, 16440, 804734, 17122, 827764, 17612, 859724, 18292, 881814, 18762, 904374, 19242, 931634, 19822, 966226, 20558, 994802, 21166, 1022720, 21760, 1063892, 22636, 1098766, 23378, 1130162, 24046, 1166446, 24818, 1192108, 25364, 1230554, 26182, 1258002, 26766, 1294474, 27542, 586, 37412, 796, 56776, 1208, 71910, 1530, 84412, 1796, 90428, 1924, 110920, 2360, 117500, 2500, 123798, 2634, 127276, 2708, 142222, 3026, 152844, 3252, 159894, 3402, 170892, 3636, 181702, 3866, 190632, 4056, 200596, 4268, 220900, 4700, 100, 7332, 156, 13818, 294, 19176, 408, 33088, 704, 53204, 1132, 56024, 1192, 64390, 1370, 68714, 1462, 72286, 1538, 88172, 1876, 108194, 2302, 129908, 2764, 148708, 3164, 158202, 3366, 173806, 3698, 191008, 4064, 204356, 4348, 218832, 4656, 224754, 4782, 244306, 5198, 261320, 5560, 272788, 5804, 288298, 6134, 304560, 6480, 328342, 6986, 347988, 7404, 365942, 7786, 386810, 8230, 397150, 8450, 421214, 8962, 443680, 9440, 470000, 10000, 495192, 10536, 509104, 10832, 529220, 11260, 551874, 11742, 580074, 12342, 604232, 12856, 627638, 13354, 643524, 13692, 663546, 14118, 685260, 14580, 704060, 14980, 733388, 15604, 332, 17202, 366, 33182, 706, 34310, 730, 45590, 970, 59220, 1260, 76516, 1628, 90804, 1932, 94846, 2018, 115432, 2456, 122952, 2616, 138650, 2950, 156792, 3336, 179540, 3820, 188846, 4018, 202570, 4310, 220806, 4698, 244494, 5202, 263200, 5600, 271754, 5782, 277958, 5914, 300330, 6390, 325710, 6930, 341502, 7266, 360584, 7672, 372898, 7934, 396868, 8444, 418394, 8902, 435314, 9262, 445842, 9486, 471786, 10038, 493218, 10494, 509198, 10834, 530160, 11280, 240, 13630, 290, 17296, 368, 34122, 726, 43710, 930, 60254, 1282, 67022, 1426, 75200, 1600, 77644, 1652, 82250, 1750, 88642, 1886, 93060, 1980, 97572, 2076, 103024, 2192, 117876, 2508, 127558, 2714, 145042, 3086, 161210, 3430, 184052, 3916, 194298, 4134, 217422, 4626, 230488, 4904, 242144, 5152, 259534, 5522, 274762, 5846, 288204, 6132, 303620, 6460, 318942, 6786, 333324, 7092, 358140, 7620, 368292, 7836, 390476, 8308, 413976, 8808, 430802, 9166, 440390, 9370, 456934, 9722, 483536, 10288, 511548, 10884, 533826, 11358, 558266, 11878, 584492, 12436, 608744, 12952, 633090, 13470, 658376, 14008, 673228, 14324, 702744, 14952, 720228, 15324, 736396, 15668, 759238, 16154, 789318, 16794, 812442, 17286, 845342, 17986, 876832, 18656, 914056, 19448, 949118, 20194, 982394, 20902, 1017644, 21652, 1052800, 22400, 1087016, 23128, 1111832, 23656, 1141818, 24294, 1183836, 25188, 1227170, 26110, 1263830, 26890, 1293252, 27516, 1329630, 28290, 1376066, 29278, 1423912, 30296, 1466024, 31192, 1510298, 32134, 1556358, 33114, 1600444, 34052, 1644624, 34992, 1689744, 35952, 1744264, 37112, 1793614, 38162, 1850766, 39378, 1906602, 40566, 1949278, 41474, 1999192, 42536, 2042150, 43450, 2094884, 44572, 2146208, 45664, 2203266, 46878, 2258162, 48046, 2311272, 49176, 2366356, 50348, 2421346, 51518, 2475396, 52668, 2539880, 54040, 2609534, 55522, 2671386, 56838, 2734554, 58182, 2810882, 59806, 2879972, 61276, 2956018, 62894, 3022288, 64304, 3089968, 65744, 3171748, 67484, 3255690, 69270, 3341418, 71094, 3425172, 72876, 3509020, 74660, 3593808, 76464, 3687996, 78468, 3777014, 80362, 3873834, 82422, 3969338, 84454, 4071516, 86628, 4161098, 88534, 4263558, 90714, 4355960, 92680, 4466786, 95038, 4563512, 97096, 4677910, 99530, 4790522, 101926, 4905108, 104364, 5019600, 106800, 5133152, 109216, 5257138, 111854, 5386294, 114602, 5507648, 117184, 5630318, 119794, 5766148, 122684, 5894740, 125420, 6030288, 128304, 6175894, 131402, 6322910, 134530, 6464192, 137536, 6607636, 140588, 6752866, 143678, 6915956, 147148, 7079140, 150620, 7243264, 154112, 7416788, 157804, 7585142, 161386, 7761298, 165134, 7936138, 168854, 8117652, 172716, 8306404, 176732, 8488200, 180600, 8679772, 184676, 8869934, 188722, 9065830, 192890, 9259564, 197012, 9471346, 201518, 9685102, 206066, 9898764, 210612, 10111486, 215138, 10334642, 219886, 10562968, 224744, 10803326, 229858, 11045000, 235000, 5000, 247596, 5268, 254552, 5416, 264610, 5630, 285854, 6082, 299954, 6382, 321950, 6850, 343570, 7310, 361430, 7690, 381358, 8114, 402132, 8556, 411532, 8756, 426196, 9068, 453832, 9656, 472350, 10050, 498858, 10614, 525930, 11190, 538808, 11464, 568418, 12094, 586842, 12486, 612410, 13030, 630082, 13406, 648130, 13790, 669938, 14254, 689678, 14674, 708572, 15076, 738840, 15720, 763844, 16252, 795710, 16930, 816860, 17380, 849854, 18082, 882284, 18772, 909074, 19342, 938966, 19978, 960210, 20430, 994144, 21152, 1016140, 21620, 460, 37694, 802, 39762, 846]
47,1,16,[59, 11844, 252, 24863, 529, 34404, 732, 55413, 1179, 59596, 1268, 95410, 2030, 104199, 2217, 112424, 2392, 146358, 3114, 158484, 3372, 188141, 4003, 198152, 4216, 227151, 4833, 261273, 5559, 276595, 5885, 289990, 6170, 305923, 6509, 329705, 7015, 345732, 7356, 371112, 7896, 168, 28341, 603, 58233, 1239, 72239, 1537, 98559, 2097, 122435, 2605, 140060, 2980, 157309, 3347, 168166, 3578, 176250, 3750, 207787, 4421, 214461, 4563, 222028, 4724, 244776, 5208, 278522, 5926, 287452, 6116, 298074, 6342, 337460, 7180, 371676, 7908, 388596, 8268, 429157, 9131, 448051, 9533, 486873, 10359, 511501, 10883, 541910, 11530, 564705, 12015, 599250, 12750, 621763, 13229, 651514, 13862, 698420, 14860, 719288, 15304, 756371, 16093, 786733, 16739, 808729, 17207, 829691, 17653, 868372, 18476, 890603, 18949, 915560, 19480, 951562, 20246, 998844, 21252, 1026104, 21832, 1065960, 22680, 1108166, 23578, 1155025, 24575, 1210391, 25753, 1269188, 27004, 1315718, 27994, 1365491, 29053, 1399801, 29783, 1453616, 30928, 1486046, 31618, 1543198, 32834, 1597060, 33980, 1665586, 35438, 754, 37694, 802, 40749, 867, 57387, 1221, 93154, 1982, 101144, 2152, 131083, 2789, 145888, 3104, 150494, 3202, 158202, 3366, 183347, 3901, 83, 31020, 660, 33182, 706, 34639, 737, 59408, 1264, 92214, 1962, 120461, 2563, 141799, 3017, 151575, 3225, 176579, 3757, 213380, 4540, 238948, 5084, 250040, 5320, 262119, 5577, 290977, 6191, 322702, 6866, 332572, 7076, 359174, 7642, 387844, 8252, 416373, 8859, 442505, 9415, 463185, 9855, 497072, 10576, 508399, 10817, 524473, 11159, 550652, 11716, 572131, 12173, 259, 30456, 648, 58891, 1253, 83425, 1775, 112236, 2388, 143162, 3046, 174746, 3718, 182219, 3877, 203369, 4327, 209949, 4467, 215918, 4594, 246797, 5251, 277582, 5906, 306769, 6527, 344087, 7321, 378444, 8052, 397761, 8463, 408477, 8691, 449461, 9563, 475546, 10118, 495427, 10541, 515731, 10973, 543226, 11558, 587077, 12491, 626604, 13332, 663217, 14111, 685589, 14587, 712943, 15169, 754397, 16051, 788472, 16776, 838292, 17836, 873401, 18583, 905502, 19266, 957061, 20363, 986436, 20988, 1026950, 21850, 1080342, 22986, 1105581, 23523, 1146377, 24391, 1204563, 25629, 1240706, 26398, 1290385, 27455, 1323097, 28151, 1385043, 29469, 627, 42112, 896, 45261, 963, 63497, 1351, 91133, 1939, 102084, 2172, 111766, 2378, 135172, 2876, 144807, 3081, 167414, 3562, 198763, 4229, 237538, 5054, 261367, 5561, 278193, 5919, 317156, 6748, 344181, 7323, 380042, 8086, 389630, 8290, 411438, 8754, 429204, 9132, 448850, 9550, 465159, 9897, 495333, 10539, 514133, 10939, 551357, 11731, 584116, 12428, 611564, 13012, 654616, 13928, 680560, 14480, 698044, 14852, 316, 40702, 866, 56588, 1204, 79571, 1693, 82015, 1745, 88266, 1878, 123939, 2637, 130331, 2773]
47,1,27,[64, 24628, 524, 34028, 724, 58844, 1252, 98136, 2088, 125584, 2672, 178976, 3808, 184052, 3916, 206988, 4404, 253236, 5388, 296664, 6312, 320728, 6824, 338964, 7212, 372804, 7932, 426384, 9072, 436724, 9292, 487860, 10380, 548960, 11680, 591072, 12576, 637884, 13572, 697104, 14832, 746172, 15876, 808964, 17212, 838856, 17848, 901084, 19172, 974780, 20740, 1012004, 21532, 1041144, 22152, 1082316, 23028, 1162404, 24732, 1199816, 25528, 1234220, 26260, 1303592, 27736, 1338936, 28488, 1375032, 29256, 1432184, 30472, 1482944, 31552, 1533516, 32628, 1578824, 33592, 1655528, 35224, 1717380, 36540, 1780548, 37884, 1820968, 38744, 1880000, 40000, 1923804, 40932, 2017992, 42936, 2092628, 44524, 2156172, 45876, 2207120, 46960, 2262956, 48148, 2336464, 49712, 2428020, 51660, 2488556, 52948, 2574472, 54776, 2655876, 56508, 2730136, 58088, 2842748, 60484, 2956488, 62904, 3042216, 64728, 3118356, 66348, 3224012, 68596, 3321772, 70676, 3436828, 73124, 3559404, 75732, 3654156, 77748, 3744584, 79672, 3833132, 81556, 3928636, 83588, 4040120, 85960, 4181872, 88976, 4277188, 91004, 4383408, 93264, 4496960, 95680, 4637020, 98660, 4744556, 100948, 4894956, 104148, 5053628, 107524, 5205532, 110756, 5346720, 113760, 5485840, 116720, 5626652, 119716, 5755244, 122452, 5899252, 125516, 6057736, 128888, 6204376, 132008, 6376960, 135680, 6560824, 139592, 6702952, 142616, 6868392, 146136, 7031012, 149596, 7233864, 153912, 7430888, 158104, 7643516, 162628, 7816288, 166304, 8005416, 170328, 3624, 180292, 3836, 220900, 4700, 100, 12408, 264, 49444, 1052, 73320, 1560, 86292, 1836, 91932, 1956, 130660, 2780, 142316, 3028, 170704, 3632, 190820, 4060, 217704, 4632, 255304, 5432, 294972, 6276, 332948, 7084, 383144, 8152, 417924, 8892, 438228, 9324, 470376, 10008, 536176, 11408, 590696, 12568, 627356, 13348, 284, 16168, 344, 35532, 756, 41360, 880, 85352, 1816, 125208, 2664, 168448, 3584, 187248, 3984, 236880, 5040, 255868, 5444, 310764, 6612, 357952, 7616, 368104, 7832, 413976, 8808, 446876, 9508, 474136, 10088, 522264, 11112, 558736, 11888, 626416, 13328, 673980, 14340, 694660, 14780, 737336, 15688, 799940, 17020, 824568, 17544, 858596, 18268, 917440, 19520, 955980, 20340, 1021968, 21744, 1081752, 23016, 1146612, 24396, 1174812, 24996, 1249260, 26580, 1307540, 27820, 1389884, 29572, 1430868, 30444, 1505692, 32036, 1574500, 33500, 1653648, 35184, 1724336, 36688, 1796528, 38224, 1851236, 39388, 1893160, 40280, 1934708, 41164, 2025324, 43092, 2119136, 45088, 2183244, 46452, 2249984, 47872, 2330824, 49592, 2389292, 50836, 2476900, 52700, 2546084, 54172, 2635760, 56080, 2703252, 57516, 2805148, 59684, 2916820, 62060, 3004240, 63920, 1360, 121072, 2576, 171832, 3656, 222404, 4732, 267712, 5696, 284820, 6060, 346672, 7376, 409840, 8720, 450260, 9580, 509292, 10836, 553096, 11768, 587688, 12504, 602728, 12824, 666272, 14176, 717220, 15260, 773056, 16448, 846564, 18012, 878524, 18692, 939060, 19980, 965380, 20540, 987188, 21004, 1061448, 22584, 1114464, 23712, 1168608, 24864, 1194740, 25420, 1270880, 27040, 1316940, 28020, 1355104, 28832, 1410564, 30012, 1473544, 31352, 1508700, 32100, 1599128, 34024, 1687676, 35908, 764, 51888, 1104, 82156, 1748, 95316, 2028, 106220, 2260, 113552, 2416, 140060, 2980, 167132, 3556, 209996, 4468, 218268, 4644, 271096, 5768, 319976, 6808, 377504, 8032, 438792, 9336, 486168, 10344, 501584, 10672, 516060, 10980, 563812, 11996, 589756, 12548, 660632, 14056, 678492, 14436, 701804, 14932, 758580, 16140, 798812, 16996, 852580, 18140, 927780, 19740, 420, 75952, 1616, 100392, 2136, 129156, 2748, 159800, 3400, 183488, 3904, 191196, 4068, 228232, 4856, 252108, 5364, 265080, 5640, 120, 38728, 824, 71252, 1516, 87984, 1872, 139308, 2964, 146076, 3108, 156792, 3336, 218456, 4648, 276360, 5880, 288580, 6140, 332760, 7080, 377880, 8040, 389724, 8292, 423376, 9008, 471692, 10036, 513428, 10924, 549712, 11696, 612128, 13024, 631492, 13436, 696916, 14828, 740908, 15764, 780764, 16612, 824004, 17532, 842804, 17932, 892436, 18988, 404, 54896, 1168, 106784, 2272, 129344, 2752, 165064, 3512, 211688, 4504, 265644, 5652, 286512, 6096, 334452, 7116, 365660, 7780, 405140, 8620, 437852, 9316, 459848, 9784, 479776, 10208, 501396, 10668, 570392, 12136, 595208, 12664, 634500, 13500, 661948, 14084, 715340, 15220, 780012, 16596, 802948, 17084, 849196, 18068, 892624, 18992, 916688, 19504, 994520, 21160, 1028360, 21880, 1081940, 23020, 1151876, 24508, 1203012, 25596, 1264112, 26896, 1306224, 27792, 1353036, 28788, 1412256, 30048, 1461324, 31092, 1524116, 32428, 1613604, 34332, 1675832, 35656, 1749528, 37224, 792, 88736, 1888, 100768, 2144, 139684, 2972, 156604, 3332, 213192, 4536, 248160, 5280, 273728, 5824, 334076, 7108, 355132, 7556, 408336, 8688, 467744, 9952, 522076, 11108, 553472, 11776, 598216, 12728, 659128, 14024, 695976, 14808, 714588, 15204, 758956, 16148, 809340, 17220, 849384, 18072, 897888, 19104, 944888, 20104, 1009372, 21476, 1086640, 23120, 1164284, 24772, 1192860, 25380, 540, 55084, 1172, 112048, 2384, 157544, 3352, 179916, 3828, 210372, 4476, 228796, 4868, 267900, 5700, 290084, 6172, 315276, 6708, 365096, 7768, 389348, 8284, 412848, 8784, 474888, 10104, 543320, 11560, 611940, 13020, 626228, 13324, 668716, 14228, 726056, 15448, 782080, 16640, 801256, 17048, 861416, 18328, 936804, 19932, 961808, 20464, 1006364, 21412, 1062012, 22596, 1130256, 24048, 1193612, 25396, 1239296, 26368, 1266932, 26956, 1325588, 28204, 1358864, 28912, 1396652, 29716, 1441584, 30672, 1507760, 32080, 1572808, 33464, 712, 43052, 916, 73132, 1556, 81028, 1724, 123328, 2624, 175404, 3732, 203228, 4324, 92, 61476, 1308, 112236, 2388, 162808, 3464, 208116, 4428, 225224, 4792, 287076, 6108, 350244, 7452, 390664, 8312, 449696, 9568, 493500, 10500, 528092, 11236, 543132, 11556, 606676, 12908, 657624, 13992, 713460, 15180, 786968, 16744, 818928, 17424, 879464, 18712, 905784, 19272, 927592, 19736, 1001852, 21316, 1054868, 22444, 1109012, 23596, 1135144, 24152, 1211284, 25772, 1257344, 26752, 1295508, 27564, 1350968, 28744, 1413948, 30084, 1449104, 30832, 656, 88548, 1884, 95504, 2032, 111484, 2372, 141752, 3016, 154912, 3296, 165816, 3528, 173148, 3684, 199656, 4248, 226728, 4824, 269592, 5736, 277864, 5912, 330692, 7036, 379572, 8076, 437100, 9300, 498388, 10604, 545764, 11612, 561180, 11940, 575656, 12248, 623408, 13264, 649352, 13816, 720228, 15324, 738088, 15704, 761400, 16200, 818176, 17408, 858408, 18264, 912176, 19408, 987376, 21008, 1066712, 22696, 1142664, 24312, 1183460, 25180, 1253020, 26660, 1293628, 27524, 1357924, 28892, 1429928, 30424, 1479372, 31476, 1552692, 33036, 1638984, 34872, 1730916, 36828, 1801980, 38340, 1884700, 40100, 1936212, 41196, 2007840, 42720, 2106352, 44816, 2182868, 46444, 2239456, 47648, 2334020, 49660, 2419184, 51472, 2479532, 52756, 2560184, 54472, 2672984, 56872, 2732392, 58136, 2846320, 60560, 2937312, 62496, 3041652, 64716, 3162160, 67280, 3258604, 69332, 3336812, 70996, 3440776, 73208, 3550756, 75548, 3650396, 77668, 3758496, 79968, 3865092, 82236, 3989172, 84876, 4126036, 87788, 4263276, 90708, 4411044, 93852, 4555616, 96928, 4670296, 99368, 4782344, 101752, 4939888, 105104, 5060208, 107664, 5210984, 110872, 5380184, 114472, 5528892, 117636, 5699784, 121272, 5836272, 124176, 5962984, 126872, 6113948, 130084, 6288412, 133796, 6465320, 137560, 6651064, 141512, 6845832, 145656, 6995292, 148836, 7187240, 152920, 7376932, 156956, 7563052, 160916, 7768348, 165284, 7974208, 169664, 8195860, 174380, 8382920, 178360, 8614536, 183288, 8842204, 188132, 9078520, 193160, 9318596, 198268, 9544760, 203080, 9798560, 208480, 10051420, 213860, 10277960, 218680, 10542288, 224304, 10791952, 229616, 11048196, 235068, 11309892, 240636, 11605052, 246916, 11883668, 252844, 12175820, 259060, 12489404, 265732, 12807124, 272492, 13121460, 279180, 5940, 307944, 6552, 338588, 7204, 362276, 7708, 164, 37036, 788, 83472, 1776, 132164, 2812, 184428, 3924, 217516, 4628, 250040, 5320, 266772, 5676, 318096, 6768, 144, 10716, 228, 61664, 1312, 117500, 2500, 131412, 2796, 163372, 3476, 223908, 4764, 250228, 5324, 272036, 5788, 286700, 6100, 339716, 7228, 393860, 8380, 419992, 8936, 436536, 9288, 482596, 10268, 520760, 11080, 576220, 12260, 639200, 13600, 674356, 14348, 705188, 15004, 734140, 15620, 770048, 16384, 821936, 17488, 844496, 17968, 880216, 18728, 926840, 19720, 980796, 20868, 444, 47940, 1020, 90804, 1932, 99076, 2108, 151904, 3232, 200784, 4272, 258312, 5496, 319600, 6800, 366976, 7808, 382392, 8136, 396868, 8444, 444620, 9460, 470564, 10012, 481844, 10252, 499704, 10632, 523016, 11128, 579792, 12336, 620024, 13192, 673792, 14336, 689396, 14668, 709136, 15088, 725492, 15436, 766288, 16304, 835848, 17784, 876456, 18648, 940752, 20016, 1012756, 21548, 1062200, 22600, 1135520, 24160, 1162216, 24728, 1194552, 25416, 1265616, 26928, 1348336, 28688, 1399848, 29784, 1471476, 31308, 1510392, 32136, 1586908, 33764, 1643496, 34968, 744, 85164, 1812, 119944, 2552, 140248, 2984, 172396, 3668, 178600, 3800, 233120, 4960, 269780, 5740, 283128, 6024, 299296, 6368, 334828, 7124, 376188, 8004, 401944, 8552, 467556, 9948, 516812, 10996, 584868, 12444, 642960, 13680, 660444, 14052, 732824, 15592, 792796, 16868, 862920, 18360, 919320, 19560, 949024, 20192, 1005988, 21404, 1051484, 22372, 476, 30456, 648, 78020, 1660, 98700, 2100, 141376, 3008]
47,1,34,[97, 9447, 201, 30409, 647, 88548, 1884, 96820, 2060, 161163, 3429, 236457, 5031, 244682, 5206, 307380, 6540, 325099, 6917, 344792, 7336, 358516, 7628, 388502, 8266, 462245, 9835, 491244, 10452, 530442, 11286, 551310, 11730, 606159, 12897, 649399, 13817, 736678, 15674, 789083, 16789, 821842, 17486, 842522, 17926, 890791, 18953, 928908, 19764, 987000, 21000, 1068686, 22738, 1150513, 24479, 1237275, 26325, 1271585, 27055, 1346550, 28650, 1418319, 30177, 1453287, 30921, 1551282, 33006, 1603452, 34116, 1703045, 36235, 1811145, 38535, 1916754, 40782, 2010237, 42771, 2054605, 43715, 2106305, 44815, 2189448, 46584, 2247211, 47813, 2317382, 49306, 2371479, 50457, 2463458, 52414, 2530245, 53835, 2616020, 55660, 2690844, 57252, 2757678, 58674, 2845098, 60534, 2977497, 63351, 3107922, 66126, 3244316, 69028, 3364448, 71584, 3440823, 73209, 3561942, 75786, 3672862, 78146, 3802112, 80896, 3897381, 82923, 4004259, 85197, 4142157, 88131, 4239870, 90210, 4357229, 92707, 4486667, 95461, 4588516, 97628, 4700517, 100011, 4867602, 103566, 5011093, 106619, 5154443, 109669, 5292858, 112614, 5408666, 115078, 5558878, 118274, 5712286, 121538, 5902495, 125585, 6029677, 128291, 6202684, 131972, 6403327, 136241, 6595463, 140329, 6790090, 144470, 6996843, 148869, 7177652, 152716, 7351129, 156407, 7568222, 161026, 7735636, 164588, 7965701, 169483, 8136781, 173123, 8345038, 177554, 8578487, 182521, 8792948, 187084, 9018360, 191880, 9251762, 196846, 9464578, 201374, 9707474, 206542, 9952344, 211752, 10191245, 216835, 10446408, 222264, 10670269, 227027, 10924445, 232435, 11188820, 238060, 11434865, 243295, 11714891, 249253, 11983308, 254964, 12295764, 261612, 12573346, 267518, 12906341, 274603, 13227257, 281431, 13575762, 288846, 13914115, 296045, 14272443, 303669, 14579306, 310198, 14961369, 318327, 15348367, 326561, 15682913, 333679, 16058114, 341662, 16430119, 349577, 16840382, 358306, 17238613, 366779, 17666078, 375874, 18065907, 384381, 18474243, 393069, 18880088, 401704, 19348866, 411678, 19768529, 420607, 20195524, 429692, 20653962, 439446, 21162079, 450257, 21682604, 461332, 22187055, 472065, 22729388, 483604, 23246529, 494607, 23782658, 506014, 24307836, 517188, 11004, 537774, 11442, 582753, 12399, 655838, 13954, 736866, 15678, 795663, 16929, 826965, 17595, 871709, 18547, 936569, 19927, 1029958, 21914, 1071036, 22788, 1157704, 24632, 1188724, 25292, 1223598, 26034, 1318303, 28049, 1405441, 29903, 1452911, 30913, 1538122, 32726, 1593206, 33898, 1644671, 34993, 1719589, 36587, 1789713, 38079, 1842165, 39195, 1951628, 41524, 2029883, 43189, 2141743, 45569, 2228834, 47422, 2349718, 49994, 2452413, 52179, 2518965, 53595, 2596515, 55245, 2683700, 57100, 2807874, 59742, 2875601, 61183, 2994276, 63708, 3094715, 65845, 3232425, 68775, 3323558, 70714, 3435794, 73102, 3536045, 75235, 3667175, 78025, 3753185, 79855, 3836234, 81622, 3965766, 84378, 4070905, 86615, 4222997, 89851, 4367146, 92918, 4533526, 96458, 4652342, 98986, 4757716, 101228, 4918033, 104639, 5049821, 107443, 5158861, 109763, 5297370, 112710, 5416468, 115244, 2452, 130472, 2776, 138039, 2937, 177707, 3781, 215025, 4575, 245152, 5216, 323830, 6890, 375436, 7988, 455289, 9687, 472961, 10063, 491009, 10447, 522217, 11111, 563671, 11993, 588440, 12520, 629706, 13398, 647895, 13785, 684038, 14554, 748099, 15917, 813523, 17309, 851593, 18119, 908040, 19320, 932151, 19833, 1025446, 21818, 1063234, 22622, 1109811, 23613, 1163767, 24761, 1250811, 26613, 1294991, 27553, 1340111, 28513, 1418131, 30173, 1521766, 32378, 1621218, 34494, 1724383, 36689, 1807385, 38455, 1860213, 39579, 1907777, 40591, 1996278, 42474, 2091453, 44499, 2195041, 46703, 2292848, 48784, 2413497, 51351, 2507967, 53361, 2586880, 55040, 2646711, 56313, 2714203, 57749, 2824653, 60099, 2937453, 62499, 3057444, 65052, 3128884, 66572, 3227396, 68668, 3297661, 70163, 3430107, 72981, 3562177, 75791, 3681087, 78321, 3789751, 80633, 3915100, 83300, 4023952, 85616, 4155881, 88423, 4269856, 90848, 4430972, 94276, 4590725, 97675, 4702773, 100059, 4871503, 103649, 4997510, 106330, 5129392, 109136, 5241722, 111526, 5420322, 115326, 5591543, 118969, 5729676, 121908, 5910673, 125759, 6090730, 129590, 6237887, 132721, 6434488, 136904, 6635272, 141176, 6832343, 145369, 7049577, 149991, 7221926, 153658, 7399539, 157437, 7611274, 161942, 7816335, 166305, 8012983, 170489, 8215412, 174796, 8394999, 178617, 8600765, 182995, 8822088, 187704, 9062493, 192819, 9295237, 197771, 9560082, 203406, 9822577, 208991, 10077881, 214423, 10306677, 219291, 10583460, 225180, 10813431, 230073, 11056280, 235240, 11299505, 240415, 11555890, 245870, 11822521, 251543, 12147526, 258458, 12413969, 264127, 12732394, 270902, 13068773, 278059, 13358011, 284213, 13648612, 290396, 13986918, 297594, 14343601, 305183, 14667948, 312084, 14986420, 318860, 15324444, 326052, 15671257, 333431, 16025449, 340967, 16412729, 349207, 16832204, 358132, 17252619, 367077, 17630875, 375125, 18034746, 383718, 18434434, 392222, 18837835, 400805, 19296132, 410556, 19724255, 419665, 20147114, 428662, 20610910, 438530, 21081380, 448540, 21560263, 458729, 22033365, 468795, 22529309, 479347, 23074133, 490939, 23603400, 502200, 24113585, 513055, 24631431, 524073, 25192235, 536005, 25755389, 547987, 26325734, 560122, 26922587, 572821, 27546512, 586096, 28142190, 598770, 28800049, 612767, 29457532, 626756, 30101855, 640465, 30810991, 655553, 31536812, 670996, 32246136, 686088, 32978537, 701671, 33692984, 716872, 34454572, 733076, 35214797, 749251, 36002376, 766008, 36771578, 782374, 37573116, 799428, 38380529, 816607, 39243449, 834967, 40097580, 853140, 41019391, 872753, 41908114, 891662, 42839701, 911483, 43770348, 931284, 44743154, 951982, 45765404, 973732, 46791837, 995571, 47814557, 1017331, 48857440, 1039520, 49930497, 1062351, 51008818, 1085294, 52121261, 1108963, 53302089, 1134087, 54474504, 1159032, 55652700, 1184100, 56883113, 1210279, 58139705, 1237015, 59411854, 1264082, 60703085, 1291555, 62061714, 1320462, 63452444, 1350052, 64840824, 1379592, 66222013, 1408979, 67651753, 1439399, 69129480, 1470840, 70635454, 1502882, 72154306, 1535198, 73748593, 1569119, 75356040, 1603320, 76973733, 1637739, 78649800, 1673400, 80342364, 1709412, 82086910, 1746530, 83849410, 1784030, 85639828, 1822124, 87506668, 1861844, 89421213, 1902579, 91354135, 1943705, 93329780, 1985740, 95374609, 2029247, 97438990, 2073170, 44110, 2155608, 45864, 2263755, 48165, 2371009, 50447, 2447008, 52064, 2554967, 54361, 2655641, 56503, 2726517, 58011, 2805289, 59687, 2935244, 62452, 3055188, 65004, 3124983, 66489, 3240979, 68957, 3322712, 70696, 3406184, 72472, 3550521, 75543, 3648422, 77626, 3772361, 80263, 3906922, 83126, 4037958, 85914, 4195737, 89271, 4313754, 91782, 4466222, 95026, 4623531, 98373, 4725098, 100534, 4827229, 102707, 4949100, 105300, 5086340, 108220, 5236082, 111406, 5373040, 114320, 5512912, 117296, 5679715, 120845, 5813336, 123688, 5986531, 127373, 6118695, 130185, 6315954, 134382, 6464709, 137547, 6642181, 141323, 6848981, 145723, 7031435, 149605, 7187428, 152924, 7393053, 157299, 7609441, 161903, 7827239, 166537, 8019328, 170624, 8212310, 174730, 8436547, 179501, 8628824, 183592, 8828386, 187838, 9057746, 192718, 9279210, 197430, 9524550, 202650, 9779901, 208083, 10010342, 212986, 10269641, 218503, 4649, 291823, 6209, 306017, 6511, 352453, 7499, 401474, 8542, 465911, 9913, 544495, 11585, 592811, 12613, 632573, 13459, 673181, 14323, 743399, 15817, 799141, 17003, 873636, 18588, 928955, 19765, 988645, 21035, 1051202, 22366, 1139045, 24235, 1211190, 25770, 1259318, 26794, 1292500, 27500, 1327985, 28255, 1369016, 29128, 1454039, 30937, 1502543, 31969, 1548885, 32955, 1594616, 33928, 1694021, 36043, 1795541, 38203, 1896027, 40341, 1960323, 41709, 2033972, 43276, 2134740, 45420, 2208906, 46998, 2327769, 49527, 2434788, 51804, 2502562, 53246, 2622882, 55806, 2705837, 57571, 2832079, 60257, 2897127, 61641, 2997096, 63768, 3118356, 66348, 3234211, 68813, 3311009, 70447, 3446933, 73339, 3550615, 75545, 3651712, 77696, 3737393, 79519, 3883986, 82638, 3985788, 84804, 4096144, 87152, 4205654, 89482, 4360613, 92779, 4454989, 94787, 4605671, 97993, 4775529, 101607, 4941016, 105128, 5103636, 108588, 5240970, 111510, 5394002, 114766, 5571051, 118533, 5763046, 122618, 5952738, 126654, 6136884, 130572, 6277038, 133554, 6453711, 137313, 6632546, 141118, 6811992, 144936, 7012823, 149209, 7211539, 153437, 7411289, 157687, 7572170, 161110, 7798757, 165931, 7998225, 170175, 8224295, 174985, 8405668, 178844, 8598885, 182955, 8831347, 187901, 9086322, 193326, 9303603, 197949, 9552656, 203248, 9787844, 208252, 10063170, 214110, 10317205, 219515, 10576645, 225035, 10875142, 231386, 11114513, 236479, 11386126, 242258, 11660324, 248092, 11949938, 254254, 12253699, 260717, 12527192, 266536, 12867190, 273770, 13208034, 281022, 13503429, 287307, 13859407, 294881, 14159079, 301257, 14514634, 308822, 14874560, 316480, 15237353, 324199, 15625432, 332456, 15997813, 340379, 16346177, 347791, 16754654, 356482, 17165434, 365222, 17581760, 374080, 17967019, 382277, 18390818, 391294, 18812455, 400265, 19233481, 409223, 19708181, 419323, 20184996, 429468, 20660777, 439591, 9353, 199, 27119, 577, 48457, 1031, 119756, 2548, 138274, 2942, 185932, 3956, 202664, 4312, 262871, 5593, 119, 45637, 971, 96115, 2045, 136488, 2904, 198481, 4223, 266584, 5672, 323360, 6880, 358986, 7638, 404952, 8616, 437523, 9309, 451623, 9609, 494769, 10527, 578758, 12314, 262, 55695, 1185, 72850, 1550, 147862, 3146, 221276, 4708, 238760, 5080, 250228, 5324, 276313, 5879, 288580, 6140, 342630, 7290, 357905, 7615, 367117, 7811, 389301, 8283, 415151, 8833, 494252, 10516, 560663, 11929, 633278, 13474, 697856, 14848, 781375, 16625, 852298, 18134, 932715, 19845, 970127, 20641, 1003544, 21352, 1047254, 22282, 1075924, 22892, 1103607, 23481, 1171804, 24932, 1231870, 26210, 1307587, 27821, 1405676, 29908, 1461136, 31088, 1525761, 32463, 1610925, 34275, 1664364, 35412, 1733313, 36879, 1819699, 38717, 1915908, 40764, 1980627, 42141, 2069081, 44023, 2162611, 46013, 979, 109275, 2325, 146734, 3122, 181796, 3868, 208022, 4426, 225224, 4792, 301881, 6423, 357811, 7613, 438886, 9338, 499328, 10624, 513146, 10918, 546422, 11626, 585197, 12451, 666319, 14177, 728406, 15498, 799799, 17017, 821607, 17481, 909356, 19348, 978211, 20813, 1061307, 22581, 1117425, 23775, 1205080, 25640, 1270645, 27035, 1313650, 27950, 1392704, 29632, 1457470, 31010, 1547569, 32927, 1623615, 34545, 735, 83190, 1770, 134467, 2861, 202805, 4315, 267806, 5698, 291071, 6193, 354756, 7548, 407020, 8660, 434844, 9252, 507976, 10808, 590649, 12567, 631962, 13446, 651796, 13868, 670455, 14265, 723048, 15384, 762387, 16221, 788190, 16770, 865646, 18418, 949541, 20203, 1033624, 21992, 1124287, 23921, 1220073, 25959, 1269987, 27021, 1365679, 29057, 1412303, 30049, 1467904, 31232, 1537464, 32712, 696, 94094, 2002, 140812, 2996, 199703, 4249, 234295, 4985, 244071, 5193, 285995, 6085, 327214, 6962, 343758, 7314, 397385, 8455, 472914, 10062, 489364, 10412, 539701, 11483, 575139, 12237, 614525, 13075, 641973, 13659, 701945, 14935, 774372, 16476, 832370, 17710, 910766, 19378, 952502, 20266, 987141, 21003, 1073621, 22843, 1098061, 23363, 1127812, 23996, 1193330, 25390, 1234690, 26270, 1331228, 28324, 1407462, 29946, 1448587, 30821, 1536900, 32700, 1625495, 34585, 1723960, 36680, 1792580, 38140, 1867451, 39733, 1935930, 41190, 2005866, 42678, 2051738, 43654, 2156078, 45874, 2205146, 46918, 2271228, 48324, 2332328, 49624, 2444235, 52005, 2532971, 53893, 2636371, 56093, 2727598, 58034, 2843124, 60492, 2908407, 61881, 3016601, 64183, 3125500, 66500, 3259074, 69342, 3355565, 71395, 3430154, 72982, 3563822, 75826, 3663603, 77949, 3778283, 80389, 3889015, 82745, 4011685, 85355, 4101831, 87273, 4254581, 90523, 4346701, 92483, 4493482, 95606, 4601864, 97912, 4717343, 100369, 4856040, 103320, 4981718, 105994, 5102085, 108555, 5261744, 111952, 5445561, 115863, 5574200, 118600, 5723143, 121769, 5907195, 125685, 6044059, 128597, 6180641, 131503, 6382412, 135796, 6538969, 139127, 6689275, 142325, 6845973, 145659, 7001214, 148962, 7180519, 152777, 7376415, 156945, 7552524, 160692, 7786678, 165674, 8025814, 170762, 8214143, 174769, 8425643, 179269, 8622479, 183457, 8831488, 187904, 9091257, 193431, 9326210, 198430, 9593311, 204113, 9859707, 209781, 10101428, 214924, 10380232, 220856, 10605879, 225657, 10847506, 230798, 11123020, 236660, 11383635, 242205, 11648198, 247834, 11900823, 253209, 12185972, 259276, 12483576, 265608, 12766751, 271633, 13070324, 278092, 13412296, 285368, 13747171, 292493, 14058828, 299124, 14383504, 306032, 14713491, 313053, 15079245, 320835, 15420841, 328103, 15817615, 336545, 16194085, 344555, 16610505, 353415, 16999054, 361682, 17387885, 369955, 17786586, 378438, 18230501, 387883, 18680667, 397461, 19124441, 406903, 19569672, 416376, 19990839, 425337, 20470474, 435542, 20969896, 446168, 21486332, 457156, 21997786, 468038, 22484988, 478404, 23024078, 489874, 23577832, 501656, 24119413, 513179, 24685293, 525219, 25275989, 537787, 25834537, 549671, 26393790, 561570, 26977718, 573994, 27599622, 587226, 28199624, 599992, 28858705, 614015, 29483899, 627317, 30123992, 640936, 30835196, 656068, 31558338, 671454, 32248956, 686148, 33002178, 702174, 33769829, 718507, 34517082, 734406, 35300995, 751085, 36092005, 767915, 36906233, 785239, 37707442, 802286, 38578399, 820817, 39413589, 838587, 40272937, 856871, 41152166, 875578, 42051699, 894717, 42986341, 914603, 43948854, 935082, 44911085, 955555, 45938505, 977415, 46920711, 998313, 47971725, 1020675, 49029131, 1043173, 50085080, 1065640, 51165093, 1088619, 52261697, 1111951, 53413573, 1136459, 54623494, 1162202, 55838397, 1188051, 57077552, 1214416, 58339878, 1241274, 59587540, 1267820, 60922434, 1296222, 62233029, 1324107, 63593867, 1353061, 64986853, 1382699, 66379134, 1412322, 67821799, 1443017, 69301547, 1474501, 70803197, 1506451, 72320827, 1538741, 73872344, 1571752, 75484021, 1606043, 77099646, 1640418, 78778392, 1676136, 80489662, 1712546, 82213387, 1749221, 83997742, 1787186, 85802495, 1825585, 87645647, 1864801, 89556761, 1905463, 91519716, 1947228, 93495690, 1989270, 95552034, 2033022, 97644145, 2077535, 99787157, 2123131, 45173, 2177886, 46338, 2292895, 48785, 2415142, 51386, 2490483, 52989, 2575412, 54796, 2695685, 57355, 2776995, 59085, 2845662, 60546, 2922178, 62174, 3048232, 64856, 3181759, 67697, 3276605, 69715, 3368678, 71674, 3513814, 74762, 3639680, 77440, 3766627, 80141, 3856350, 82050, 3994295, 84985, 4093653, 87099, 4193528, 89224, 4311498, 91734, 4462321, 94943, 4562055, 97065, 4675090, 99470, 4803306, 102198, 4937444, 105052, 5053675, 107525, 5218692, 111036, 5364862, 114146, 5526918, 117594, 2502, 137663, 2929, 164547, 3501, 204779, 4357, 261837, 5571, 307333, 6539, 323454, 6882, 362276, 7708, 164, 44603, 949, 59925, 1275, 70782, 1506, 75482, 1606, 89864, 1912, 142880, 3040, 197024, 4192, 215589, 4587, 264892, 5636, 339199, 7217, 387938, 8254, 442505, 9415, 475875, 10125, 517940, 11020, 564094, 12002, 603245, 12835, 622468, 13244, 694801, 14783, 749509, 15947, 787814, 16762, 852486, 18138, 939295, 19985, 975250, 20750, 1032731, 21973, 1093032, 23256, 1176974, 25042, 1262702, 26866, 1335881, 28423, 1420199, 30217, 1519087, 32321, 1602512, 34096, 1670145, 35535, 1710471, 36393, 1770819, 37677, 1856406, 39498, 1924650, 40950, 1986361, 42263, 2044594, 43502, 2131215, 45345, 2235649, 47567, 2288007, 48681, 2394180, 50940, 2507403, 53349, 2567140, 54620, 2631342, 55986, 2701701, 57483, 2762378, 58774, 2859480, 60840, 2955454, 62882, 3087007, 65681, 3187822, 67826, 3263633, 69439, 3365012, 71596, 3460563, 73629, 3577311, 76113, 3685364, 78412, 3789328, 80624, 3900295, 82985, 4031190, 85770, 4184034, 89022, 4279444, 91052, 4391257, 93431, 4551762, 96846, 4690130, 99790, 4804293, 102219, 4971989, 105787, 5136865, 109295, 5278100, 112300, 5417549, 115267, 5569547, 118501, 5710406, 121498, 5836695, 124185, 5978447, 127201, 6135991, 130553, 6320842, 134486, 6485671, 137993, 6625261, 140963, 6782194, 144302, 6945660, 147780, 7112604, 151332, 7326219, 155877, 7522021, 160043, 7694840, 163720, 7888903, 167849, 8075916, 171828, 8316415, 176945, 8552449, 181967, 8782326, 186858, 9021885, 191955, 9225019, 196277, 9429281, 200623, 9673023, 205809, 9947503, 211649, 10171928, 216424, 10445844, 222252, 10725588, 228204, 10984135, 233705, 11251377, 239391, 11522708, 245164, 11787036, 250788, 12106495, 257585, 12404005, 263915, 12683890, 269870, 13022431, 277073, 13312280, 283240, 13624266, 289878, 13960457, 297031, 14318174, 304642, 14678711, 312313, 15062889, 320487, 15448853, 328699, 15822268, 336644, 16206822, 344826, 16605946, 353318, 16989607, 361481, 17357476, 369308, 17773097, 378151, 18208740, 387420, 18669622, 397226, 19113161, 406663, 19550167, 415961, 19983695, 425185, 20445611, 435013, 20925340, 445220, 21428052, 455916, 21909520, 466160, 22398038, 476554, 22908129, 487407, 23422685, 498355, 23943398, 509434, 24454429, 520307, 25001885, 531955, 25548213, 543579, 26130120, 555960, 26756348, 569284, 27357572, 582076, 27984364, 595412, 28605328, 608624, 29247489, 622287, 29880955, 635765, 30585391, 650753, 31296830, 665890, 32028197, 681451, 32781513, 697479, 33552454, 713882, 34339798, 730634, 35100775, 746825, 35914674, 764142, 36704368, 780944, 37547595, 798885, 38388002, 816766, 17378, 890039, 18937, 977647, 20801, 1041567, 22161, 1102056, 23448, 1192578, 25374, 1283429, 27307, 581, 55037, 1171, 124879, 2657, 167461, 3563, 231710, 4930, 303714, 6462, 346907, 7381, 357482, 7606, 427371, 9093, 471598, 10034, 518363, 11029, 578899, 12317, 596007, 12681, 669374, 14242, 685213, 14579, 714165, 15195, 751718, 15994, 790070, 16810, 856387, 18221, 925712, 19696, 950199, 20217, 981595, 20885, 1029629, 21907, 1059521, 22543, 1129974, 24042, 1193941, 25403, 1256075, 26725, 1329113, 28279, 1408496, 29968, 1484777, 31591, 1527547, 32501, 1598376, 34008, 1675503, 35649, 1747883, 37189, 1804236, 38388, 1900116, 40428, 1953320, 41560, 2014044, 42852, 2112791, 44953, 2191281, 46623, 2311366, 49178, 2386096, 50768, 2449640, 52120, 2572028, 54724, 2652304, 56432, 2759840, 58720, 2845709, 60547, 2923823, 62209, 3030748, 64484, 1372, 80229, 1707, 105891, 2253, 178412, 3796, 239700, 5100, 283128, 6024, 301928, 6424, 359456, 7648, 421402, 8966, 487860, 10380, 562120, 11960, 609214, 12962, 681265, 14495, 726103, 15449, 794253, 16899, 852674, 18142, 386, 34498, 734, 81545, 1735, 151951, 3233, 214273, 4559]
47,1,61,[36, 104904, 2232, 173054, 3682, 222592, 4736, 330504, 7032, 420650, 8950, 486920, 10360, 554600, 11800, 574998, 12234, 627356, 13348, 284, 19364, 412, 122952, 2616, 214414, 4562, 227574, 4842, 235282, 5006, 309072, 6576, 438886, 9338, 539936, 11488, 608744, 12952, 699078, 14874, 777004, 16532, 893846, 19018, 998844, 21252, 1043024, 22192, 1088144, 23152, 1191544, 25352, 1271350, 27050, 1370050, 29150, 1427860, 30380, 1509828, 32124, 1607870, 34210, 1759586, 37438, 1871540, 39820, 1942886, 41338, 2055874, 43742, 2191328, 46624, 992, 61946, 1318, 68996, 1468, 101990, 2170, 127088, 2704, 201442, 4286, 231522, 4926, 345356, 7348, 398560, 8480, 464360, 9880, 502900, 10700, 602446, 12818, 712708, 15164, 813852, 17316, 888488, 18904, 936052, 19916, 1056278, 22474, 1101680, 23440, 1222564, 26012, 1308762, 27846, 1399660, 29780, 1512554, 32182, 1642180, 34940, 1731574, 36842, 1885922, 40126, 2026358, 43114, 2112462, 44946, 2197532, 46756, 2353196, 50068, 2440522, 51926, 2601356, 55348, 2739818, 58294, 2838236, 60388, 3013264, 64112, 3088840, 65720, 3194684, 67972, 3291316, 70028, 3490314, 74262, 3570308, 75964, 3680664, 78312, 3787636, 80588, 3954204, 84132, 4044068, 86044, 4227556, 89948, 4423546, 94118, 4586448, 97584, 4718424, 100392, 2136, 162714, 3462, 255022, 5426, 320634, 6822, 347518, 7394, 397902, 8466, 423564, 9012, 532886, 11338, 575750, 12250, 673980, 14340, 702650, 14950, 729064, 15512, 750308, 15964, 855118, 18194, 887642, 18886, 1018302, 21666, 1171804, 24932, 1259788, 26804, 1326716, 28228, 1435192, 30536, 1560306, 33198, 1639360, 34880, 1691436, 35988, 1822002, 38766, 1969676, 41908, 2100430, 44690, 2259760, 48080, 2439676, 51908, 2548904, 54232, 2720642, 57886, 2861642, 60886, 2982714, 63462, 3080568, 65544, 3220628, 68524, 3418122, 72726, 3539570, 75310, 3660736, 77888, 3764418, 80094, 3861708, 82164, 3966800, 84400, 4151510, 88330, 4288562, 91246, 4434262, 94346, 4577330, 97390, 4691916, 99828, 2124, 127746, 2718, 242238, 5154, 336238, 7154, 372052, 7916, 437288, 9304, 575562, 12246, 662324, 14092, 788190, 16770, 913868, 19444, 1027890, 21870, 1092750, 23250, 1207712, 25696, 1330852, 28316, 1422220, 30260, 1564254, 33282, 1614732, 34356, 1780924, 37892, 1847476, 39308, 1932640, 41120, 2094132, 44556, 948, 68432, 1456, 201724, 4292, 249006, 5298, 351748, 7484, 390758, 8314, 519444, 11052, 550558, 11714, 593798, 12634, 715340, 15220, 842334, 17922, 903246, 19218, 1042836, 22188, 1076488, 22904, 1142382, 24306, 1186750, 25250, 1243526, 26458, 1396088, 29704, 632, 90522, 1926, 224284, 4772, 300706, 6398, 324300, 6900, 440108, 9364, 480998, 10234, 591542, 12586, 710170, 15110, 791198, 16834, 830960, 17680, 871568, 18544, 964628, 20524, 1076864, 22912, 1165694, 24802, 1285074, 27342, 1412726, 30058, 1514434, 32222, 1624038, 34554, 1684386, 35838, 1789008, 38064, 1944578, 41374, 2026076, 43108, 2094978, 44574, 2191140, 46620, 2360998, 50234, 2520140, 53620, 2688400, 57200, 2748466, 58478, 2835604, 60332, 2984782, 63506, 3074082, 65406, 3222602, 68566, 3405808, 72464, 3584314, 76262, 3740824, 79592, 3880602, 82566, 4060612, 86396, 4175668, 88844, 4304636, 91588, 4487936, 95488, 4672270, 99410, 4786010, 101830, 4968088, 105704, 5076658, 108014, 5207600, 110800, 5378586, 114438, 5607664, 119312, 5801492, 123436, 5965052, 126916, 6137824, 130592, 6342932, 134956, 6532342, 138986, 6691390, 142370, 6853822, 145826, 7091360, 150880, 7270900, 154700, 7491518, 159394, 7699634, 163822, 7940838, 168954, 8212968, 174744, 8516682, 181206, 8758074, 186342, 9041860, 192380, 9260034, 197022, 9586026, 203958, 9861634, 209822, 10111580, 215140, 10386906, 220998, 10619368, 225944, 10888302, 231666, 11128566, 236778, 11477118, 244194, 11804426, 251158, 12161626, 258758, 12486302, 265666, 12815020, 272660, 13124938, 279254, 13481574, 286842, 13771282, 293006, 14087216, 299728, 14412738, 306654, 14793908, 314764, 15123002, 321766, 15456232, 328856, 15911192, 338536, 16370100, 348300, 16804380, 357540, 17193446, 365818, 17607986, 374638, 17985490, 382670, 18491398, 393434, 19010936, 404488, 19432620, 413460, 19848946, 422318, 20337182, 432706, 20838672, 443376, 21353698, 454334, 21899744, 465952, 22483202, 478366, 10178, 563060, 11980, 695412, 14796, 819116, 17428, 945452, 20116, 428, 34874, 742, 141658, 3014, 161868, 3444, 202570, 4310, 301458, 6414, 370924, 7892, 502054, 10682, 549994, 11702, 693532, 14756, 837258, 17814, 857938, 18254, 927780, 19740, 420, 146264, 3112, 178036, 3788, 262072, 5576, 353628, 7524, 372616, 7928, 472256, 10048, 588346, 12518, 646720, 13760, 763656, 16248, 874482, 18606, 1010594, 21502, 1098014, 23362, 1129974, 24042, 1225666, 26078, 1366384, 29072, 1469972, 31276, 1561434, 33222, 1709296, 36368, 1851706, 39398, 1925496, 40968, 2055310, 43730, 2156360, 45880, 2225168, 47344, 2315502, 49266, 2393428, 50924, 2510270, 53410, 2615268, 55644, 2794150, 59450, 2973972, 63276, 3077372, 65476, 3157178, 67174, 3255878, 69274, 3448390, 73370, 3530358, 75114, 3628400, 77200, 3780116, 80428, 3892070, 82810, 4098118, 87194, 4211106, 89598, 4346560, 92480, 4527886, 96338, 4724534, 100522, 4928232, 104856, 5164924, 109892, 5292012, 112596, 5493454, 116882, 5724976, 121808, 5935630, 126290, 6064786, 129038, 6259742, 133186, 6493238, 138154, 6691578, 142374, 6865478, 146074, 7140522, 151926, 7355500, 156500, 7618042, 162086, 7866108, 167364, 8159576, 173608, 8439226, 179558, 8670372, 184476, 8857714, 188462, 9157950, 194850, 9453110, 201130, 9702962, 206446, 9972460, 212180, 10247692, 218036, 10474326, 222858, 10786030, 229490, 11118696, 236568, 11403986, 242638, 11715408, 249264, 12030590, 255970, 12309488, 261904, 12628712, 268696, 13023512, 277096, 13389454, 284882, 13717326, 291858, 14109494, 300202, 14446954, 307382, 14760068, 314044, 15180154, 322982, 15632106, 332598, 16039220, 341260, 16495120, 350960, 16877606, 359098, 17288292, 367836, 17696252, 376516, 18204604, 387332, 18606266, 395878, 19128248, 406984, 19566758, 416314, 20083382, 427306, 20593802, 438166, 21123680, 449440, 21647636, 460588, 22208534, 472522, 22769902, 484466, 23360410, 497030, 23871770, 507910, 24459928, 520424, 25094992, 533936, 25674784, 546272, 26329964, 560212, 26944630, 573290, 27606766, 587378, 28248598, 601034, 28978602, 616566, 29652488, 630904, 30349310, 645730, 31121144, 662152, 31829152, 677216, 32621008, 694064, 33358062, 709746, 34199644, 727652, 35056266, 745878, 35902454, 763882, 36775244, 782452, 37680934, 801722, 38605894, 821402, 39513276, 840708, 40408438, 859754, 41354172, 879876, 42337224, 900792, 43344058, 922214, 44343654, 943482, 45298600, 963800, 46313988, 985404, 47305124, 1006492, 48409060, 1029980, 49502092, 1053236, 50592586, 1076438, 51795128, 1102024, 52940142, 1126386, 54155374, 1152242, 55413658, 1179014, 56647126, 1205258, 57958426, 1233158, 59246038, 1260554, 60546716, 1288228, 61849274, 1315942, 63268392, 1346136, 64640322, 1375326, 66050040, 1405320, 67512680, 1436440, 69023636, 1468588, 70566740, 1501420, 72082490, 1533670, 73653418, 1567094, 75277832, 1601656, 76985530, 1637990, 78738160, 1675280, 80447832, 1711656, 82188148, 1748684, 83942564, 1786012, 85762968, 1824744, 87633568, 1864544, 89518174, 1904642, 91462940, 1946020, 93500672, 1989376, 95510110, 2032130, 97651148, 2077684, 99734564, 2122012, 101882370, 2167710, 104115998, 2215234, 106417212, 2264196, 108732996, 2313468, 111143908, 2364764, 113525868, 2415444, 115998632, 2468056, 118578462, 2522946, 121195986, 2578638, 123860604, 2635332, 126616308, 2693964, 129361860, 2752380, 132151498, 2811734, 134980428, 2871924, 137955528, 2935224, 140968134, 2999322, 144016178, 3064174, 147106146, 3129918, 66594, 3316884, 70572, 3459106, 73598, 3655942, 77786, 3736594, 79502, 3887746, 82718, 4099434, 87222, 4292698, 91334, 4421290, 94070, 4581278, 97474, 4801990, 102170, 5015934, 106722, 5214368, 110944, 5394096, 114768, 5626370, 119710, 5748946, 122318, 5940048, 126384, 6069298, 129134, 6270082, 133406, 6460808, 137464, 6701448, 142584, 6938610, 147630, 7094838, 150954, 7351834, 156422, 7525452, 160116, 7783012, 165596, 7991598, 170034, 8261942, 175786, 8454924, 179892, 8700734, 185122, 8989032, 191256, 9217546, 196118, 9511108, 202364, 9796586, 208438, 10119664, 215312, 10349306, 220198, 10578102, 225066, 10889148, 231684, 11181018, 237894, 11496294, 244602, 11781020, 250660, 12057474, 256542, 12359872, 262976, 12654374, 269242, 12998132, 276556, 13297616, 282928, 13680854, 291082, 14003462, 297946, 14338666, 305078, 14646610, 311630, 15015560, 319480, 15395226, 327558, 15765774, 335442, 16109814, 342762, 16561484, 352372, 16951114, 360662, 17400622, 370226, 17790910, 378530, 18281214, 388962, 18776218, 399494, 19293218, 410494, 19826950, 421850, 20320450, 432350, 20878904, 444232, 21423446, 455818, 21913656, 466248, 22402832, 476656, 22962602, 488566, 23454034, 499022, 24018974, 511042, 24561542, 522586, 25198768, 536144, 25777902, 548466, 26392286, 561538, 27036938, 575254, 27672378, 588774, 28275482, 601606, 28894284, 614772, 29543448, 628584, 30189228, 642324, 30894604, 657332, 31657978, 673574, 32380274, 688942, 33115072, 704576, 33951484, 722372, 34756970, 739510, 35530872, 755976, 36367096, 773768, 37160926, 790658, 38020368, 808944, 38906694, 827802, 39843404, 847732, 40805776, 868208, 41742768, 888144, 42722624, 908992, 43666008, 929064, 44638062, 949746, 45636530, 970990, 46656242, 992686, 47780764, 1016612, 48803108, 1038364, 49956112, 1062896, 51127916, 1087828, 52253002, 1111766, 53445016, 1137128, 54610804, 1161932, 55901706, 1189398, 57136960, 1215680, 58424290, 1243070, 59707484, 1270372, 61003650, 1297950, 62430570, 1328310, 63882118, 1359194, 65244178, 1388174, 66715466, 1419478, 68223790, 1451570, 69738412, 1483796, 71239404, 1515732, 72838250, 1549750, 74442454, 1583882, 76109450, 1619350, 77763192, 1654536, 79538100, 1692300, 81281988, 1729404, 83123166, 1768578, 84934734, 1807122, 86796310, 1846730, 88660236, 1886388, 90669862, 1929146, 92687854, 1972082, 94685730, 2014590, 96783434, 2059222, 98874182, 2103706, 101072466, 2150478, 103337584, 2198672, 105570648, 2246184, 107836894, 2294402, 110139894, 2343402, 112566410, 2395030, 114972904, 2446232, 117485054, 2499682, 120082180, 2554940, 122694440, 2610520, 125436796, 2668868, 128162984, 2726872, 130964372, 2786476, 133848292, 2847836, 136730520, 2909160, 139642546, 2971118, 142650922, 3035126, 145706110, 3100130, 148834900, 3166700, 152081848, 3235784, 155380684, 3305972, 158798430, 3378690, 162179986, 3450638, 165742398, 3526434, 169337616, 3602928, 172946276, 3679708, 176714830, 3759890, 180563566, 3841778, 184534314, 3926262, 188526494, 4011202, 192635140, 4098620, 196825472, 4187776, 201096362, 4278646, 205377874, 4369742, 209779142, 4463386, 214331374, 4560242, 218948936, 4658488, 223710600, 4759800, 228516256, 4862048, 233490078, 4967874, 238518138, 5074854, 243676106, 5184598, 248940952, 5296616, 254366538, 5412054, 259790056, 5527448, 265354762, 5645846, 271052196, 5767068, 276896646, 5891418, 282831054, 6017682, 288954778, 6147974, 295231722, 6281526, 301579166, 6416578, 308121848, 6555784, 314780808, 6697464, 321509798, 6840634, 328404886, 6987338, 335495400, 7138200, 342713848, 7291784, 350051488, 7447904, 357505124, 7606492, 365146008, 7769064, 372946598, 7935034, 380950416, 8105328, 389161786, 8280038, 397444690, 8456270, 405986940, 8638020, 414713806, 8823698, 423571896, 9012168, 432618456, 9204648, 441900486, 9402138, 451368542, 9603586, 461055242, 9809686, 470962372, 10020476, 481065962, 10235446, 491361594, 10454502, 501844756, 10677548, 512639810, 10907230, 523644484, 11141372, 534848908, 11379764, 546314652, 11623716, 557952698, 11871334, 569901414, 12125562, 582118688, 12385504, 594552914, 12650062, 607237368, 12919944, 620214632, 13196056, 633430750, 13477250, 286750, 13772598, 293034, 14168808, 301464, 14487468, 308244, 14847300, 315900, 15200458, 323414, 15543934, 330722, 15960636, 339588, 16337482, 347606, 16802594, 357502, 17217416, 366328, 17612404, 374732, 17990002, 382766, 18501738, 393654, 18978506, 403798, 19442490, 413670, 19922078, 423874, 20426200, 434600, 20969708, 446164, 21530512, 458096, 22086052, 469916, 22584628, 480524, 23188390, 493370, 23713286, 504538, 24332464, 517712, 24870238, 529154, 25479640, 542120, 26084812, 554996, 26697128, 568024, 27348266, 581878, 27981732, 595356, 28597150, 608450, 29305910, 623530, 30009688, 638504, 30673986, 652638, 31449862, 669146, 32139070, 683810, 32842942, 698786, 33647770, 715910, 34380876, 731508, 15564, 767134, 16322, 820714, 17462, 909826, 19358, 1046690, 22270, 1180734, 25122, 1274640, 27120, 1304626, 27758, 1412632, 30056, 1508606, 32098, 1666808, 35464, 1776788, 37804, 1860448, 39584, 1928692, 41036, 1984058, 42214, 2049200, 43600, 2181646, 46418, 2311178, 49174, 2394744, 50952, 2457160, 52280, 2555296, 54368, 2712840, 57720, 2782024, 59192, 2895670, 61610, 3071920, 65360, 3223260, 68580, 3311902, 70466, 3419626, 72758, 3498116, 74428, 3649926, 77658, 3767708, 80164, 3930986, 83638, 4086274, 86942, 4284990, 91170, 4482202, 95366, 4586166, 97578, 4700940, 100020, 4812424, 102392, 4989332, 106156, 5181468, 110244, 5374826, 114358, 5509246, 117218, 2494, 128310, 2730, 142504, 3032, 214320, 4560, 221746, 4718, 278052, 5916, 401474, 8542, 510326, 10858, 524050, 11150, 566726, 12058, 653300, 13900, 767510, 16330, 844026, 17958, 873448, 18584, 946486, 20138, 1029676, 21908, 1068780, 22740, 1203294, 25602, 1326340, 28220, 1411880, 30040, 1461982, 31106, 1604862, 34146, 1707792, 36336, 1758458, 37414, 1801604, 38332, 1917318, 40794, 2087082, 44406, 2240396, 47668, 2316724, 49292, 2469192, 52536, 2627770, 55910, 2761062, 58746, 2943046, 62618, 3045788, 64804, 3219500, 68500, 3348186, 71238, 3514002, 74766, 3691944, 78552, 3813486, 81138, 3940480, 83840, 4136094, 88002, 4275684, 90972, 4444038, 94554, 4644634, 98822, 4823704, 102632, 5015182, 106706, 5167744, 109952, 5332150, 113450, 5557374, 118242, 5781658, 123014, 5947662, 126546, 6137260, 130580, 6307964, 134212, 6519558, 138714, 6706994, 142702, 6878356, 146348, 7130746, 151718, 7288196, 155068, 7486254, 159282, 7777372, 165476, 8046024, 171192, 8268804, 175932, 8476262, 180346, 8676670, 184610, 8978786, 191038, 9255804, 196932, 9458468, 201244, 9765754, 207782, 10093908, 214764, 10368858, 220614, 10712710, 227930, 11018022, 234426, 11358490, 241670, 11723398, 249434, 11987162, 255046, 12310992, 261936, 12587258, 267814, 12878000, 274000, 13258042, 282086, 13651902, 290466, 13959564, 297012, 14311030, 304490, 14684304, 312432, 15062654, 320482, 15486312, 329496, 15890324, 338092, 16288602, 346566, 16735478, 356074, 17097284, 363772, 17572830, 373890, 17961050, 382150, 18457840, 392720, 18950870, 403210, 19480184, 414472, 19969172, 424876, 20517286, 436538, 20959556, 445948, 21439896, 456168, 21990642, 467886, 22461394, 477902, 22956492, 488436, 23479320, 499560, 24104984, 512872, 24640784, 524272, 25262500, 537500, 25822928, 549424, 26489858, 563614, 27159514, 577862, 27863480, 592840, 28539434, 607222, 29229770, 621910, 29868876, 635508, 30564570, 650310, 31266468, 665244, 31948908, 679764, 32637270, 694410, 33423392, 711136, 34209044, 727852, 34965556, 743948, 35801216, 761728, 36694780, 780740, 37541438, 798754, 38443368, 817944, 39269910, 835530, 40136966, 853978, 41091254, 874282, 42065846, 895018, 43086968, 916744, 44029506, 936798, 45083810, 959230, 46063102, 980066, 47106220, 1002260, 48200192, 1025536, 49348966, 1049978, 50527914, 1075062, 51691822, 1099826, 52866164, 1124812, 54013904, 1149232, 55263446, 1175818, 56493718, 1201994, 57741568, 1228544, 59001638, 1255354, 60345838, 1283954, 61652720, 1311760, 63070522, 1341926, 64495562, 1372246, 65965252, 1403516, 67374500, 1433500, 30500, 1590104, 33832, 1735710, 36930, 1872950, 39850, 2030306, 43198, 2087834, 44422, 2152318, 45794, 2243968, 47744, 2403486, 51138, 2460356, 52348, 2618746, 55718, 2740382, 58306, 2873204, 61132, 3026048, 64384, 3207938, 68254, 3304852, 70316, 3386632, 72056, 3473018, 73894, 3575572, 76076, 3737628, 79524, 1692]
47,1,67,[68, 69372, 1476, 130660, 2780, 155476, 3308, 215448, 4584, 298732, 6356, 339716, 7228, 463420, 9860, 589756, 12548, 747112, 15896, 794488, 16904, 908980, 19340, 1000724, 21292, 1025164, 21812, 1059568, 22544, 1179700, 25100, 1211096, 25768, 1274640, 27120, 1304908, 27764, 1439704, 30632, 1580516, 33628, 1686548, 35884, 1794836, 38188, 1908576, 40608, 864, 98136, 2088, 163184, 3472, 295724, 6292, 431084, 9172, 462292, 9836, 513052, 10916, 561744, 11952, 617768, 13144, 728500, 15500, 860476, 18308, 957484, 20372, 1043964, 22212, 1154320, 24560, 1260728, 26824, 1394584, 29672, 1471476, 31308, 1521672, 32376, 1679968, 35744, 1791264, 38112, 1961592, 41736, 888, 174840, 3720, 200596, 4268, 324488, 6904, 463608, 9864, 602540, 12820, 728688, 15504, 873260, 18580, 939060, 19980, 974780, 20740, 1036444, 22052, 1086828, 23124, 492, 92872, 1976, 101144, 2152, 219772, 4676, 296852, 6316, 359832, 7656, 499704, 10632, 541816, 11528, 594268, 12644, 610060, 12980, 648224, 13792, 728124, 15492, 834908, 17764, 994332, 21156, 1034376, 22008, 1094160, 23280, 1164660, 24780, 1224068, 26044, 1269000, 27000, 1365256, 29048, 1400600, 29800, 1436696, 30568, 1523928, 32424, 1685420, 35860, 1866088, 39704, 2019120, 42960, 2068376, 44008, 2162752, 46016, 2218212, 47196, 2290592, 48736, 2477840, 52720, 2634444, 56052, 2778640, 59120, 2966828, 63124, 3039396, 64668, 3239428, 68924, 3377608, 71864, 3452620, 73460, 3670888, 78104, 3865468, 82244, 4076780, 86740, 4242220, 90260, 4395440, 93520, 4605436, 97988, 4829344, 102752, 4963576, 105608, 5213992, 110936, 5375296, 114368, 5543180, 117940, 5714636, 121588, 5981032, 127256, 6193284, 131772, 6422644, 136652, 6631700, 141100, 6791688, 144504, 7018040, 149320, 7170508, 152564, 7329368, 155944, 7626972, 162276, 7889984, 167872, 8168036, 173788, 8433116, 179428, 8703836, 185188, 8914208, 189664, 9163684, 194972, 9409024, 200192, 9669028, 205724, 9890492, 210436, 10154444, 216052, 10496416, 223328, 10817332, 230156, 11186000, 238000, 11546772, 245676, 11814484, 251372, 12116224, 257792, 12512528, 266224, 12829120, 272960, 13199668, 280844, 13540324, 288092, 13919708, 296164, 14269388, 303604, 14670580, 312140, 15023644, 319652, 15359036, 326788, 15824336, 336688, 16246020, 345660, 16660936, 354488, 17059496, 362968, 17529496, 372968, 17974868, 382444, 18373052, 390916, 18817484, 400372, 19299704, 410632, 19836256, 422048, 20368484, 433372, 20902592, 444736, 21416584, 455672, 21894292, 465836, 22419940, 477020, 22950476, 488308, 23517484, 500372, 24049336, 511688, 24705832, 525656, 25256672, 537376, 25872748, 550484, 26486192, 563536, 27068616, 575928, 27761020, 590660, 28386308, 603964, 29034344, 617752, 29749684, 632972, 30455060, 647980, 31222664, 664312, 31931048, 679384, 32755240, 696920, 33464752, 712016, 34217692, 728036, 34964616, 743928, 35746320, 760560, 36525768, 777144, 37447720, 796760, 38294848, 814784, 39232404, 834732, 40104912, 853296, 40992836, 872188, 41893356, 891348, 42910624, 912992, 43877132, 933556, 44942904, 956232, 45952652, 977716, 46999624, 999992, 48062576, 1022608, 49176476, 1046308, 50351852, 1071316, 51564828, 1097124, 52671396, 1120668, 23844, 1191732, 25356, 1289492, 27436, 1427108, 30364, 1463768, 31144, 1589352, 33816, 1695572, 36076, 1816644, 38652, 1911960, 40680, 2031340, 43220, 2159556, 45948, 2296796, 48868, 2455844, 52252, 2618276, 55708, 2714908, 57764, 2775820, 59060, 2923024, 62192, 3019844, 64252, 3093540, 65820, 3222320, 68560, 3397912, 72296, 3501688, 74504, 3604524, 76692, 3791396, 80668, 3922432, 83456, 4103476, 87308, 4282076, 91108, 4442440, 94520, 4546404, 96732, 4662024, 99192, 4830472, 102776, 5040280, 107240, 5251404, 111732, 5404060, 114980, 5575704, 118632, 5706928, 121424, 5900756, 125548, 6060932, 128956, 6300068, 134044, 2852, 237632, 5056, 327684, 6972, 385024, 8192, 437288, 9304, 588252, 12516, 644840, 13720, 793924, 16892, 870628, 18524, 908040, 19320, 936804, 19932, 969328, 20624, 1109576, 23608, 1177256, 25048, 1340816, 28528, 1514152, 32216, 1612476, 34308, 1788444, 38052, 1917788, 40804, 1983776, 42208, 2032280, 43240, 920, 129156, 2748, 201160, 4280, 214884, 4572, 260380, 5540, 394988, 8404, 523016, 11128, 647472, 13776, 676988, 14404, 760648, 16184, 827200, 17600, 914056, 19448, 1049980, 22340, 1119540, 23820, 1262984, 26872, 1400036, 29788, 1546300, 32900, 700, 165816, 3528, 178788, 3804, 321104, 6832, 381452, 8116, 490304, 10432, 642396, 13668, 775688, 16504, 814228, 17324, 919696, 19568, 989632, 21056, 448, 100204, 2132, 155852, 3316, 241016, 5128, 261884, 5572, 349304, 7432, 375624, 7992, 389912, 8296, 473760, 10080, 553096, 11768, 621528, 13224, 688268, 14644, 787908, 16764, 905408, 19264, 1053740, 22420, 1079308, 22964, 1190416, 25328, 1347960, 28680, 1408120, 29960, 1504188, 32004, 1674704, 35632, 1729224, 36792, 1885640, 40120, 2017052, 42916, 2075708, 44164, 2217460, 47180, 2387412, 50796, 2551536, 54288, 2615268, 55644, 2806276, 59708, 2922648, 62184, 2994276, 63708, 3130388, 66604, 3212732, 68356, 3337752, 71016, 3553576, 75608, 3729920, 79360, 3884832, 82656, 4061928, 86424, 4267976, 90808, 4371376, 93008, 4596600, 97800, 4820320, 102560, 4941768, 105144, 5062652, 107716, 5293140, 112620, 5430944, 115552, 5628344, 119752, 5883460, 125180, 6068452, 129116, 6219604, 132332, 6436932, 136956, 6715548, 142884, 6871024, 146192, 7086472, 150776, 3208, 191760, 4080, 315464, 6712, 441800, 9400, 200, 47376, 1008, 114492, 2436, 239700, 5100, 320352, 6816, 330316, 7028, 416044, 8852, 475264, 10112, 507412, 10796, 622092, 13236, 726620, 15460, 880592, 18736, 993768, 21144, 1143980, 24340, 1297388, 27604, 1372212, 29196, 1429740, 30420, 1494788, 31804, 1627328, 34624, 1762688, 37504, 1941852, 41316, 1992612, 42396, 2041304, 43432, 2097328, 44624, 2208060, 46980, 2340036, 49788, 2437044, 51852, 2523524, 53692, 2633880, 56040, 2740288, 58304, 2874144, 61152, 2951036, 62788, 3149188, 67004, 3307484, 70372, 3418780, 72740, 3589108, 76364, 3778800, 80400, 3953640, 84120, 4154236, 88388, 4330768, 92144, 4498464, 95712, 4657136, 99088, 4794000, 102000, 4927480, 104840, 5126760, 109080, 5361760, 114080, 5510468, 117244, 5709560, 121480, 5931776, 126208, 6098908, 129764, 6367184, 135472, 6559320, 139560, 6752396, 143668, 7009392, 149136, 7174268, 152644, 7437092, 158236, 7702360, 163880, 7985864, 169912, 8177812, 173996, 8358104, 177832, 8633524, 183692, 8867584, 188672, 9100328, 193624, 9391540, 199820, 9663764, 205612, 9976408, 212264, 10226448, 217584, 10510140, 223620, 10862828, 231124, 11172652, 237716, 11526844, 245252, 11790984, 250872, 12145740, 258420, 12448232, 264856, 12747716, 271228, 13138568, 279544, 13528292, 287836, 13841312, 294496, 14264876, 303508, 14659676, 311908, 15021952, 319616, 15391936, 327488, 15842196, 337068, 16276852, 346316, 16686128, 355024, 17145036, 364788, 17575932, 373956, 18025440, 383520, 8160, 482972, 10276, 587688, 12504, 606488, 12904, 701240, 14920, 782268, 16644, 817800, 17400, 866680, 18440, 935488, 19904, 1027796, 21868, 1090588, 23204, 1217676, 25908, 1278212, 27196, 1399848, 29784, 1533516, 32628, 1597624, 33992, 1666244, 35452, 1745768, 37144, 1826984, 38872, 1875300, 39900, 2053712, 43696, 2201292, 46836, 2323680, 49440, 2508484, 53372, 2646852, 56316, 2734648, 58184, 2934492, 62436, 3059888, 65104, 3153324, 67092, 3292820, 70060, 3457320, 73560, 3546620, 75460, 3700780, 78740, 3826740, 81420, 3958528, 84224, 1792, 104904, 2232, 179540, 3820, 224284, 4772, 307756, 6548, 361524, 7692, 466804, 9932, 523956, 11148, 563436, 11988, 584868, 12444, 710640, 15120, 829644, 17652, 932292, 19836, 958424, 20392, 1107884, 23572, 1210156, 25748, 1358676, 28908, 1397028, 29724, 1489712, 31696, 1578072, 33576, 1668312, 35496, 1738436, 36988, 1920232, 40856, 2002012, 42596, 2088680, 44440, 2211820, 47060, 2299804, 48932, 2364476, 50308, 2471448, 52584, 2643656, 56248, 2813232, 59856, 2951788, 62804, 3052368, 64944, 3233788, 68804, 3437956, 73148, 3561472, 75776, 3675024, 78192, 3850804, 81932, 3967364, 84412, 1796, 117688, 2504, 161116, 3428, 303056, 6448, 337836, 7188, 483536, 10288, 626040, 13320, 699172, 14876, 789600, 16800, 872508, 18564, 1035880, 22040, 1196432, 25456, 1313180, 27940, 1410376, 30008, 1509640, 32120, 1601572, 34076, 1638796, 34868, 1802732, 38356, 1853680, 39440, 1915156, 40748, 2100712, 44696, 2290216, 48728, 2452272, 52176, 2523336, 53688, 2621096, 55768, 2758712, 58696, 2943328, 62624, 3068912, 65296, 3175132, 67556, 3296204, 70132, 3391520, 72160, 3510900, 74700, 3639116, 77428, 3776356, 80348, 3935404, 83732, 4097836, 87188, 4194468, 89244, 4403336, 93688, 4550540, 96820, 2060, 221652, 4716, 276736, 5888, 323548, 6884, 399688, 8504, 546704, 11632, 630740, 13420, 722860, 15380, 772868, 16444, 918380, 19540, 1048100, 22300, 1139656, 24248, 1299268, 27644, 1352096, 28768, 1393456, 29648, 1542728, 32824, 1632216, 34728, 1799160, 38280, 1906696, 40568, 1969300, 41900, 2083604, 44332, 2162564, 46012, 2353384, 50072, 2456972, 52276, 2547024, 54192, 2604364, 55412, 2804584, 59672, 2955548, 62884, 3160092, 67236, 3309176, 70408, 3385880, 72040, 3571248, 75984, 3747968, 79744, 3928448, 83584, 4068696, 86568, 4284332, 91156, 4447892, 94636, 4621228, 98324, 2092, 175968, 3744, 277300, 5900, 361900, 7700, 492372, 10476, 635064, 13512, 720980, 15340, 792984, 16872, 954664, 20312, 1000160, 21280, 1134768, 24144, 1262796, 26868, 1387252, 29516, 628, 83660, 1780, 214508, 4564, 234812, 4996, 283880, 6040, 365472, 7776, 439356, 9348, 580920, 12360, 738088, 15704, 772680, 16440, 905596, 19268, 1066524, 22692, 1208840, 25720, 1269188, 27004, 1378040, 29320, 1530132, 32556, 1663424, 35392, 1701964, 36212, 1807432, 38456, 1877368, 39944, 2046380, 43540, 2146584, 45672, 2302436, 48988, 2395496, 50968, 2509424, 53392, 1136, 79712, 1696, 94000, 2000, 177848, 3784, 257184, 5472, 325616, 6928, 392356, 8348, 491996, 10468, 609496, 12968, 757828, 16124, 783396, 16668, 894504, 19032, 1052048, 22384, 1112208, 23664, 1208276, 25708, 1378792, 29336, 1433312, 30496, 1589728, 33824, 1721140, 36620, 1779796, 37868, 1921548, 40884, 2091500, 44500, 2255624, 47992, 2319356, 49348, 2510364, 53412, 2626736, 55888, 2698364, 57412, 2834476, 60308, 2916820, 62060, 3041840, 64720, 3109708, 66164, 3286052, 69916, 3440964, 73212, 3618060, 76980, 3824108, 81364, 3927508, 83564, 4152732, 88356, 4376452, 93116, 4497900, 95700, 4618784, 98272, 4849272, 103176, 4987076, 106108, 5184476, 110308, 5439592, 115736, 5624584, 119672, 5775736, 122888, 5993064, 127512, 6123724, 130292, 6279200, 133600, 6494648, 138184, 6645424, 141392, 6837184, 145472, 7004692, 149036, 7298536, 155288, 3304, 202664, 4312, 317156, 6748, 408900, 8700, 433340, 9220, 467744, 9952, 587876, 12508, 619272, 13176, 682816, 14528, 713084, 15172, 847880, 18040, 988692, 21036, 1094724, 23292, 1203012, 25596, 1316752, 28016, 1357360, 28880, 1455496, 30968, 1618680, 34440, 1766448, 37584, 1901620, 40460, 2068000, 44000, 2137184, 45472, 2255060, 47980, 2428960, 51680, 2565636, 54588, 2686332, 57156, 2756080, 58640, 2912308, 61964, 3030936, 64488, 3108016, 66128, 3318952, 70616, 3458824, 73592, 3648892, 77636, 3849300, 81900, 4013048, 85384, 4199168, 89344, 4427024, 94192, 4533808, 96464, 4693232, 99856, 4881232, 103856, 5088972, 108276, 5307428, 112924, 5514792, 117336, 5707680, 121440, 5951892, 126636, 6135192, 130536, 6319244, 134452, 6554432, 139456, 6715924, 142892, 6896592, 146736, 7049624, 149992, 7246836, 154188, 7489168, 159344, 7692584, 163672, 7912920, 168360, 8100168, 172344, 8404728, 178824, 8696880, 185040, 8885068, 189044, 9105592, 193736, 9305624, 197992, 9591760, 204080, 9814728, 208824, 10032996, 213468, 10375532, 220756, 10734800, 228400, 11048196, 235068, 11349372, 241476, 11707324, 249092, 12079188, 257004, 12361376, 263008, 12759748, 271484, 13069008, 278064, 13384848, 284784, 13704260, 291580, 14118612, 300396, 14478820, 308060, 14856136, 316088, 15213148, 323684, 15669048, 333384, 16043356, 341348, 16491736, 350888, 16946508, 360564, 17392068, 370044, 17803036, 378788, 18229044, 387852, 18642080, 396640, 19060756, 405548, 19567040, 416320, 20112428, 427924, 20653680, 439440, 21209596, 451268, 21726972, 462276, 22286836, 474188, 22776764, 484612, 23393592, 497736, 23910216, 508728, 10824, 563624, 11992, 597652, 12716, 692216, 14728, 760460, 16180, 814416, 17328, 932480, 19840, 971208, 20664, 1089460, 23180, 1140972, 24276, 1240800, 26400, 1371084, 29172, 1500992, 31936, 1605332, 34156, 1746520, 37160, 1878120, 39960, 1949560, 41480, 2072888, 44104, 2173656, 46248, 984, 185744, 3952, 202288, 4304, 291588, 6204, 132, 125960, 2680, 131788, 2804, 232180, 4940, 252860, 5380, 327496, 6968, 372240, 7920, 455712, 9696, 509480, 10840, 614760, 13080, 671912, 14296, 711392, 15136, 732824, 15592, 858596, 18268, 977600, 20800, 1080248, 22984, 1106380, 23540, 1255840, 26720, 1358112, 28896, 1506632, 32056, 1544984, 32872, 1637668, 34844, 1726028, 36724, 1816268, 38644, 1886392, 40136, 2068188, 44004, 2149968, 45744, 2236636, 47588, 2359776, 50208, 2447760, 52080, 2512432, 53456, 2619404, 55732, 2791612, 59396, 2961188, 63004, 3099744, 65952, 3200324, 68092, 3381744, 71952, 3585912, 76296, 3709428, 78924, 3822980, 81340, 3998760, 85080, 4115320, 87560, 4347688, 92504, 4465376, 95008, 4626492, 98436, 4781592, 101736, 4971472, 105776, 5159096, 109768, 5341268, 113644, 5596572, 119076, 5794348, 123284, 5927076, 126108, 6075220, 129260, 6235960, 132680, 6513448, 138584, 6740176, 143408, 6918212, 147196, 7188180, 152940, 7347416, 156328, 7522632, 160056, 7748796, 164868, 8036436, 170988, 8213720, 174760, 8432552, 179416, 8665484, 184372, 8969480, 190840, 9223280, 196240, 9466740, 201420, 9746860, 207380, 10004608, 212864, 10220620, 217460, 10557704, 224632, 10842148, 230684, 11098016, 236128, 5024, 373368, 7944, 384460, 8180, 398936, 8488, 495568, 10544, 556480, 11840, 703684, 14972, 800504, 17032, 874200, 18600, 1002980, 21340, 1030616, 21928, 1134392, 24136, 1237228, 26324, 1276144, 27152, 1407180, 29940, 1440268, 30644, 652, 160364, 3412, 251920, 5360, 263576, 5608, 316404, 6732, 357764, 7612, 507036, 10788, 596524, 12692, 615512, 13096, 723048, 15384, 785652, 16716, 899956, 19148, 978916, 20828, 1021780, 21740, 1125368, 23944, 1215420, 25860, 1272760, 27080, 1325024, 28192, 1475988, 31404, 1532576, 32608, 1681660, 35780, 1758364, 37412, 796, 176720, 3760, 80, 107724, 2292, 223344, 4752, 243836, 5188, 305688, 6504, 368856, 7848, 521512, 11096, 545200, 11600, 676424, 14392, 722296, 15368, 882472, 18776, 973652, 20716, 1107696, 23568, 1197372, 25476, 1229144, 26152, 1318256, 28048, 1459632, 31056, 1604016, 34128, 1657032, 35256, 1711176, 36408, 1842024, 39192, 2010284, 42772, 2059352, 43816, 2140944, 45552, 2214828, 47124, 2356392, 50136, 2513560, 53480, 2696108, 57364, 2829024, 60192, 2989952, 63616, 3132268, 66644, 3340572, 71076, 3449424, 73392, 3601516, 76628, 3734808, 79464, 3921304, 83432, 4026772, 85676, 4244664, 90312, 4413676, 93908, 4513880, 96040, 4669732, 99356, 4910748, 104484, 5024676, 106908, 5226024, 111192, 5453692, 116036, 5695648, 121184, 5873496, 124968, 6130680, 130440, 6308340, 134220, 6552740, 139420, 6748824, 143592, 6914452, 147116, 7080456, 150648, 7272028, 154724, 3292, 164312, 3496, 224472, 4776, 320540, 6820, 343100, 7300, 397620, 8460, 180, 131412, 2796, 206612, 4396, 289708, 6164, 317908, 6764, 460036, 9788, 507600, 10800, 634876, 13508, 708196, 15068, 811408, 17264, 875892, 18636, 970080, 20640, 1012756, 21548, 1103560, 23480, 1212036, 25788, 1338560, 28480, 1508700, 32100, 1685608, 35864, 1730916, 36828, 1852740, 39420, 1999192, 42536, 2044876, 43508, 2192268, 46644, 2301872, 48976, 2357144, 50152, 2416740, 51420, 2474456, 52648, 2552288, 54304, 2666404, 56732, 2732580, 58140, 2793868, 59444, 2966640, 63120, 3174568, 67544, 3257852, 69316, 3446792, 73336, 3570496, 75968, 3696832, 78656, 3854188, 82004, 4049520, 86160, 4164012, 88596, 4255756, 90548, 4428152, 94216, 4610512, 98096, 4730644, 100652, 4909996, 104468, 5121496, 108968, 5299720, 112760, 5434516, 115628, 5575328, 118624, 5829316, 124028, 6085560, 129480, 6347256, 135048, 6535820, 139060, 6781912, 144296, 6945096, 147768, 3144, 283128, 6024, 314336, 6688, 365096, 7768, 413788, 8804, 469812, 9996, 580544, 12352, 712520, 15160, 809528, 17224, 896008, 19064, 1006364, 21412, 1112772, 23676, 1246628, 26524, 1323520, 28160, 1373716, 29228, 1532012, 32596, 1643308, 34964, 1813636, 38588, 1855372, 39476, 2030212, 43196, 2082852, 44316, 2259384, 48072, 2427080, 51640, 2585752, 55016, 2722616, 57928, 2856096, 60768, 3055376, 65008, 3142420, 66860, 3291128, 70024, 3490220, 74260, 1580, 167132, 3556, 268276, 5708, 340092, 7236, 488988, 10404, 552908, 11764, 608744, 12952, 706692, 15036, 857092, 18236, 388, 56400, 1200, 136300, 2900, 243084, 5172, 254552, 5416, 294596, 6268, 354380, 7540, 424880, 9040, 484288, 10304, 529220, 11260, 625476, 13308, 660820, 14060, 696916, 14828, 784148, 16684, 945640, 20120, 978352, 20816, 1131384, 24072, 1180640, 25120, 1275016, 27128, 1330476, 28308, 1402856, 29848, 1442148, 30684, 1598752, 34016, 1742948, 37084, 1783180, 37940, 1855748, 39484, 1907824, 40592, 2046004, 43532, 2121016, 45128, 2191328, 46624, 992, 63356, 1348, 165440, 3520, 301176, 6408, 357952, 7616, 371864, 7912, 430144, 9152, 546328, 11624, 605172, 12876, 759708, 16164, 911236, 19388, 1006176, 21408, 1099988, 23404, 1265052, 26916, 1392704, 29632, 1491592, 31736, 1557956, 33148, 1632028, 34724, 1786376, 38008, 1925120, 40960, 2038484, 43372, 2201480, 46840, 2336464, 49712, 2490060, 52980, 2577668, 54844, 2764728, 58824, 2908548, 61884, 3071168, 65344, 3180584, 67672, 3371028, 71724, 3449048, 73384, 3575948, 76084, 3771656, 80248, 3911716, 83228, 4114568, 87544, 4296552, 91416, 4391116, 93428, 4607316, 98028, 4809228, 102324, 4927292, 104836, 5113976, 108808, 5232228, 111324, 5431696, 115568, 5679480, 120840, 5809764, 123612, 5939672, 126376, 6191968, 131744, 6333156, 134748, 6612712, 140696, 6832108, 145364, 7103392, 151136, 7352116, 156428, 7546320, 160560, 7732064, 164512, 7934352, 168816, 8225940, 175020, 8523732, 181356, 8799528, 187224, 9059156, 192748, 9255052, 196916, 9555852, 203316, 9888236, 210388, 10148992, 215936, 10421592, 221736, 10759804, 228932, 11120952, 236616, 11414232, 242856, 11679124, 248492, 11937060, 253980, 12313812, 261996, 12632472, 268776, 12995688, 276504, 13281636, 282588, 13639776, 290208, 14024424, 298392, 14436144, 307152, 14765332, 314156, 15104672, 321376, 15542524, 330692, 7036, 441612, 9396, 586372, 12476, 664956, 14148, 682252, 14516, 822688, 17504, 903152, 19216, 1048288, 22304, 1152440, 24520, 1280844, 27252, 1430868, 30444, 1571492, 33436, 1664740, 35420, 1791452, 38116, 1974376, 42008, 2132860, 45380, 2256940, 48020, 2408844, 51252, 2529352, 53816, 2586316, 55028, 2760968, 58744, 2948780, 62740, 3143736, 66888, 3232660, 68780, 3361252, 71516, 3524060, 74980, 3646260, 77580, 3818280, 81240, 3975072, 84576, 4132052, 87916, 4301816, 91528, 4453156, 94748, 4683268, 99644, 4795504, 102032, 5029752, 107016, 5275280, 112240, 5400112, 114896, 5603152, 119216, 5797920, 123360, 6022016, 128128, 6169032, 131256, 6401024, 136192, 6641100, 141300, 6839064, 145512, 3096, 277676, 5908, 387468, 8244, 455524, 9692, 496696, 10568, 633184, 13472, 741096, 15768, 829268, 17644, 906724, 19292, 995272, 21176, 1098296, 23368, 1149996, 24468, 1262608, 26864, 1374468, 29244, 1435192, 30536, 1569612, 33396, 1684856, 35848, 1827736, 38888, 1926436, 40988, 1980016, 42128, 2072512, 44096, 2148088, 45704, 2256752, 48016, 2396060, 50980, 2547776, 54208, 2655500, 56500, 2730888, 58104, 2826768, 60144, 2984500, 63500, 3057444, 65052, 3135088, 66704, 3236420, 68860, 3321020, 70660, 3451492, 73436, 3594184, 76472, 3680100, 78300, 3900060, 82980, 4061740, 86420, 4255192, 90536, 4389800, 93400, 4517828, 96124, 4642284, 98772, 4819756, 102548, 5051372, 107476, 5265880, 112040, 5500692, 117036, 5636616, 119928, 5854132, 124556, 5997576, 127608, 6134628, 130524, 6280892, 133636, 6461748, 137484, 6627564, 141012, 6806352, 144816, 6979500, 148500, 7212996, 153468, 7407388, 157604, 7605916, 161828, 7789780, 165740, 8012184, 170472, 8192100, 174300, 8441952, 179616, 8712860, 185380, 8936016, 190128, 9167068, 195044, 9491180, 201940, 9781264, 208112, 10124740, 215420, 10399972, 221276, 4708, 251168, 5344, 360396, 7668, 390100, 8300, 486544, 10352, 534672, 11376, 552344, 11752, 570392, 12136, 614008, 13064, 768732, 16356, 348, 76516, 1628, 172584, 3672, 195144, 4152, 249664, 5312, 258124, 5492, 389536, 8288, 448192, 9536, 589944, 12552, 611940, 13020, 628108, 13364, 691840, 14720, 734892, 15636, 851264, 18112, 922892, 19636, 1059004, 22532, 1141348, 24284, 1266368, 26944, 1334236, 28388, 604, 154912, 3296, 177096, 3768, 206048, 4384, 251356, 5348, 373180, 7940, 519632, 11056, 565316, 12028, 712708, 15164, 822312, 17496, 877584, 18672, 937180, 19940, 994896, 21168, 1072728, 22824, 1186844, 25252, 1253020, 26660, 1314308, 27964, 1487080, 31640, 1547052, 32916, 1630336, 34688, 1671320, 35560, 1795024, 38192, 1921360, 40880, 2078716, 44228, 2126092, 45236, 2240584, 47672, 2332328, 49624, 2504724, 53292, 2687084, 57172, 2807216, 59728, 2986568, 63544, 1352, 178224, 3792, 282752, 6016, 128, 113176, 2408, 150212, 3196]
47,1,85,[88, 167978, 3574, 179540, 3820, 235282, 5006, 336144, 7152, 375248, 7984, 546986, 11638, 674450, 14350, 748710, 15930, 940376, 20008, 1092186, 23238, 1195304, 25432, 1240706, 26398, 1390918, 29594, 1544326, 32858, 1597154, 33982, 1635130, 34790, 1709860, 36380, 1754228, 37324, 1815516, 38628, 2017898, 42934, 2152694, 45802, 2294352, 48816, 2462988, 52404, 2699116, 57428, 2920298, 62134, 1322, 87420, 1860, 197118, 4194, 245246, 5218, 254458, 5414, 295818, 6294, 473854, 10082, 579792, 12336, 679996, 14468, 850230, 18090, 1036068, 22044, 1062106, 22598, 1236476, 26308, 1402574, 29842, 1608152, 34216, 728, 126806, 2698, 205390, 4370, 393484, 8372, 425820, 9060, 578664, 12312, 770706, 16398, 954852, 20316, 1023096, 21768, 1072822, 22826, 1219462, 25946, 1253396, 26668, 1355950, 28850, 1540566, 32778, 1649230, 35090, 1796152, 38216, 1854338, 39454, 1977666, 42078, 2071666, 44078, 2271510, 48330, 2375756, 50548, 2518166, 53578, 2751474, 58542, 2917854, 62082, 3147684, 66972, 3390392, 72136, 3614300, 76900, 3723152, 79216, 3886242, 82686, 4020850, 85550, 4146340, 88220, 4238554, 90182, 4472520, 95160, 4695488, 99904, 4911218, 104494, 5067634, 107822, 5191432, 110456, 5325852, 113316, 5622892, 119636, 5826402, 123966, 6058206, 128898, 6282960, 133680, 6464568, 137544, 6689980, 142340, 6928176, 147408, 7139488, 151904, 3232, 298920, 6360, 365190, 7770, 432870, 9210, 621810, 13230, 726902, 15466, 754350, 16050, 862262, 18346, 944512, 20096, 1072446, 22818, 1187126, 25258, 1288270, 27410, 1351626, 28758, 1544138, 32854, 1580986, 33638, 1746426, 37158, 1895416, 40328, 1943732, 41356, 2156830, 45890, 2274612, 48396, 2454810, 52230, 2558962, 54446, 2693288, 57304, 2794526, 59458, 2865966, 60978, 3002830, 63890, 3134618, 66694, 3205306, 68198, 3277498, 69734, 3479034, 74022, 3728792, 79336, 1688, 252766, 5378, 338024, 7192, 349210, 7430, 372616, 7928, 508352, 10816, 543132, 11556, 718442, 15286, 777662, 16546, 802196, 17068, 847222, 18026, 965098, 20534, 1153380, 24540, 1201884, 25572, 1243432, 26456, 1437636, 30588, 1619996, 34468, 1722362, 36646, 1890810, 40230, 2110770, 44910, 2255530, 47990, 2315502, 49266, 2404708, 51164, 2567704, 54632, 2694228, 57324, 2875366, 61178, 3060358, 65114, 3201358, 68114, 3313406, 70498, 3563634, 75822, 3683390, 78370, 3845634, 81822, 4095204, 87132, 4346090, 92470, 4522434, 96222, 4670578, 99374, 4833856, 102848, 4984632, 106056, 5186544, 110352, 5468638, 116354, 5700818, 121294, 5957908, 126764, 6104642, 129886, 6334378, 134774, 6569002, 139766, 6848558, 145714, 7050188, 150004, 7308030, 155490, 7519436, 159988, 3404, 243272, 5176, 272412, 5796, 338118, 7194, 357294, 7602, 504686, 10738, 603292, 12836, 636098, 13534, 829362, 17646, 930882, 19806, 1026574, 21842, 1184212, 25196, 1225384, 26072, 1387252, 29516, 628, 98042, 2086, 172020, 3660, 339434, 7222, 470470, 10010, 664204, 14132, 806144, 17152, 999032, 21256, 1068216, 22728, 1198782, 25506, 1352096, 28768, 1396840, 29720, 1490464, 31712, 1657972, 35276, 1797092, 38236, 1935178, 41174, 1984340, 42220, 2082476, 44308, 2262580, 48140, 2358648, 50184, 2548622, 54226, 2742638, 58354, 2908830, 61890, 3122492, 66436, 3288778, 69974, 3510524, 74692, 3621162, 77046, 3750130, 79790, 3953734, 84122, 4193622, 89226, 4362728, 92824, 4639276, 98708, 4769936, 101488, 4931334, 104922, 5108148, 108684, 5296712, 112696, 5557186, 118238, 5807226, 123558, 6098532, 129756, 6372072, 135576, 6619480, 140840, 6872152, 146216, 7202092, 153236, 7419232, 157856, 7696908, 163764, 7924576, 168608, 8169070, 173810, 8358856, 177848, 3784, 277488, 5904, 399218, 8494, 543508, 11564, 563060, 11980, 742788, 15804, 806520, 17160, 843650, 17950, 1033342, 21986, 1203106, 25598, 1348524, 28692, 1465084, 31172, 1540190, 32770, 1616894, 34402, 1831026, 38958, 2037732, 43356, 2168956, 46148, 2378858, 50614, 2597220, 55260, 2792270, 59410, 2859668, 60844, 3024356, 64348, 3108674, 66142, 3226738, 68654, 3431188, 73004, 3556114, 75662, 3787542, 80586, 3979960, 84680, 4196442, 89286, 4417530, 93990, 4659298, 99134, 4802366, 102178, 2174, 152280, 3240, 331256, 7048, 518034, 11022, 624912, 13296, 805956, 17148, 982864, 20912, 1179512, 25096, 1384338, 29454, 1541600, 32800, 1738154, 36982, 1934896, 41168, 2147806, 45698, 2249420, 47860, 2353196, 50068, 2455186, 52238, 2591298, 55134, 2658414, 56562, 2798850, 59550, 2862394, 60902, 3071074, 65342, 3184344, 67752, 3351946, 71318, 3499150, 74450, 3581588, 76204, 3725690, 79270, 3916792, 83336, 4020098, 85534, 4269386, 90838, 4496020, 95660, 4651590, 98970, 4890350, 104050, 5150166, 109578, 5343618, 113694, 5461306, 116198, 5633420, 119860, 5793220, 123260, 6020324, 128092, 6216314, 132262, 6364552, 135416, 6535914, 139062, 6818760, 145080, 7115612, 151396, 7302954, 155382, 3306, 222592, 4736, 371112, 7896, 168, 115902, 2466, 206236, 4388, 278522, 5926, 300424, 6392, 136, 174276, 3708, 345732, 7356, 448944, 9552, 502430, 10690, 596994, 12702, 657624, 13992, 803418, 17094, 952314, 20262, 992546, 21118, 1073574, 22842, 486, 87232, 1856, 180950, 3850, 356542, 7586, 440014, 9362, 485322, 10326, 627450, 13350, 648788, 13804, 794394, 16902, 927122, 19726, 1078650, 22950, 1157516, 24628, 524, 53110, 1130, 62228, 1324, 95504, 2032, 141470, 3010, 152468, 3244, 159706, 3398, 219020, 4660, 251638, 5354, 428734, 9122, 453832, 9656, 547362, 11646, 706786, 15038, 901554, 19182, 944700, 20100, 1088614, 23162, 1263548, 26884, 572, 59408, 1264, 228420, 4860, 309166, 6578, 495474, 10542, 561932, 11956, 645780, 13740, 723424, 15392, 830678, 17674, 856340, 18220, 998374, 21242, 1199346, 25518, 1400600, 29800, 1438388, 30604, 1496950, 31850, 1652614, 35162, 1711740, 36420, 1915908, 40764, 2016582, 42906, 2227236, 47388, 2322552, 49416, 2447854, 52082, 2523900, 53700, 2681444, 57052, 2902250, 61750, 3119766, 66378, 3242060, 68980, 3434854, 73082, 3683672, 78376, 3869886, 82338, 4115978, 87574, 4255474, 90542, 4425896, 94168, 4627902, 98466, 4730362, 100646, 4906894, 104402, 5071206, 107898, 5310906, 112998, 5463844, 116252, 5663970, 120510, 5792468, 123244, 5955652, 126716, 6098344, 129752, 6355904, 135232, 6543058, 139214, 2962, 146170, 3110, 181232, 3856, 193076, 4108, 273070, 5810, 394706, 8398, 530912, 11296, 606112, 12896, 690900, 14700, 849384, 18072, 963312, 20496, 999784, 21272, 1132888, 24104, 1316752, 28016, 1360744, 28952, 616, 49538, 1054, 130472, 2776, 145230, 3090, 288110, 6130, 374120, 7960, 449978, 9574, 591354, 12582, 735738, 15654, 763374, 16242, 887454, 18882, 1046126, 22258, 1176222, 25026, 1289116, 27428, 1424382, 30306, 1606460, 34180, 1684574, 35842, 1832248, 38984, 1955106, 41598, 2008686, 42738, 2111334, 44922, 2304034, 49022, 2357050, 50150, 2411194, 51302, 2562346, 54518, 2796594, 59502, 1266, 236504, 5032, 253518, 5394, 402696, 8568, 467180, 9940, 568982, 12106, 688926, 14658, 867338, 18454, 1005612, 21396, 1070942, 22786, 1245500, 26500, 1427766, 30378, 1522048, 32384, 1558426, 33158, 1683446, 35818, 1735240, 36920, 1872010, 39830, 1995714, 42462, 2122050, 45150, 2287020, 48660, 2395590, 50970, 2534428, 53924, 2648262, 56346, 2864368, 60944, 3053120, 64960, 3142044, 66852, 3280788, 69804, 3386538, 72054, 3470574, 73842, 3564386, 75838, 3748062, 79746, 3963604, 84332, 4103852, 87316, 4338946, 92318, 4471204, 95132, 4582312, 97496, 4751700, 101100, 4864782, 103506, 5016216, 106728, 5274716, 112228, 5542710, 117930, 5688598, 121034, 5845578, 124374, 6017880, 128040, 6193848, 131784, 6497374, 138242, 6695526, 142458, 6841978, 145574, 7047462, 149946, 7261312, 154496, 7443766, 158378, 7741934, 164722, 8042452, 171116, 8357352, 177816, 8595078, 182874, 8953688, 190504, 9196114, 195662, 9395770, 199910, 9671566, 205778, 9925272, 211176, 10156418, 216094, 10512302, 223666, 10895728, 231824, 11207432, 238456, 11545738, 245654, 11919200, 253600, 12312590, 261970, 12730326, 270858, 13176920, 280360, 13477250, 286750, 13775982, 293106, 14125004, 300532, 14481452, 308116, 14913382, 317306, 15266634, 324822, 15611426, 332158, 15979530, 339990, 16475286, 350538, 16873752, 359016, 17352588, 369204, 17797678, 378674, 18344100, 390300, 18782328, 399624, 19301772, 410676, 19860226, 422558, 20394616, 433928, 20924400, 445200, 21433504, 456032, 22041308, 468964, 22690002, 482766, 23288594, 495502, 23895928, 508424, 24504202, 521366, 25193316, 536028, 25889104, 550832, 26595702, 565866, 27293370, 580710, 27973930, 595190, 28684946, 610318, 29387126, 625258, 30080282, 640006, 30748246, 654218, 31502314, 670262, 32340324, 688092, 33076344, 703752, 33863970, 720510, 15330, 767792, 16336, 891966, 18978, 1058722, 22526, 1133170, 24110, 1341004, 28532, 1381518, 29394, 1486798, 31634, 1530414, 32562, 1714748, 36484, 1799160, 38280, 1925308, 40964, 2074110, 44130, 2293976, 48808, 2430652, 51716, 2546272, 54176, 2728256, 58048, 2798286, 59538, 3001608, 63864, 3217244, 68452, 3365576, 71608, 3545022, 75426, 3772220, 80260, 3976294, 84602, 4068884, 86572, 4335186, 92238, 4523280, 96240, 4743334, 100922, 4896178, 104174, 5088220, 108260, 5272366, 112178, 5528328, 117624, 5765772, 122676, 5912412, 125796, 6134064, 130512, 6424336, 136688, 6608952, 140616, 6905334, 146922, 3126, 245904, 5232, 311046, 6618, 469436, 9988, 575280, 12240, 667400, 14200, 705564, 15012, 796462, 16946, 917252, 19516, 980702, 20866, 1181298, 25134, 1350216, 28728, 1422878, 30274, 1477116, 31428, 1636352, 34816, 1814952, 38616, 1969394, 41902, 2111146, 44918, 2287866, 48678, 2468346, 52518, 2596750, 55250, 2751850, 58550, 2950190, 62770, 3112810, 66230, 3206998, 68234, 3423010, 72830, 3603678, 76674, 3748250, 79750, 3979772, 84676, 4180274, 88942, 4341108, 92364, 4469418, 95094, 4616434, 98222, 4870422, 103626, 5125820, 109060, 5314760, 113080, 5607570, 119310, 5822736, 123888, 6118366, 130178, 6388334, 135922, 6703986, 142638, 7006384, 149072, 7295246, 155218, 7546320, 160560, 7738832, 164656, 7963398, 169434, 8316556, 176948, 8653264, 184112, 8889298, 189134, 9102396, 193668, 9407896, 200168, 9775812, 207996, 10067682, 214206, 10389726, 221058, 10678682, 227206, 10937840, 232720, 11262422, 239626, 11581928, 246424, 11840334, 251922, 12100244, 257452, 12489498, 265734, 12926974, 275042, 13381746, 284718, 13822230, 294090, 14160254, 301282, 14509464, 308712, 14882080, 316640, 15202714, 323462, 15558128, 331024, 15901134, 338322, 16303360, 346880, 16730120, 355960, 17201906, 365998, 17603850, 374550, 18006358, 383114, 18457370, 392710, 18949930, 403190, 19448976, 413808, 19942664, 424312, 20538718, 436994, 21115502, 449266, 21724528, 462224, 22290596, 474268, 22916636, 487588, 23444164, 498812, 23946970, 509510, 24576300, 522900, 25199050, 536150, 25819074, 549342, 26392380, 561540, 27077734, 576122, 27825598, 592034, 28505500, 606500, 29159928, 620424, 29876208, 635664, 30655656, 652248, 31423730, 668590, 32152230, 684090, 32856290, 699070, 33711126, 717258, 34580156, 735748, 35355844, 752252, 36175994, 769702, 37065516, 788628, 37914054, 806682, 38804610, 825630, 39742072, 845576, 40771372, 867476, 41814584, 889672, 42740202, 909366, 43689508, 929564, 44798802, 953166, 45775932, 973956, 46837756, 996548, 47862262, 1018346, 49056344, 1043752, 50191958, 1067914, 51367710, 1092930, 52616406, 1119498, 53755874, 1143742, 55075352, 1171816, 56295096, 1197768, 57572744, 1224952, 58949468, 1254244, 60211700, 1281100, 61576674, 1310142, 62954714, 1339462, 64330122, 1368726, 65854614, 1401162, 67435506, 1434798, 68986130, 1467790, 70561758, 1501314, 72222832, 1536656, 73911260, 1572580, 75511798, 1606634, 77250234, 1643622, 79021664, 1681312, 80814808, 1719464, 82598176, 1757408, 84479398, 1797434, 86328754, 1836782, 88253404, 1877732, 90270926, 1920658, 92203566, 1961778, 94345074, 2007342, 96428302, 2051666, 98567836, 2097188, 100669018, 2141894, 102850852, 2188316, 105210910, 2238530, 107505356, 2287348, 109976428, 2339924, 112432178, 2392174, 114884262, 2444346, 117396506, 2497798, 120014124, 2553492, 122683442, 2610286, 55538, 2789638, 59354, 3008752, 64016, 3080756, 65548, 3266124, 69492, 3439460, 73180, 3516634, 74822, 3771186, 80238, 3887370, 82710, 4117858, 87614, 4229436, 89988, 4439244, 94452, 4649522, 98926, 4900220, 104260, 5060396, 107668, 5319836, 113188, 5480952, 116616, 5633514, 119862, 5801304, 123432, 5964676, 126908, 6123536, 130288, 6269800, 133400, 6459116, 137428, 2924, 180292, 3836, 299954, 6382, 454114, 9662, 571614, 12162, 727560, 15480, 810938, 17254, 848162, 18046, 1045938, 22254, 1160054, 24682, 1212694, 25802, 1422220, 30260, 1608246, 34218, 1650452, 35116, 1713526, 36458, 1881786, 40038, 2085578, 44374, 2153916, 45828, 2211726, 47058, 2302718, 48994, 2431592, 51736, 2627112, 55896, 2734930, 58190, 2809096, 59768, 2992678, 63674, 3200136, 68088, 3396032, 72256, 3536186, 75238, 3763196, 80068, 3951102, 84066, 4154988, 88404, 4419128, 94024, 4609008, 98064, 4794940, 102020, 5016780, 106740, 5135502, 109266, 5396540, 114820, 5695084, 121172, 5840220, 124260, 6120246, 130218, 6362296, 135368, 6529616, 138928, 6840286, 145538, 7089668, 150844, 7324386, 155838, 7612026, 161958, 7945726, 169058, 8298508, 176564, 8602880, 183040, 8873788, 188804, 9082562, 193246, 9391634, 199822, 9691306, 206198, 9933450, 211350, 10296572, 219076, 10551594, 224502, 10895916, 231828, 11223600, 238800, 11622160, 247280, 11921362, 253646, 12310804, 261932, 12576730, 267590, 12920206, 274898, 13362852, 284316, 13699090, 291470, 14082422, 299626, 14386042, 306086, 14779996, 314468, 15246236, 324388, 15734378, 334774, 16228912, 345296, 16710004, 355532, 17161392, 365136, 17686288, 376304, 18150460, 386180, 18648472, 396776, 19053236, 405388, 19510546, 415118, 19981580, 425140, 20506570, 436310, 20978826, 446358, 21608908, 459764, 22108612, 470396, 22658888, 482104, 23240842, 494486, 23919052, 508916, 10828, 591636, 12588, 759990, 16170, 784148, 16684, 984556, 20948, 1137306, 24198, 1321264, 28112, 1373340, 29220, 1534362, 32646, 1678840, 35720, 760, 68432, 1456, 253612, 5396, 410780, 8740, 599250, 12750, 663922, 14126, 781892, 16636, 978258, 20814, 1158832, 24656, 1295320, 27560, 1394772, 29676, 1500334, 31922, 1568202, 33366, 1773310, 37730, 1954824, 41592, 2172152, 46216, 2278278, 48474, 2394650, 50950, 2453588, 52204, 2641588, 56204, 2853558, 60714, 3062050, 65150, 3159152, 67216, 3250332, 69156, 3395374, 72242, 3479598, 74034, 3589578, 76374, 3849676, 81908, 4067380, 86540, 4205842, 89486, 4475058, 95214, 4726038, 100554, 4910466, 104478, 5190680, 110440, 5448898, 115934, 5692640, 121120, 5817754, 123782, 6065350, 129050, 6334190, 134770, 6552834, 139422, 6772136, 144088, 7048026, 149958, 7309816, 155528, 7485314, 159262, 7748420, 164860, 8037094, 171002, 8272000, 176000, 8575808, 182464, 8798212, 187196, 9153156, 194748, 9455742, 201186, 9760772, 207676, 10088268, 214644, 10470660, 222780, 4740, 387280, 8240, 455430, 9690, 497072, 10576, 511642, 10886, 638354, 13582, 835660, 17780, 909356, 19348, 1052518, 22394, 1162780, 24740, 1259412, 26796, 1310172, 27876, 1358018, 28894, 1530696, 32568, 1739000, 37000, 1819934, 38722, 2022410, 43030, 2165290, 46070, 2251300, 47900, 2327158, 49514, 2468534, 52522, 2612918, 55594, 2828272, 60176, 2952352, 62816, 3111024, 66192, 3241120, 68960, 3354014, 71362, 3489280, 74240, 3671358, 78114, 1662, 147674, 3142, 310576, 6608, 429016, 9128, 478084, 10172, 568136, 12088, 616170, 13110, 805016, 17128, 902024, 19192, 985120, 20960, 1185810, 25230, 1362812, 28996, 1567544, 33352, 1716722, 36526, 1781206, 37898, 1883008, 40064, 2002952, 42616, 2181364, 46412, 2319638, 49354, 2384968, 50744, 2559526, 54458, 2741792, 58336, 2836074, 60342, 3060170, 65110, 3185190, 67770, 3424702, 72866, 3561472, 75776, 3685176, 78408, 3811512, 81096, 3976482, 84606, 4085052, 86916, 4223890, 89870, 4337724, 92292, 4553830, 96890, 4742582, 100906, 5019224, 106792, 5157968, 109744, 5451436, 115988, 5723190, 121770, 6004720, 127760, 6188396, 131668, 6403938, 136254, 6544186, 139238, 6779280, 144240, 7099256, 151048, 7398082, 157406, 7567470, 161010, 7868270, 167410, 8207422, 174626, 8465922, 180126, 8733916, 185828, 9067522, 192926, 9412220, 200260, 9772240, 207920, 10135926, 215658, 10439452, 222116, 10825322, 230326, 11159492, 237436, 11552694, 245802, 11954262, 254346, 12324434, 262222, 12622602, 268566, 12923120, 274960, 13238020, 281660, 13663464, 290712, 14022074, 298342, 14452218, 307494, 14839592, 315736, 15303106, 325598, 15744530, 334990, 16163394, 343902, 16519278, 351474, 16902704, 359632, 17402126, 370258, 17928150, 381450, 18489330, 393390, 8370, 417736, 8888, 446594, 9502, 488048, 10384, 674168, 14344, 724458, 15414, 919602, 19566, 995084, 21172, 1104124, 23492, 1283382, 27306, 1494412, 31796, 1622064, 34512, 1712492, 36436, 1792862, 38146, 1946834, 41422, 2048166, 43578, 2127690, 45270, 2208906, 46998, 2435634, 51822, 2599288, 55304, 2782400, 59200, 2949438, 62754, 3048138, 64854, 3276746, 69718, 3414362, 72646, 3610822, 76826, 3799480, 80840, 1720, 194392, 4136]
47,1,90,[64, 74965, 1595, 262636, 5588, 445842, 9486, 620259, 13197, 789929, 16807, 925148, 19684, 1105534, 23522, 1222094, 26002, 1294615, 27545, 1334847, 28401, 1418225, 30175, 1452629, 30907, 1601948, 34084, 1674093, 35619, 1878872, 39976, 2028802, 43166, 2156548, 45884, 2253180, 47940, 1020, 188517, 4011, 260192, 5536, 422201, 8983, 456558, 9714, 601600, 12800, 682064, 14512, 848820, 18060, 917628, 19524, 1017503, 21649, 1161793, 24719, 1372588, 29204, 1473685, 31355, 1530414, 32562, 1723678, 36674, 1819558, 38714, 1997829, 42507, 2120687, 45121, 2170037, 46171, 2288101, 48683, 2497486, 53138, 2669036, 56788, 2776572, 59076, 3021724, 64292, 3267863, 69529, 3405056, 72448, 3566313, 75879, 3731001, 79383, 1689, 267148, 5684, 458908, 9764, 616687, 13121, 663640, 14120, 762340, 16220, 799705, 17015, 820949, 17467, 965286, 20538, 1180358, 25114, 1273136, 27088, 1367888, 29104, 1443511, 30713, 1567262, 33346, 1697875, 36125, 1856641, 39503, 1993411, 42413, 2116175, 45025, 2355734, 50122, 2490436, 52988, 2623775, 55825, 2831844, 60252, 3082401, 65583, 3224106, 68598, 3398429, 72307, 3559545, 75735, 3711402, 78966, 3815742, 81186, 3968821, 84443, 4184363, 89029, 4319911, 91913, 4530236, 96388, 4787326, 101858, 4927245, 104835, 5137805, 109315, 5416280, 115240, 5713367, 121561, 5915279, 125857, 6201838, 131954, 6439517, 137011, 6601902, 140466, 6869238, 146154, 7146491, 152053, 7332376, 156008, 7551819, 160677, 7843595, 166885, 8158495, 173585, 8391286, 178538, 8705152, 185216, 9042612, 192396, 9340733, 198739, 9636739, 205037, 9939043, 211469, 10218176, 217408, 10575141, 225003, 10859350, 231050, 11280705, 240015, 11660277, 248091, 12014093, 255619, 12409269, 264027, 12791708, 272164, 13207658, 281014, 13492901, 287083, 13809587, 293821, 14204904, 302232, 14600174, 310642, 14991167, 318961, 15390479, 327457, 15751768, 335144, 16230698, 345334, 16681757, 354931, 17180474, 365542, 17643283, 375389, 7987, 569452, 12116, 738041, 15703, 774889, 16487, 947849, 20167, 984932, 20956, 1179277, 25091, 1373528, 29224, 1559225, 33175, 1761560, 37480, 1887849, 40167, 2050657, 43631, 2157723, 45909, 2360105, 50215, 2490671, 52993, 2645160, 56280, 2790249, 59367, 2874990, 61170, 3033427, 64541, 3140258, 66814, 3321255, 70665, 3493416, 74328, 3656553, 77799, 3793558, 80714, 3937707, 83781, 4135671, 87993, 4261725, 90675, 4403148, 93684, 4551809, 96847, 4762839, 101337, 4885321, 103943, 5099218, 108494, 5283834, 112422, 5586561, 118863, 2529, 282094, 6002, 427653, 9099, 555164, 11812, 630411, 13413, 719946, 15318, 917111, 19513, 970456, 20648, 1054539, 22437, 1153098, 24534, 522, 46201, 983, 229031, 4873, 369232, 7856, 406691, 8653, 436489, 9287, 564188, 12004, 656543, 13969, 712802, 15166, 863296, 18368, 1042366, 22178, 1237933, 26339, 1344623, 28609, 1512789, 32187, 1709907, 36381, 1758975, 37425, 1851377, 39391, 1911913, 40679, 2054088, 43704, 2271181, 48323, 2349107, 49981, 2483668, 52844, 2604176, 55408, 2837202, 60366, 2973690, 63270, 3070792, 65336, 3161502, 67266, 3266829, 69507, 3509725, 74675, 3749331, 79773, 3888310, 82730, 4013330, 85390, 4259422, 90626, 4392338, 93454, 4561914, 97062, 4688579, 99757, 4885603, 103949, 5124880, 109040, 2320, 183253, 3899, 377457, 8031, 558877, 11891, 253, 88266, 1878, 280449, 5967, 476721, 10143, 647566, 13778, 690947, 14701, 862121, 18343, 935441, 19903, 1048382, 22306, 1189100, 25300, 1273606, 27098, 1410658, 30014, 1559084, 33172, 1748729, 37207, 1912806, 40698, 2135351, 45433, 2311883, 49189, 2475255, 52665, 2633645, 56035, 2736199, 58217, 2925515, 62245, 3059653, 65099, 3141668, 66844, 3250802, 69166, 3442609, 73247, 3604665, 76695, 3842062, 81746, 3978785, 84655, 4097272, 87176, 4345150, 92450, 4441829, 94507, 4692809, 99847, 4873007, 103681, 5171222, 110026, 5475782, 116506, 5761448, 122584, 5917864, 125912, 6238310, 132730, 6379498, 135734, 6705537, 142671, 6958162, 148046, 7288055, 155065, 7493868, 159444, 7737892, 164636, 8080146, 171918, 8416995, 179085, 8659515, 184245, 8864905, 188615, 9070436, 192988, 9288798, 197634, 9680966, 205978, 9988440, 212520, 10340517, 220011, 10577444, 225052, 10870160, 231280, 11270600, 239800, 11535774, 245442, 11815048, 251384, 12184844, 259252, 5516, 336661, 7163, 424175, 9025, 437429, 9307, 450965, 9595, 490163, 10429, 678210, 14430, 696869, 14827, 804734, 17122, 881062, 18746, 1068968, 22744, 1273559, 27097, 1406381, 29923, 1567403, 33349, 1710706, 36398, 1831684, 38972, 1908717, 40611, 1962015, 41745, 2041821, 43443, 2148699, 45717, 2333973, 49659, 2497815, 53145, 2698975, 57425, 2917102, 62066, 3089122, 65726, 3239428, 68924, 3401390, 72370, 3630233, 77239, 3783594, 80502, 4024798, 85634, 1822, 239700, 5100, 346296, 7368, 505908, 10764, 520901, 11083, 692686, 14738, 821607, 17481, 1025164, 21812, 1063892, 22636, 1209169, 25727, 1311018, 27894, 1436179, 30557, 1496339, 31837, 1604298, 34134, 1689180, 35940, 1860448, 39584, 1942322, 41326, 2038625, 43375, 2255389, 47987, 1021, 192794, 4102, 251873, 5359, 261461, 5563, 338917, 7211, 430708, 9164, 634406, 13498, 685965, 14595, 806285, 17155, 365, 169764, 3612, 342536, 7288, 362511, 7713, 391369, 8327, 433528, 9224, 493500, 10500, 584351, 12433, 702509, 14947, 721685, 15355, 876597, 18651, 1060179, 22557, 1268812, 26996, 1371930, 29190, 1413807, 30081, 1448117, 30811, 1588882, 33806, 1677665, 35695, 1806398, 38434, 1992847, 42401, 2064851, 43933, 2256799, 48017, 2431686, 51738, 2644126, 56258, 2894918, 61594, 3058008, 65064, 3190736, 67888, 3343204, 71132, 3503145, 74535, 3746840, 79720, 3860392, 82136, 4056711, 86313, 4231833, 90039, 4465658, 95014, 4674855, 99465, 4829297, 102751, 4970109, 105747, 5261932, 111956, 5382346, 114518, 5606818, 119294, 5759944, 122552, 5979763, 127229, 2707, 248348, 5284, 338212, 7196, 366553, 7799, 560428, 11924, 711909, 15147, 782033, 16639, 802901, 17083, 913022, 19426, 995883, 21189, 1182003, 25149, 1224068, 26044, 1275486, 27138, 1382975, 29425, 1425087, 30321, 1480782, 31506, 1579952, 33616, 1660087, 35321, 1796904, 38232, 1923945, 40935, 2155185, 45855, 2327910, 49530, 2542371, 54093, 2778311, 59113, 2981210, 63430, 3158823, 67209, 3420566, 72778, 3586382, 76306, 3768413, 80179, 4034668, 85844, 4213550, 89650, 4392009, 93447, 4531975, 96425, 4746812, 100996, 5016968, 106744, 5153315, 109645, 5436349, 115667, 2461, 190021, 4043, 198293, 4219, 354756, 7548, 480716, 10228, 613585, 13055, 778884, 16572, 913868, 19444, 1072869, 22827, 1231024, 26192, 1312193, 27919, 1344341, 28603, 1487127, 31641, 1561058, 33214, 1729600, 36800, 1960934, 41722, 2142213, 45579, 2340036, 49788, 2453259, 52197, 2619639, 55737, 2852994, 60702, 3019421, 64243, 3257053, 69299, 3415161, 72663, 3492053, 74299, 3731283, 79389, 3836046, 81618, 4027618, 85694, 4168289, 88687, 4447281, 94623, 4592652, 97716, 4703055, 100065, 4811578, 102374, 4947784, 105272, 5217987, 111021, 5358611, 114013, 5633326, 119858, 5787016, 123128, 6058159, 128897, 6284323, 133709, 6591421, 140243, 6909282, 147006, 7212761, 153463, 7400056, 157448, 7747809, 164847, 7988778, 169974, 8251790, 175570, 8533085, 181555, 8888029, 189107, 9187090, 195470, 9568636, 203588, 9903323, 210709, 10147864, 215912, 10537165, 224195, 10782505, 229415, 11045752, 235016, 11348432, 241456, 11661781, 248123, 11952194, 254302, 12341824, 262592, 12617103, 268449, 13020880, 277040, 13390958, 284914, 6062, 485510, 10330, 652313, 13879, 725398, 15434, 816954, 17382, 999267, 21261, 1092421, 23243, 1221389, 25987, 1429223, 30409, 647, 183300, 3900, 381734, 8122, 550558, 11714, 608791, 12953, 740156, 15748, 768591, 16353, 971020, 20660, 1105863, 23529, 1252033, 26639, 1435145, 30535, 1601008, 34064, 1787316, 38028, 1846489, 39287, 2063394, 43902, 2124212, 45196, 2292049, 48767, 2459228, 52324, 2566529, 54607, 2790296, 59368, 2879267, 61261, 3025108, 64364, 3178281, 67623, 3402377, 72391, 3521287, 74921, 3608895, 76785, 3829466, 81478, 4025127, 85641, 4140371, 88093, 4291899, 91317, 4565063, 97129, 4776375, 101625, 4924519, 104777, 5088502, 108266, 5302493, 112819, 5495663, 116929, 5781752, 123016, 5976661, 127163, 6222236, 132388, 6506868, 138444, 6767953, 143999, 7072654, 150482, 7371151, 156833, 7701373, 163859, 7937125, 168875, 8122916, 172828, 8333805, 177315, 8642219, 183877, 8881073, 188959, 9150383, 194689, 9408507, 200181, 9642520, 205160, 9868825, 209975, 10188754, 216782, 10481658, 223014, 10899206, 231898, 4934, 431366, 9178, 495521, 10543, 569499, 12117, 742318, 15794, 766570, 16310, 787109, 16747, 867291, 18453, 1008385, 21455, 1127107, 23981, 1197607, 25481, 1252691, 26653, 1296260, 27580, 1484542, 31586, 1524586, 32438, 1590856, 33848, 1658536, 35288, 1854526, 39458, 1999709, 42547, 2093004, 44532, 2234803, 47549, 2417680, 51440, 2562158, 54514, 2790061, 59363, 2857882, 60806, 3066703, 65249, 3186929, 67807, 3394293, 72219, 3580695, 76185, 3847185, 81855, 4047452, 86116, 4184316, 89028, 4315634, 91822, 4538555, 96565, 4749303, 101049, 5044886, 107338, 5308697, 112951, 5463938, 116254, 5677459, 120797, 5827859, 123997, 5998375, 127625, 6210580, 132140, 6439987, 137021, 6644672, 141376, 3008]
